#
# A fatal error has been detected by the Java Runtime Environment:
#
#  SIGSEGV (0xb) at pc=0x00007ad6b080c7fd, pid=11778, tid=11778
#
# JRE version: OpenJDK Runtime Environment (21.0.7+6) (build 21.0.7+6-Ubuntu-0ubuntu122.04)
# Java VM: OpenJDK 64-Bit Server VM (21.0.7+6-Ubuntu-0ubuntu122.04, mixed mode, sharing, tiered, compressed oops, compressed class ptrs, g1 gc, linux-amd64)
# Problematic frame:
# C  [libc.so.6+0x19d7fd]
#
# No core dump will be written. Core dumps have been disabled. To enable core dumping, try "ulimit -c unlimited" before starting Java again
#
# If you would like to submit a bug report, please visit:
#   https://bugs.launchpad.net/ubuntu/+source/openjdk-21
# The crash happened outside the Java Virtual Machine in native code.
# See problematic frame for where to report the bug.
#

---------------  S U M M A R Y ------------

Command Line: --add-modules=jdk.incubator.vector 

Host: AMD EPYC 7282 16-Core Processor, 64 cores, 27G, Ubuntu 22.04.5 LTS
Time: Fri Jun 27 03:27:12 2025 UTC elapsed time: 213.410339 seconds (0d 0h 3m 33s)

---------------  T H R E A D  ---------------

Current thread (0x0000571b13da31b0):  JavaThread "main"      [_thread_in_native, id=11778, stack(0x00007fff45381000,0x00007fff45481000) (1024K)]

Stack: [0x00007fff45381000,0x00007fff45481000],  sp=0x00007fff454785d8,  free space=989k
Native frames: (J=compiled Java code, j=interpreted, Vv=VM code, C=native code)
C  [libc.so.6+0x19d7fd]
C  [libc.so.6+0x75336]

siginfo: si_signo: 11 (SIGSEGV), si_code: 1 (SEGV_MAPERR), si_addr: 0x0000571e5549814a

Registers:
RAX=0x000000000000014a, RBX=0x0000000000000073, RCX=0x00007ad6a7bc8987, RDX=0x0000571e5549814a
RSP=0x00007fff454785d8, RBP=0x00007fff45478f50, RSI=0x00007fff45478b00, RDI=0x0000571e5549814a
R8 =0x0000000000000000, R9 =0x0000000000000000, R10=0x0000000000000000, R11=0x00000000ffffffff
R12=0x0000571e5549814a, R13=0x0000000000000000, R14=0x00007fff45479520, R15=0x00007fff454786f0
RIP=0x00007ad6b080c7fd, EFLAGS=0x0000000000010287, CSGSFS=0x002b000000000033, ERR=0x0000000000000004
  TRAPNO=0x000000000000000e

XMM[0]=0x0000000000000000 0x0000000000000000
XMM[1]=0x00000000000000ff 0xffff000000000000
XMM[2]=0x00000000000000ff 0xffff000000000000
XMM[3]=0x0000571b3b9e4e80 0x0000571b3b9e4e80
XMM[4]=0x0000000000000000 0x0000571b3b9e527f
XMM[5]=0x0000571b179eb610 0x00000000000b3736
XMM[6]=0x0000571b17b166c0 0x0000000000000003
XMM[7]=0x0000571b179eb610 0x00000000000b3737
XMM[8]=0x736e65745f736900 0x00006e6576696720
XMM[9]=0x0000000000000000 0x0000000000000000
XMM[10]=0x00005700ffffffff 0x0000000000000000
XMM[11]=0x0000000100000000 0x0000000000000000
XMM[12]=0x0000000000000026 0x00007ac4a584a800
XMM[13]=0x3e58b7ffbee20dff 0xc0001e0d3f8af3b5
XMM[14]=0xbbe22a82bbe22a82 0xbbe22a82bbe22a82
XMM[15]=0x3b0700003daf0000 0x3d7f00003b8a0000
  MXCSR=0x00001fa2


Register to memory mapping:

RAX=0x000000000000014a is an unknown value
RBX=0x0000000000000073 is an unknown value
RCX=0x00007ad6a7bc8987: <offset 0x0000000000dc8987> in /home/ubuntu/task2/env/lib/python3.11/site-packages/torch/lib/libtorch_python.so at 0x00007ad6a6e00000
RDX=0x0000571e5549814a is an unknown value
RSP=0x00007fff454785d8 is pointing into the stack for thread: 0x0000571b13da31b0
RBP=0x00007fff45478f50 is pointing into the stack for thread: 0x0000571b13da31b0
RSI=0x00007fff45478b00 is pointing into the stack for thread: 0x0000571b13da31b0
RDI=0x0000571e5549814a is an unknown value
R8 =0x0 is null
R9 =0x0 is null
R10=0x0 is null
R11=0x00000000ffffffff is an unknown value
R12=0x0000571e5549814a is an unknown value
R13=0x0 is null
R14=0x00007fff45479520 is pointing into the stack for thread: 0x0000571b13da31b0
R15=0x00007fff454786f0 is pointing into the stack for thread: 0x0000571b13da31b0

Top of Stack: (sp=0x00007fff454785d8)
0x00007fff454785d8:   00007ad6b06e35ce 00007fff454786e0
0x00007fff454785e8:   00007fff454794c7 0000000000000001
0x00007fff454785f8:   0000000000000000 000000000008e800
0x00007fff45478608:   00007ad6a7bc8dc8 0000000000000078
0x00007fff45478618:   00007fff454790e0 00007ad6b084744f
0x00007fff45478628:   00007fff45478b00 00007f7300000000
0x00007fff45478638:   00007fff454794c8 0000000000000000
0x00007fff45478648:   0000000000000005 00007f0000000000
0x00007fff45478658:   0000000000000000 0000000000000300
0x00007fff45478668:   00007ad38d47d400 00007fff454786f0
0x00007fff45478678:   0000000000000d68 0000002073010009
0x00007fff45478688:   0000000000000000 00007fff45479500
0x00007fff45478698:   0000000000000000 00007fff45478b00
0x00007fff454786a8:   0000000000000000 00007fff00000000
0x00007fff454786b8:   00007fff00000000 00007fff45478a60
0x00007fff454786c8:   0000000000000000 00007fff45478f50
0x00007fff454786d8:   00007fff45478f80 00007fff454786f0
0x00007fff454786e8:   0000000000000400 00000000ffffffff
0x00007fff454786f8:   0000600000000073 00007ad600000020
0x00007fff45478708:   00007ad6a7bc8dca 00007ad6a7bc8dd3
0x00007fff45478718:   ffffffffffffffff 0000000300000000
0x00007fff45478728:   0000000000000001 00007fffffffffff
0x00007fff45478738:   00000000ffffffff 0000600400000075
0x00007fff45478748:   00007fff00000020 00007ad6a7bc8dd6
0x00007fff45478758:   00007ad6a7bc8dea ffffffffffffffff
0x00007fff45478768:   0000020000000001 0000000000000001
0x00007fff45478778:   00007fffffffffff 00000000ffffffff
0x00007fff45478788:   0000600000000073 001c000000000020
0x00007fff45478798:   00007ad6a7bc8dec 00007ad6a7bc8df1
0x00007fff454787a8:   ffffffffffffffff 0000000300000002
0x00007fff454787b8:   0000000000000001 00007ad6ffffffff
0x00007fff454787c8:   00000000ffffffff 0000400400000064 

Instructions: (pc=0x00007ad6b080c7fd)
0x00007ad6b080c6fd:   fd d7 ca c5 fd d7 c3 09 c1 75 38 c5 fd 6f 0f c5
0x00007ad6b080c70d:   fd 74 d1 48 83 c7 20 c5 dd 74 d9 c5 fd d7 ca c5
0x00007ad6b080c71d:   fd d7 c3 09 c1 75 1c c5 fd 6f 0f c5 fd 74 d1 48
0x00007ad6b080c72d:   83 c7 20 c5 dd 74 d9 c5 fd d7 ca c5 fd d7 c3 09
0x00007ad6b080c73d:   c1 74 90 85 c0 75 1c 85 d2 0f 84 84 00 00 00 89
0x00007ad6b080c74d:   d0 48 89 f7 0f bd c0 48 8d 44 07 e0 c5 f8 77 c3
0x00007ad6b080c75d:   0f 1f 00 c5 fd d7 ca 85 c9 75 18 89 c2 48 89 fe
0x00007ad6b080c76d:   e9 5e ff ff ff 66 66 2e 0f 1f 84 00 00 00 00 00
0x00007ad6b080c77d:   0f 1f 00 41 89 c8 41 83 e8 01 41 31 c8 44 21 c0
0x00007ad6b080c78d:   85 c0 74 b3 0f bd c0 48 8d 44 07 e0 c5 f8 77 c3
0x00007ad6b080c79d:   0f 1f 00 48 01 cf 89 d1 41 89 c8 41 83 e8 01 41
0x00007ad6b080c7ad:   31 c8 44 21 c0 85 c0 74 1a 0f bd c0 48 8d 44 07
0x00007ad6b080c7bd:   e0 c5 f8 77 c3 66 66 2e 0f 1f 84 00 00 00 00 00
0x00007ad6b080c7cd:   0f 1f 00 31 c0 c5 f8 77 c3 66 2e 0f 1f 84 00 00
0x00007ad6b080c7dd:   00 00 00 f3 0f 1e fa 89 f8 48 89 fa c5 f9 ef c0
0x00007ad6b080c7ed:   25 ff 0f 00 00 3d e0 0f 00 00 0f 87 33 01 00 00
0x00007ad6b080c7fd:   c5 fd 74 0f c5 fd d7 c1 85 c0 74 57 f3 0f bc c0
0x00007ad6b080c80d:   c5 f8 77 c3 66 66 2e 0f 1f 84 00 00 00 00 00 0f
0x00007ad6b080c81d:   1f 40 00 f3 0f bc c0 29 d7 ff c7 01 f8 c5 f8 77
0x00007ad6b080c82d:   c3 66 90 f3 0f bc c0 29 d7 83 c7 21 01 f8 c5 f8
0x00007ad6b080c83d:   77 c3 90 f3 0f bc c0 29 d7 83 c7 41 01 f8 c5 f8
0x00007ad6b080c84d:   77 c3 90 f3 0f bc c0 29 d7 83 c7 61 01 f8 c5 f8
0x00007ad6b080c85d:   77 c3 90 48 83 cf 1f c5 fd 74 4f 01 c5 fd d7 c1
0x00007ad6b080c86d:   85 c0 75 af c5 fd 74 4f 21 c5 fd d7 c1 85 c0 75
0x00007ad6b080c87d:   b2 c5 fd 74 4f 41 c5 fd d7 c1 85 c0 75 b5 c5 fd
0x00007ad6b080c88d:   74 4f 61 c5 fd d7 c1 85 c0 75 b8 48 ff c7 48 83
0x00007ad6b080c89d:   cf 7f 90 c5 fd 6f 4f 01 c5 f5 da 57 21 c5 fd 6f
0x00007ad6b080c8ad:   5f 41 c5 e5 da 67 61 c5 dd da ea c5 fd 74 ed c5
0x00007ad6b080c8bd:   fd d7 cd 48 83 ef 80 85 c9 74 d8 c5 fd 74 c9 c5
0x00007ad6b080c8cd:   fd d7 c1 48 29 d7 85 c0 75 39 c5 fd 74 d2 c5 fd
0x00007ad6b080c8dd:   d7 c2 85 c0 75 3d c5 fd 74 db c5 fd d7 c3 48 c1
0x00007ad6b080c8ed:   e1 20 48 09 c8 f3 48 0f bc c0 48 83 ef 3f 48 01 


Stack slot to memory mapping:

stack at sp + 0 slots: 0x00007ad6b06e35ce: <offset 0x00000000000745ce> in /lib/x86_64-linux-gnu/libc.so.6 at 0x00007ad6b066f000
stack at sp + 1 slots: 0x00007fff454786e0 is pointing into the stack for thread: 0x0000571b13da31b0
stack at sp + 2 slots: 0x00007fff454794c7 is pointing into the stack for thread: 0x0000571b13da31b0
stack at sp + 3 slots: 0x0000000000000001 is an unknown value
stack at sp + 4 slots: 0x0 is null
stack at sp + 5 slots: 0x000000000008e800 is an unknown value
stack at sp + 6 slots: 0x00007ad6a7bc8dc8: <offset 0x0000000000dc8dc8> in /home/ubuntu/task2/env/lib/python3.11/site-packages/torch/lib/libtorch_python.so at 0x00007ad6a6e00000
stack at sp + 7 slots: 0x0000000000000078 is an unknown value


---------------  P R O C E S S  ---------------

Threads class SMR info:
_java_thread_list=0x00007ad3c009dcc0, length=10, elements={
0x0000571b13da31b0, 0x0000571b14fdae10, 0x0000571b14fdbda0, 0x0000571b14fddcc0,
0x0000571b14fdec50, 0x0000571b14fdff10, 0x0000571b14fe0ee0, 0x0000571b14fe2610,
0x0000571b1500a4f0, 0x00007ad3d4009320
}

Java Threads: ( => current thread )
=>0x0000571b13da31b0 JavaThread "main"                       [_thread_in_native, id=11778, stack(0x00007fff45381000,0x00007fff45481000) (1024K)]
  0x0000571b14fdae10 JavaThread "Reference Handler"          [_thread_blocked, id=11978, stack(0x00007ad44d38a000,0x00007ad44d48a000) (1024K)]
  0x0000571b14fdbda0 JavaThread "Finalizer"                  [_thread_blocked, id=11979, stack(0x00007ad44d28a000,0x00007ad44d38a000) (1024K)]
  0x0000571b14fddcc0 JavaThread "Service Thread"             [_thread_blocked, id=11981, stack(0x00007ad44d08a000,0x00007ad44d18a000) (1024K)]
  0x0000571b14fdec50 JavaThread "Monitor Deflation Thread"   [_thread_blocked, id=11982, stack(0x00007ad44cf8a000,0x00007ad44d08a000) (1024K)]
  0x0000571b14fdff10 JavaThread "C2 CompilerThread0"         [_thread_blocked, id=11983, stack(0x00007ad44ce8a000,0x00007ad44cf8a000) (1024K)]
  0x0000571b14fe0ee0 JavaThread "C1 CompilerThread0"         [_thread_blocked, id=11984, stack(0x00007ad44cd8a000,0x00007ad44ce8a000) (1024K)]
  0x0000571b14fe2610 JavaThread "Common-Cleaner"             [_thread_blocked, id=11985, stack(0x00007ad44cbb9000,0x00007ad44ccb9000) (1024K)]
  0x0000571b1500a4f0 JavaThread "Notification Thread"        [_thread_blocked, id=11986, stack(0x00007ad44cab9000,0x00007ad44cbb9000) (1024K)]
  0x00007ad3d4009320 JavaThread "SIGINT handler"             [_thread_blocked, id=13967, stack(0x00007ad44c893000,0x00007ad44c993000) (1024K)]
Total: 10

Other Threads:
  0x0000571b14fd9b80 VMThread "VM Thread"                           [id=11977, stack(0x00007ad44d48b000,0x00007ad44d58b000) (1024K)]
  0x0000571b13d13450 WorkerThread "GC Thread#0"                     [id=11971, stack(0x00007ad44da91000,0x00007ad44db91000) (1024K)]
  0x00007ad3e4007dd0 WorkerThread "GC Thread#1"                     [id=11995, stack(0x00007ad44c67f000,0x00007ad44c77f000) (1024K)]
  0x00007ad3e4008bd0 WorkerThread "GC Thread#2"                     [id=11996, stack(0x00007ad44c57e000,0x00007ad44c67e000) (1024K)]
  0x00007ad3e40099d0 WorkerThread "GC Thread#3"                     [id=11997, stack(0x00007ad44c47d000,0x00007ad44c57d000) (1024K)]
  0x00007ad3e400a810 WorkerThread "GC Thread#4"                     [id=11998, stack(0x00007ad44c37c000,0x00007ad44c47c000) (1024K)]
  0x00007ad3e400b670 WorkerThread "GC Thread#5"                     [id=11999, stack(0x00007ad44c27b000,0x00007ad44c37b000) (1024K)]
  0x00007ad3e400c910 WorkerThread "GC Thread#6"                     [id=12000, stack(0x00007ad44c17a000,0x00007ad44c27a000) (1024K)]
  0x00007ad3e400dbb0 WorkerThread "GC Thread#7"                     [id=12001, stack(0x00007ad44c079000,0x00007ad44c179000) (1024K)]
  0x0000571b13ce89d0 ConcurrentGCThread "G1 Main Marker"            terminated
  0x0000571b146430f0 WorkerThread "G1 Conc#0"                       [id=11973, stack(0x00007ad44d88f000,0x00007ad44d98f000) (1024K)]
  0x0000571b14eaaf60 ConcurrentGCThread "G1 Refine#0"               terminated
  0x0000571b14eabc40 ConcurrentGCThread "G1 Service"                terminated
Total: 13

Threads with active compile tasks:
Total: 0

VM state: at safepoint (shutting down)

VM Mutex/Monitor currently owned by a thread:  ([mutex/lock_event])
[0x00007ad46f505cf0] Threads_lock - owner thread: 0x0000571b14fd9b80
[0x00007ad46f505bf0] Heap_lock - owner thread: 0x00007ad3d4009320

Heap address: 0x0000000640c00000, size: 7156 MB, Compressed Oops mode: Zero based, Oop shift amount: 3

CDS archive(s) mapped at: [0x00007ad3ef000000-0x00007ad3efc97000-0x00007ad3efc97000), size 13201408, SharedBaseAddress: 0x00007ad3ef000000, ArchiveRelocationMode: 1.
Compressed class space mapped at: 0x00007ad3f0000000-0x00007ad430000000, reserved size: 1073741824
Narrow klass base: 0x00007ad3ef000000, Narrow klass shift: 0, Narrow klass range: 0x100000000

GC Precious Log:
 CardTable entry size: 512
 Card Set container configuration: InlinePtr #cards 4 size 8 Array Of Cards #cards 32 size 80 Howl #buckets 8 coarsen threshold 7372 Howl Bitmap #cards 1024 size 144 coarsen threshold 921 Card regions per heap region 1 cards per card region 8192
 CPUs: 64 total, 8 available
 Memory: 28610M
 Large Page Support: Disabled
 NUMA Support: Disabled
 Compressed Oops: Enabled (Zero based)
 Heap Region Size: 4M
 Heap Min Capacity: 8M
 Heap Initial Capacity: 448M
 Heap Max Capacity: 7156M
 Pre-touch: Disabled
 Parallel Workers: 8
 Concurrent Workers: 2
 Concurrent Refinement Workers: 8
 Periodic GC: Disabled

Heap:
 garbage-first heap   total 462848K, used 14346K [0x0000000640c00000, 0x0000000800000000)
  region size 4096K, 2 young (8192K), 1 survivors (4096K)
 Metaspace       used 15108K, committed 15360K, reserved 1114112K
  class space    used 1630K, committed 1728K, reserved 1048576K

Heap Regions: E=young(eden), S=young(survivor), O=old, HS=humongous(starts), HC=humongous(continues), CS=collection set, F=free, TAMS=top-at-mark-start, PB=parsable bottom
|   0|0x0000000640c00000, 0x0000000641000000, 0x0000000641000000|100%|HS|  |TAMS 0x0000000640c00000| PB 0x0000000640c00000| Complete 
|   1|0x0000000641000000, 0x0000000641400000, 0x0000000641400000|100%|HC|  |TAMS 0x0000000641000000| PB 0x0000000641000000| Complete 
|   2|0x0000000641400000, 0x00000006416b9410, 0x0000000641800000| 68%| O|  |TAMS 0x0000000641400000| PB 0x0000000641400000| Untracked 
|   3|0x0000000641800000, 0x0000000641800000, 0x0000000641c00000|  0%| F|  |TAMS 0x0000000641800000| PB 0x0000000641800000| Untracked 
|   4|0x0000000641c00000, 0x0000000641c00000, 0x0000000642000000|  0%| F|  |TAMS 0x0000000641c00000| PB 0x0000000641c00000| Untracked 
|   5|0x0000000642000000, 0x0000000642000000, 0x0000000642400000|  0%| F|  |TAMS 0x0000000642000000| PB 0x0000000642000000| Untracked 
|   6|0x0000000642400000, 0x0000000642400000, 0x0000000642800000|  0%| F|  |TAMS 0x0000000642400000| PB 0x0000000642400000| Untracked 
|   7|0x0000000642800000, 0x0000000642800000, 0x0000000642c00000|  0%| F|  |TAMS 0x0000000642800000| PB 0x0000000642800000| Untracked 
|   8|0x0000000642c00000, 0x0000000642c00000, 0x0000000643000000|  0%| F|  |TAMS 0x0000000642c00000| PB 0x0000000642c00000| Untracked 
|   9|0x0000000643000000, 0x0000000643000000, 0x0000000643400000|  0%| F|  |TAMS 0x0000000643000000| PB 0x0000000643000000| Untracked 
|  10|0x0000000643400000, 0x0000000643400000, 0x0000000643800000|  0%| F|  |TAMS 0x0000000643400000| PB 0x0000000643400000| Untracked 
|  11|0x0000000643800000, 0x0000000643800000, 0x0000000643c00000|  0%| F|  |TAMS 0x0000000643800000| PB 0x0000000643800000| Untracked 
|  12|0x0000000643c00000, 0x0000000643c00000, 0x0000000644000000|  0%| F|  |TAMS 0x0000000643c00000| PB 0x0000000643c00000| Untracked 
|  13|0x0000000644000000, 0x0000000644000000, 0x0000000644400000|  0%| F|  |TAMS 0x0000000644000000| PB 0x0000000644000000| Untracked 
|  14|0x0000000644400000, 0x0000000644400000, 0x0000000644800000|  0%| F|  |TAMS 0x0000000644400000| PB 0x0000000644400000| Untracked 
|  15|0x0000000644800000, 0x0000000644800000, 0x0000000644c00000|  0%| F|  |TAMS 0x0000000644800000| PB 0x0000000644800000| Untracked 
|  16|0x0000000644c00000, 0x0000000644c00000, 0x0000000645000000|  0%| F|  |TAMS 0x0000000644c00000| PB 0x0000000644c00000| Untracked 
|  17|0x0000000645000000, 0x0000000645000000, 0x0000000645400000|  0%| F|  |TAMS 0x0000000645000000| PB 0x0000000645000000| Untracked 
|  18|0x0000000645400000, 0x0000000645400000, 0x0000000645800000|  0%| F|  |TAMS 0x0000000645400000| PB 0x0000000645400000| Untracked 
|  19|0x0000000645800000, 0x0000000645800000, 0x0000000645c00000|  0%| F|  |TAMS 0x0000000645800000| PB 0x0000000645800000| Untracked 
|  20|0x0000000645c00000, 0x0000000645c00000, 0x0000000646000000|  0%| F|  |TAMS 0x0000000645c00000| PB 0x0000000645c00000| Untracked 
|  21|0x0000000646000000, 0x0000000646000000, 0x0000000646400000|  0%| F|  |TAMS 0x0000000646000000| PB 0x0000000646000000| Untracked 
|  22|0x0000000646400000, 0x0000000646400000, 0x0000000646800000|  0%| F|  |TAMS 0x0000000646400000| PB 0x0000000646400000| Untracked 
|  23|0x0000000646800000, 0x0000000646800000, 0x0000000646c00000|  0%| F|  |TAMS 0x0000000646800000| PB 0x0000000646800000| Untracked 
|  24|0x0000000646c00000, 0x0000000646c00000, 0x0000000647000000|  0%| F|  |TAMS 0x0000000646c00000| PB 0x0000000646c00000| Untracked 
|  25|0x0000000647000000, 0x0000000647000000, 0x0000000647400000|  0%| F|  |TAMS 0x0000000647000000| PB 0x0000000647000000| Untracked 
|  26|0x0000000647400000, 0x0000000647400000, 0x0000000647800000|  0%| F|  |TAMS 0x0000000647400000| PB 0x0000000647400000| Untracked 
|  27|0x0000000647800000, 0x0000000647800000, 0x0000000647c00000|  0%| F|  |TAMS 0x0000000647800000| PB 0x0000000647800000| Untracked 
|  28|0x0000000647c00000, 0x0000000647c00000, 0x0000000648000000|  0%| F|  |TAMS 0x0000000647c00000| PB 0x0000000647c00000| Untracked 
|  29|0x0000000648000000, 0x0000000648000000, 0x0000000648400000|  0%| F|  |TAMS 0x0000000648000000| PB 0x0000000648000000| Untracked 
|  30|0x0000000648400000, 0x0000000648400000, 0x0000000648800000|  0%| F|  |TAMS 0x0000000648400000| PB 0x0000000648400000| Untracked 
|  31|0x0000000648800000, 0x0000000648800000, 0x0000000648c00000|  0%| F|  |TAMS 0x0000000648800000| PB 0x0000000648800000| Untracked 
|  32|0x0000000648c00000, 0x0000000648c00000, 0x0000000649000000|  0%| F|  |TAMS 0x0000000648c00000| PB 0x0000000648c00000| Untracked 
|  33|0x0000000649000000, 0x0000000649000000, 0x0000000649400000|  0%| F|  |TAMS 0x0000000649000000| PB 0x0000000649000000| Untracked 
|  34|0x0000000649400000, 0x0000000649400000, 0x0000000649800000|  0%| F|  |TAMS 0x0000000649400000| PB 0x0000000649400000| Untracked 
|  35|0x0000000649800000, 0x0000000649800000, 0x0000000649c00000|  0%| F|  |TAMS 0x0000000649800000| PB 0x0000000649800000| Untracked 
|  36|0x0000000649c00000, 0x0000000649c00000, 0x000000064a000000|  0%| F|  |TAMS 0x0000000649c00000| PB 0x0000000649c00000| Untracked 
|  37|0x000000064a000000, 0x000000064a000000, 0x000000064a400000|  0%| F|  |TAMS 0x000000064a000000| PB 0x000000064a000000| Untracked 
|  38|0x000000064a400000, 0x000000064a400000, 0x000000064a800000|  0%| F|  |TAMS 0x000000064a400000| PB 0x000000064a400000| Untracked 
|  39|0x000000064a800000, 0x000000064a800000, 0x000000064ac00000|  0%| F|  |TAMS 0x000000064a800000| PB 0x000000064a800000| Untracked 
|  40|0x000000064ac00000, 0x000000064ac00000, 0x000000064b000000|  0%| F|  |TAMS 0x000000064ac00000| PB 0x000000064ac00000| Untracked 
|  41|0x000000064b000000, 0x000000064b000000, 0x000000064b400000|  0%| F|  |TAMS 0x000000064b000000| PB 0x000000064b000000| Untracked 
|  42|0x000000064b400000, 0x000000064b400000, 0x000000064b800000|  0%| F|  |TAMS 0x000000064b400000| PB 0x000000064b400000| Untracked 
|  43|0x000000064b800000, 0x000000064b800000, 0x000000064bc00000|  0%| F|  |TAMS 0x000000064b800000| PB 0x000000064b800000| Untracked 
|  44|0x000000064bc00000, 0x000000064bc00000, 0x000000064c000000|  0%| F|  |TAMS 0x000000064bc00000| PB 0x000000064bc00000| Untracked 
|  45|0x000000064c000000, 0x000000064c000000, 0x000000064c400000|  0%| F|  |TAMS 0x000000064c000000| PB 0x000000064c000000| Untracked 
|  46|0x000000064c400000, 0x000000064c400000, 0x000000064c800000|  0%| F|  |TAMS 0x000000064c400000| PB 0x000000064c400000| Untracked 
|  47|0x000000064c800000, 0x000000064c800000, 0x000000064cc00000|  0%| F|  |TAMS 0x000000064c800000| PB 0x000000064c800000| Untracked 
|  48|0x000000064cc00000, 0x000000064cc00000, 0x000000064d000000|  0%| F|  |TAMS 0x000000064cc00000| PB 0x000000064cc00000| Untracked 
|  49|0x000000064d000000, 0x000000064d000000, 0x000000064d400000|  0%| F|  |TAMS 0x000000064d000000| PB 0x000000064d000000| Untracked 
|  50|0x000000064d400000, 0x000000064d400000, 0x000000064d800000|  0%| F|  |TAMS 0x000000064d400000| PB 0x000000064d400000| Untracked 
|  51|0x000000064d800000, 0x000000064d800000, 0x000000064dc00000|  0%| F|  |TAMS 0x000000064d800000| PB 0x000000064d800000| Untracked 
|  52|0x000000064dc00000, 0x000000064dc00000, 0x000000064e000000|  0%| F|  |TAMS 0x000000064dc00000| PB 0x000000064dc00000| Untracked 
|  53|0x000000064e000000, 0x000000064e000000, 0x000000064e400000|  0%| F|  |TAMS 0x000000064e000000| PB 0x000000064e000000| Untracked 
|  54|0x000000064e400000, 0x000000064e400000, 0x000000064e800000|  0%| F|  |TAMS 0x000000064e400000| PB 0x000000064e400000| Untracked 
|  55|0x000000064e800000, 0x000000064e800000, 0x000000064ec00000|  0%| F|  |TAMS 0x000000064e800000| PB 0x000000064e800000| Untracked 
|  56|0x000000064ec00000, 0x000000064ec00000, 0x000000064f000000|  0%| F|  |TAMS 0x000000064ec00000| PB 0x000000064ec00000| Untracked 
|  57|0x000000064f000000, 0x000000064f000000, 0x000000064f400000|  0%| F|  |TAMS 0x000000064f000000| PB 0x000000064f000000| Untracked 
|  58|0x000000064f400000, 0x000000064f400000, 0x000000064f800000|  0%| F|  |TAMS 0x000000064f400000| PB 0x000000064f400000| Untracked 
|  59|0x000000064f800000, 0x000000064f800000, 0x000000064fc00000|  0%| F|  |TAMS 0x000000064f800000| PB 0x000000064f800000| Untracked 
|  60|0x000000064fc00000, 0x000000064fc00000, 0x0000000650000000|  0%| F|  |TAMS 0x000000064fc00000| PB 0x000000064fc00000| Untracked 
|  61|0x0000000650000000, 0x0000000650000000, 0x0000000650400000|  0%| F|  |TAMS 0x0000000650000000| PB 0x0000000650000000| Untracked 
|  62|0x0000000650400000, 0x0000000650400000, 0x0000000650800000|  0%| F|  |TAMS 0x0000000650400000| PB 0x0000000650400000| Untracked 
|  63|0x0000000650800000, 0x0000000650800000, 0x0000000650c00000|  0%| F|  |TAMS 0x0000000650800000| PB 0x0000000650800000| Untracked 
|  64|0x0000000650c00000, 0x0000000650c00000, 0x0000000651000000|  0%| F|  |TAMS 0x0000000650c00000| PB 0x0000000650c00000| Untracked 
|  65|0x0000000651000000, 0x0000000651000000, 0x0000000651400000|  0%| F|  |TAMS 0x0000000651000000| PB 0x0000000651000000| Untracked 
|  66|0x0000000651400000, 0x0000000651400000, 0x0000000651800000|  0%| F|  |TAMS 0x0000000651400000| PB 0x0000000651400000| Untracked 
|  67|0x0000000651800000, 0x0000000651800000, 0x0000000651c00000|  0%| F|  |TAMS 0x0000000651800000| PB 0x0000000651800000| Untracked 
|  68|0x0000000651c00000, 0x0000000651c00000, 0x0000000652000000|  0%| F|  |TAMS 0x0000000651c00000| PB 0x0000000651c00000| Untracked 
|  69|0x0000000652000000, 0x0000000652000000, 0x0000000652400000|  0%| F|  |TAMS 0x0000000652000000| PB 0x0000000652000000| Untracked 
|  70|0x0000000652400000, 0x0000000652400000, 0x0000000652800000|  0%| F|  |TAMS 0x0000000652400000| PB 0x0000000652400000| Untracked 
|  71|0x0000000652800000, 0x0000000652800000, 0x0000000652c00000|  0%| F|  |TAMS 0x0000000652800000| PB 0x0000000652800000| Untracked 
|  72|0x0000000652c00000, 0x0000000652c00000, 0x0000000653000000|  0%| F|  |TAMS 0x0000000652c00000| PB 0x0000000652c00000| Untracked 
|  73|0x0000000653000000, 0x0000000653000000, 0x0000000653400000|  0%| F|  |TAMS 0x0000000653000000| PB 0x0000000653000000| Untracked 
|  74|0x0000000653400000, 0x0000000653400000, 0x0000000653800000|  0%| F|  |TAMS 0x0000000653400000| PB 0x0000000653400000| Untracked 
|  75|0x0000000653800000, 0x0000000653800000, 0x0000000653c00000|  0%| F|  |TAMS 0x0000000653800000| PB 0x0000000653800000| Untracked 
|  76|0x0000000653c00000, 0x0000000653c00000, 0x0000000654000000|  0%| F|  |TAMS 0x0000000653c00000| PB 0x0000000653c00000| Untracked 
|  77|0x0000000654000000, 0x0000000654000000, 0x0000000654400000|  0%| F|  |TAMS 0x0000000654000000| PB 0x0000000654000000| Untracked 
|  78|0x0000000654400000, 0x0000000654400000, 0x0000000654800000|  0%| F|  |TAMS 0x0000000654400000| PB 0x0000000654400000| Untracked 
|  79|0x0000000654800000, 0x0000000654800000, 0x0000000654c00000|  0%| F|  |TAMS 0x0000000654800000| PB 0x0000000654800000| Untracked 
|  80|0x0000000654c00000, 0x0000000654c00000, 0x0000000655000000|  0%| F|  |TAMS 0x0000000654c00000| PB 0x0000000654c00000| Untracked 
|  81|0x0000000655000000, 0x0000000655000000, 0x0000000655400000|  0%| F|  |TAMS 0x0000000655000000| PB 0x0000000655000000| Untracked 
|  82|0x0000000655400000, 0x0000000655400000, 0x0000000655800000|  0%| F|  |TAMS 0x0000000655400000| PB 0x0000000655400000| Untracked 
|  83|0x0000000655800000, 0x0000000655800000, 0x0000000655c00000|  0%| F|  |TAMS 0x0000000655800000| PB 0x0000000655800000| Untracked 
|  84|0x0000000655c00000, 0x0000000655c00000, 0x0000000656000000|  0%| F|  |TAMS 0x0000000655c00000| PB 0x0000000655c00000| Untracked 
|  85|0x0000000656000000, 0x0000000656000000, 0x0000000656400000|  0%| F|  |TAMS 0x0000000656000000| PB 0x0000000656000000| Untracked 
|  86|0x0000000656400000, 0x0000000656400000, 0x0000000656800000|  0%| F|  |TAMS 0x0000000656400000| PB 0x0000000656400000| Untracked 
|  87|0x0000000656800000, 0x0000000656800000, 0x0000000656c00000|  0%| F|  |TAMS 0x0000000656800000| PB 0x0000000656800000| Untracked 
|  88|0x0000000656c00000, 0x0000000656c00000, 0x0000000657000000|  0%| F|  |TAMS 0x0000000656c00000| PB 0x0000000656c00000| Untracked 
|  89|0x0000000657000000, 0x0000000657000000, 0x0000000657400000|  0%| F|  |TAMS 0x0000000657000000| PB 0x0000000657000000| Untracked 
|  90|0x0000000657400000, 0x0000000657400000, 0x0000000657800000|  0%| F|  |TAMS 0x0000000657400000| PB 0x0000000657400000| Untracked 
|  91|0x0000000657800000, 0x0000000657800000, 0x0000000657c00000|  0%| F|  |TAMS 0x0000000657800000| PB 0x0000000657800000| Untracked 
|  92|0x0000000657c00000, 0x0000000657c00000, 0x0000000658000000|  0%| F|  |TAMS 0x0000000657c00000| PB 0x0000000657c00000| Untracked 
|  93|0x0000000658000000, 0x0000000658000000, 0x0000000658400000|  0%| F|  |TAMS 0x0000000658000000| PB 0x0000000658000000| Untracked 
|  94|0x0000000658400000, 0x0000000658400000, 0x0000000658800000|  0%| F|  |TAMS 0x0000000658400000| PB 0x0000000658400000| Untracked 
|  95|0x0000000658800000, 0x0000000658800000, 0x0000000658c00000|  0%| F|  |TAMS 0x0000000658800000| PB 0x0000000658800000| Untracked 
|  96|0x0000000658c00000, 0x0000000658c00000, 0x0000000659000000|  0%| F|  |TAMS 0x0000000658c00000| PB 0x0000000658c00000| Untracked 
|  97|0x0000000659000000, 0x0000000659000000, 0x0000000659400000|  0%| F|  |TAMS 0x0000000659000000| PB 0x0000000659000000| Untracked 
|  98|0x0000000659400000, 0x0000000659400000, 0x0000000659800000|  0%| F|  |TAMS 0x0000000659400000| PB 0x0000000659400000| Untracked 
|  99|0x0000000659800000, 0x0000000659800000, 0x0000000659c00000|  0%| F|  |TAMS 0x0000000659800000| PB 0x0000000659800000| Untracked 
| 100|0x0000000659c00000, 0x0000000659c00000, 0x000000065a000000|  0%| F|  |TAMS 0x0000000659c00000| PB 0x0000000659c00000| Untracked 
| 101|0x000000065a000000, 0x000000065a000000, 0x000000065a400000|  0%| F|  |TAMS 0x000000065a000000| PB 0x000000065a000000| Untracked 
| 102|0x000000065a400000, 0x000000065a400000, 0x000000065a800000|  0%| F|  |TAMS 0x000000065a400000| PB 0x000000065a400000| Untracked 
| 103|0x000000065a800000, 0x000000065a800000, 0x000000065ac00000|  0%| F|  |TAMS 0x000000065a800000| PB 0x000000065a800000| Untracked 
| 104|0x000000065ac00000, 0x000000065ae3cd28, 0x000000065b000000| 55%| S|CS|TAMS 0x000000065ac00000| PB 0x000000065ac00000| Complete 
| 105|0x000000065b000000, 0x000000065b000000, 0x000000065b400000|  0%| F|  |TAMS 0x000000065b000000| PB 0x000000065b000000| Untracked 
| 106|0x000000065b400000, 0x000000065b400000, 0x000000065b800000|  0%| F|  |TAMS 0x000000065b400000| PB 0x000000065b400000| Untracked 
| 107|0x000000065b800000, 0x000000065b800000, 0x000000065bc00000|  0%| F|  |TAMS 0x000000065b800000| PB 0x000000065b800000| Untracked 
| 108|0x000000065bc00000, 0x000000065bc00000, 0x000000065c000000|  0%| F|  |TAMS 0x000000065bc00000| PB 0x000000065bc00000| Untracked 
| 109|0x000000065c000000, 0x000000065c000000, 0x000000065c400000|  0%| F|  |TAMS 0x000000065c000000| PB 0x000000065c000000| Untracked 
| 110|0x000000065c400000, 0x000000065c400000, 0x000000065c800000|  0%| F|  |TAMS 0x000000065c400000| PB 0x000000065c400000| Untracked 
| 111|0x000000065c800000, 0x000000065ca73188, 0x000000065cc00000| 61%| E|  |TAMS 0x000000065c800000| PB 0x000000065c800000| Complete 
|1788|0x00000007ffc00000, 0x00000007ffd0c7c0, 0x0000000800000000| 26%| O|  |TAMS 0x00000007ffc00000| PB 0x00000007ffc00000| Untracked 

Card table byte_map: [0x00007ad454bd5000,0x00007ad4559cf000] _byte_map_base: 0x00007ad4519cf000

Marking Bits: (CMBitMap*) 0x0000571b14633f70
 Bits: [0x00007ad44dc05000, 0x00007ad454bd5000)

Polling page: 0x00007ad6b021d000

Metaspace:

Usage:
  Non-class:     13.16 MB used.
      Class:      1.59 MB used.
       Both:     14.75 MB used.

Virtual space:
  Non-class space:       64.00 MB reserved,      13.31 MB ( 21%) committed,  1 nodes.
      Class space:        1.00 GB reserved,       1.69 MB ( <1%) committed,  1 nodes.
             Both:        1.06 GB reserved,      15.00 MB (  1%) committed. 

Chunk freelists:
   Non-Class:  2.14 MB
       Class:  14.31 MB
        Both:  16.45 MB

MaxMetaspaceSize: unlimited
CompressedClassSpaceSize: 1.00 GB
Initial GC threshold: 21.00 MB
Current GC threshold: 21.00 MB
CDS: on
 - commit_granule_bytes: 65536.
 - commit_granule_words: 8192.
 - virtual_space_node_default_size: 8388608.
 - enlarge_chunks_in_place: 1.
 - use_allocation_guard: 0.


Internal statistics:

num_allocs_failed_limit: 0.
num_arena_births: 204.
num_arena_deaths: 0.
num_vsnodes_births: 2.
num_vsnodes_deaths: 0.
num_space_committed: 240.
num_space_uncommitted: 0.
num_chunks_returned_to_freelist: 0.
num_chunks_taken_from_freelist: 549.
num_chunk_merges: 0.
num_chunk_splits: 405.
num_chunks_enlarged: 322.
num_inconsistent_stats: 0.

CodeHeap 'non-profiled nmethods': size=120028Kb used=626Kb max_used=626Kb free=119401Kb
 bounds [0x00007ad45e468000, 0x00007ad45e6d8000, 0x00007ad46599f000]
CodeHeap 'profiled nmethods': size=120028Kb used=2950Kb max_used=2950Kb free=117077Kb
 bounds [0x00007ad45699f000, 0x00007ad456c8f000, 0x00007ad45ded6000]
CodeHeap 'non-nmethods': size=5704Kb used=1404Kb max_used=1420Kb free=4299Kb
 bounds [0x00007ad45ded6000, 0x00007ad45e146000, 0x00007ad45e468000]
 total_blobs=2243 nmethods=1729 adapters=420
 compilation: enabled
              stopped_count=0, restarted_count=0
 full_count=0

Compilation events (20 events):
Event: 4.631 Thread 0x0000571b14fdff10 1720       4       java.lang.String::startsWith (123 bytes)
Event: 4.637 Thread 0x0000571b14fdff10 nmethod 1720 0x00007ad45e503010 code [0x00007ad45e5031c0, 0x00007ad45e503500]
Event: 4.640 Thread 0x0000571b14fe0ee0 1721       3       java.lang.Class::newReflectionData (66 bytes)
Event: 4.641 Thread 0x0000571b14fe0ee0 nmethod 1721 0x00007ad456c7e410 code [0x00007ad456c7e640, 0x00007ad456c7ef18]
Event: 5.569 Thread 0x0000571b14fdff10 1722       4       java.lang.reflect.Method::getParameterTypes (11 bytes)
Event: 5.571 Thread 0x0000571b14fdff10 nmethod 1722 0x00007ad45e503790 code [0x00007ad45e503920, 0x00007ad45e503aa0]
Event: 5.577 Thread 0x0000571b14fdff10 1723       4       java.lang.ClassLoader::checkName (37 bytes)
Event: 5.581 Thread 0x0000571b14fdff10 nmethod 1723 0x00007ad45e503b90 code [0x00007ad45e503d20, 0x00007ad45e503f90]
Event: 5.581 Thread 0x0000571b14fdff10 1724       4       java.lang.Object::<init> (1 bytes)
Event: 5.581 Thread 0x0000571b14fdff10 nmethod 1724 0x00007ad45e504190 code [0x00007ad45e504300, 0x00007ad45e5043c8]
Event: 6.035 Thread 0x0000571b14fe0ee0 1725       3       java.util.concurrent.locks.ReentrantLock::lock (8 bytes)
Event: 6.035 Thread 0x0000571b14fe0ee0 nmethod 1725 0x00007ad456c7f210 code [0x00007ad456c7f3e0, 0x00007ad456c7f6d0]
Event: 6.035 Thread 0x0000571b14fe0ee0 1726       3       java.lang.ref.ReferenceQueue::enqueue0 (98 bytes)
Event: 6.036 Thread 0x0000571b14fe0ee0 nmethod 1726 0x00007ad456c7f810 code [0x00007ad456c7fa00, 0x00007ad456c80020]
Event: 6.036 Thread 0x0000571b14fe0ee0 1728   !   3       java.lang.ref.NativeReferenceQueue::enqueue (20 bytes)
Event: 6.036 Thread 0x0000571b14fe0ee0 nmethod 1728 0x00007ad456c80110 code [0x00007ad456c802c0, 0x00007ad456c804f8]
Event: 6.036 Thread 0x0000571b14fe0ee0 1729       3       java.lang.ref.NativeReferenceQueue::signal (8 bytes)
Event: 6.036 Thread 0x0000571b14fe0ee0 nmethod 1729 0x00007ad456c80610 code [0x00007ad456c807c0, 0x00007ad456c80908]
Event: 213.093 Thread 0x0000571b14fe0ee0 1730       1       java.util.concurrent.CopyOnWriteArrayList::getArray (5 bytes)
Event: 213.093 Thread 0x0000571b14fe0ee0 nmethod 1730 0x00007ad45e504810 code [0x00007ad45e5049a0, 0x00007ad45e504a68]

GC Heap History (4 events):
Event: 1.816 GC heap before
{Heap before GC invocations=0 (full 0):
 garbage-first heap   total 462848K, used 29745K [0x0000000640c00000, 0x0000000800000000)
  region size 4096K, 5 young (20480K), 0 survivors (0K)
 Metaspace       used 6334K, committed 6528K, reserved 1114112K
  class space    used 674K, committed 768K, reserved 1048576K
}
Event: 1.821 GC heap after
{Heap after GC invocations=1 (full 0):
 garbage-first heap   total 462848K, used 12265K [0x0000000640c00000, 0x0000000800000000)
  region size 4096K, 1 young (4096K), 1 survivors (4096K)
 Metaspace       used 6334K, committed 6528K, reserved 1114112K
  class space    used 674K, committed 768K, reserved 1048576K
}
Event: 6.029 GC heap before
{Heap before GC invocations=1 (full 0):
 garbage-first heap   total 462848K, used 36841K [0x0000000640c00000, 0x0000000800000000)
  region size 4096K, 7 young (28672K), 1 survivors (4096K)
 Metaspace       used 15041K, committed 15296K, reserved 1114112K
  class space    used 1624K, committed 1728K, reserved 1048576K
}
Event: 6.034 GC heap after
{Heap after GC invocations=2 (full 0):
 garbage-first heap   total 462848K, used 14346K [0x0000000640c00000, 0x0000000800000000)
  region size 4096K, 1 young (4096K), 1 survivors (4096K)
 Metaspace       used 15041K, committed 15296K, reserved 1114112K
  class space    used 1624K, committed 1728K, reserved 1048576K
}

Dll operation events (8 events):
Event: 0.015 Loaded shared library /usr/lib/jvm/java-21-openjdk-amd64/lib/libjava.so
Event: 0.041 Loaded shared library /usr/lib/jvm/java-21-openjdk-amd64/lib/libjsvml.so
Event: 1.494 Loaded shared library /usr/lib/jvm/java-21-openjdk-amd64/lib/libnio.so
Event: 1.521 Loaded shared library /usr/lib/jvm/java-21-openjdk-amd64/lib/libzip.so
Event: 1.557 Loaded shared library /usr/lib/jvm/java-21-openjdk-amd64/lib/libjimage.so
Event: 1.700 Loaded shared library /usr/lib/jvm/java-21-openjdk-amd64/lib/libmanagement.so
Event: 1.704 Loaded shared library /usr/lib/jvm/java-21-openjdk-amd64/lib/libmanagement_ext.so
Event: 1.877 Loaded shared library /usr/lib/jvm/java-21-openjdk-amd64/lib/libnet.so

Deoptimization events (20 events):
Event: 2.053 Thread 0x0000571b13da31b0 DEOPT PACKING pc=0x00007ad45e4e0db8 sp=0x00007fff4547a580
Event: 2.053 Thread 0x0000571b13da31b0 DEOPT UNPACKING pc=0x00007ad45df29f99 sp=0x00007fff4547a570 mode 2
Event: 2.053 Thread 0x0000571b13da31b0 Uncommon trap: trap_request=0xffffffde fr.pc=0x00007ad45e4e0db8 relative=0x0000000000000698
Event: 2.053 Thread 0x0000571b13da31b0 Uncommon trap: reason=class_check action=maybe_recompile pc=0x00007ad45e4e0db8 method=java.util.regex.Matcher.search(I)Z @ 121 c2
Event: 2.053 Thread 0x0000571b13da31b0 DEOPT PACKING pc=0x00007ad45e4e0db8 sp=0x00007fff4547a580
Event: 2.053 Thread 0x0000571b13da31b0 DEOPT UNPACKING pc=0x00007ad45df29f99 sp=0x00007fff4547a570 mode 2
Event: 2.053 Thread 0x0000571b13da31b0 Uncommon trap: trap_request=0xffffffde fr.pc=0x00007ad45e4e0db8 relative=0x0000000000000698
Event: 2.053 Thread 0x0000571b13da31b0 Uncommon trap: reason=class_check action=maybe_recompile pc=0x00007ad45e4e0db8 method=java.util.regex.Matcher.search(I)Z @ 121 c2
Event: 2.053 Thread 0x0000571b13da31b0 DEOPT PACKING pc=0x00007ad45e4e0db8 sp=0x00007fff4547a580
Event: 2.053 Thread 0x0000571b13da31b0 DEOPT UNPACKING pc=0x00007ad45df29f99 sp=0x00007fff4547a570 mode 2
Event: 2.053 Thread 0x0000571b13da31b0 Uncommon trap: trap_request=0xffffffde fr.pc=0x00007ad45e4e0db8 relative=0x0000000000000698
Event: 2.053 Thread 0x0000571b13da31b0 Uncommon trap: reason=class_check action=maybe_recompile pc=0x00007ad45e4e0db8 method=java.util.regex.Matcher.search(I)Z @ 121 c2
Event: 2.053 Thread 0x0000571b13da31b0 DEOPT PACKING pc=0x00007ad45e4e0db8 sp=0x00007fff4547a580
Event: 2.053 Thread 0x0000571b13da31b0 DEOPT UNPACKING pc=0x00007ad45df29f99 sp=0x00007fff4547a570 mode 2
Event: 2.108 Thread 0x0000571b13da31b0 Uncommon trap: trap_request=0xffffffde fr.pc=0x00007ad45e4cf17c relative=0x0000000000000c7c
Event: 2.108 Thread 0x0000571b13da31b0 Uncommon trap: reason=class_check action=maybe_recompile pc=0x00007ad45e4cf17c method=java.util.HashMap.putVal(ILjava/lang/Object;Ljava/lang/Object;ZZ)Ljava/lang/Object; @ 91 c2
Event: 2.108 Thread 0x0000571b13da31b0 DEOPT PACKING pc=0x00007ad45e4cf17c sp=0x00007fff4547b9b0
Event: 2.108 Thread 0x0000571b13da31b0 DEOPT UNPACKING pc=0x00007ad45df29f99 sp=0x00007fff4547b8f0 mode 2
Event: 4.614 Thread 0x0000571b13da31b0 DEOPT PACKING pc=0x00007ad456a4567c sp=0x00007fff45474df0
Event: 4.614 Thread 0x0000571b13da31b0 DEOPT UNPACKING pc=0x00007ad45df2a72f sp=0x00007fff45474318 mode 0

Classes loaded (20 events):
Event: 2.029 Loading class jdk/jfr/FlightRecorder
Event: 2.029 Loading class jdk/jfr/FlightRecorder done
Event: 2.030 Loading class javax/management/ObjectName$PatternProperty
Event: 2.030 Loading class javax/management/ObjectName$PatternProperty done
Event: 2.031 Loading class java/beans/PropertyChangeListener
Event: 2.031 Loading class java/beans/PropertyChangeListener done
Event: 2.031 Loading class com/sun/jmx/mbeanserver/StandardMBeanSupport
Event: 2.031 Loading class com/sun/jmx/mbeanserver/StandardMBeanSupport done
Event: 2.031 Loading class com/sun/jmx/mbeanserver/StandardMBeanIntrospector
Event: 2.032 Loading class com/sun/jmx/mbeanserver/StandardMBeanIntrospector done
Event: 2.672 Loading class java/lang/AssertionError
Event: 2.672 Loading class java/lang/AssertionError done
Event: 4.589 Loading class java/util/concurrent/CompletionException
Event: 4.589 Loading class java/util/concurrent/CompletionException done
Event: 4.639 Loading class java/util/Currency
Event: 4.639 Loading class java/util/Currency done
Event: 5.579 Loading class java/util/Comparators$NaturalOrderComparator
Event: 5.579 Loading class java/util/Comparators$NaturalOrderComparator done
Event: 213.091 Loading class jdk/internal/misc/Signal$1
Event: 213.091 Loading class jdk/internal/misc/Signal$1 done

Classes unloaded (0 events):
No events

Classes redefined (0 events):
No events

Internal exceptions (20 events):
Event: 1.582 Thread 0x0000571b13da31b0 Exception <a 'java/lang/NoSuchMethodError'{0x000000065c52c9d0}: 'java.lang.Object java.lang.invoke.DirectMethodHandle$Holder.invokeStaticInit(java.lang.Object, java.lang.Object, java.lang.Object)'> (0x000000065c52c9d0) 
thrown [./src/hotspot/share/interpreter/linkResolver.cpp, line 772]
Event: 1.585 Thread 0x0000571b13da31b0 Exception <a 'java/lang/NoSuchMethodError'{0x000000065c541a90}: 'java.lang.Object java.lang.invoke.DirectMethodHandle$Holder.invokeStatic(java.lang.Object, java.lang.Object, int)'> (0x000000065c541a90) 
thrown [./src/hotspot/share/interpreter/linkResolver.cpp, line 772]
Event: 1.586 Thread 0x0000571b13da31b0 Exception <a 'java/lang/NoSuchMethodError'{0x000000065c54d400}: 'void java.lang.invoke.DelegatingMethodHandle$Holder.delegate(java.lang.Object, java.lang.Object, int, java.lang.Object)'> (0x000000065c54d400) 
thrown [./src/hotspot/share/interpreter/linkResolver.cpp, line 772]
Event: 1.586 Thread 0x0000571b13da31b0 Exception <a 'java/lang/NoSuchMethodError'{0x000000065c5514c0}: 'int java.lang.invoke.DirectMethodHandle$Holder.invokeSpecial(java.lang.Object, java.lang.Object, java.lang.Object)'> (0x000000065c5514c0) 
thrown [./src/hotspot/share/interpreter/linkResolver.cpp, line 772]
Event: 1.595 Thread 0x0000571b13da31b0 Exception <a 'java/lang/NoSuchMethodError'{0x000000065c594248}: 'java.lang.Object java.lang.invoke.DirectMethodHandle$Holder.invokeInterface(java.lang.Object, java.lang.Object)'> (0x000000065c594248) 
thrown [./src/hotspot/share/interpreter/linkResolver.cpp, line 772]
Event: 1.595 Thread 0x0000571b13da31b0 Exception <a 'java/lang/IncompatibleClassChangeError'{0x000000065c5974d0}: Found class java.lang.Object, but interface was expected> (0x000000065c5974d0) 
thrown [./src/hotspot/share/interpreter/linkResolver.cpp, line 840]
Event: 1.597 Thread 0x0000571b13da31b0 Exception <a 'java/lang/NoSuchMethodError'{0x000000065c5a0de0}: 'void java.lang.invoke.DirectMethodHandle$Holder.invokeSpecial(java.lang.Object, java.lang.Object, java.lang.Object)'> (0x000000065c5a0de0) 
thrown [./src/hotspot/share/interpreter/linkResolver.cpp, line 772]
Event: 1.599 Thread 0x0000571b13da31b0 Exception <a 'java/lang/NoSuchMethodError'{0x000000065c5bb598}: 'java.lang.Object java.lang.invoke.DirectMethodHandle$Holder.newInvokeSpecial(java.lang.Object, java.lang.Object, java.lang.Object, int, java.lang.Object)'> (0x000000065c5bb598) 
thrown [./src/hotspot/share/interpreter/linkResolver.cpp, line 772]
Event: 1.600 Thread 0x0000571b13da31b0 Exception <a 'java/lang/NoSuchMethodError'{0x000000065c5c2d50}: 'java.lang.Object java.lang.invoke.Invokers$Holder.linkToTargetMethod(java.lang.Object, java.lang.Object, int, java.lang.Object, java.lang.Object)'> (0x000000065c5c2d50) 
thrown [./src/hotspot/share/interpreter/linkResolver.cpp, line 772]
Event: 1.685 Thread 0x0000571b13da31b0 Exception <a 'java/lang/NoSuchMethodError'{0x000000065c3d6558}: 'java.lang.Object java.lang.invoke.DirectMethodHandle$Holder.newInvokeSpecial(java.lang.Object, long, int, java.lang.Object)'> (0x000000065c3d6558) 
thrown [./src/hotspot/share/interpreter/linkResolver.cpp, line 772]
Event: 1.692 Thread 0x0000571b13da31b0 Exception <a 'java/lang/NoSuchMethodError'{0x000000065bc29780}: 'void java.lang.invoke.DirectMethodHandle$Holder.invokeStaticInit(java.lang.Object, java.lang.Object, java.lang.Object, java.lang.Object)'> (0x000000065bc29780) 
thrown [./src/hotspot/share/interpreter/linkResolver.cpp, line 772]
Event: 1.768 Thread 0x0000571b13da31b0 Exception <a 'java/lang/NoSuchMethodError'{0x000000065bf37f48}: 'java.lang.Object java.lang.invoke.Invokers$Holder.invokeExact_MT(java.lang.Object, java.lang.Object, java.lang.Object, java.lang.Object, java.lang.Object)'> (0x000000065bf37f48) 
thrown [./src/hotspot/share/interpreter/linkResolver.cpp, line 772]
Event: 1.888 Thread 0x0000571b13da31b0 Exception <a 'java/lang/NoSuchMethodError'{0x000000065cb9eb98}: 'java.lang.Object java.lang.invoke.DirectMethodHandle$Holder.newInvokeSpecial(java.lang.Object, java.lang.Object, java.lang.Object, java.lang.Object, java.lang.Object)'> (0x000000065cb9eb98) 
thrown [./src/hotspot/share/interpreter/linkResolver.cpp, line 772]
Event: 1.898 Thread 0x0000571b13da31b0 Exception <a 'java/lang/NoSuchMethodError'{0x000000065c41bf80}: 'void java.lang.invoke.Invokers$Holder.invokeExact_MT(java.lang.Object, java.lang.Object, java.lang.Object, java.lang.Object)'> (0x000000065c41bf80) 
thrown [./src/hotspot/share/interpreter/linkResolver.cpp, line 772]
Event: 1.903 Thread 0x0000571b13da31b0 Exception <a 'java/lang/NoSuchMethodError'{0x000000065c45bd20}: 'void java.lang.invoke.DelegatingMethodHandle$Holder.reinvoke_L(java.lang.Object, java.lang.Object, int)'> (0x000000065c45bd20) 
thrown [./src/hotspot/share/interpreter/linkResolver.cpp, line 772]
Event: 1.903 Thread 0x0000571b13da31b0 Exception <a 'java/lang/NoSuchMethodError'{0x000000065c4625c0}: 'int java.lang.invoke.Invokers$Holder.invokeExact_MT(java.lang.Object, java.lang.Object, java.lang.Object)'> (0x000000065c4625c0) 
thrown [./src/hotspot/share/interpreter/linkResolver.cpp, line 772]
Event: 1.922 Thread 0x0000571b13da31b0 Exception <a 'java/lang/NoSuchMethodError'{0x000000065c59edd0}: 'java.lang.Object java.lang.invoke.Invokers$Holder.invokeExact_MT(java.lang.Object, java.lang.Object, java.lang.Object, java.lang.Object, java.lang.Object, java.lang.Object)'> (0x000000065c59edd0) 
thrown [./src/hotspot/share/interpreter/linkResolver.cpp, line 772]
Event: 1.931 Thread 0x0000571b13da31b0 Exception <a 'java/lang/NoSuchMethodError'{0x000000065c5ce120}: 'int java.lang.invoke.DirectMethodHandle$Holder.invokeInterface(java.lang.Object, java.lang.Object)'> (0x000000065c5ce120) 
thrown [./src/hotspot/share/interpreter/linkResolver.cpp, line 772]
Event: 1.932 Thread 0x0000571b13da31b0 Exception <a 'java/lang/IncompatibleClassChangeError'{0x000000065c5d1340}: Found class java.lang.Object, but interface was expected> (0x000000065c5d1340) 
thrown [./src/hotspot/share/interpreter/linkResolver.cpp, line 840]
Event: 1.932 Thread 0x0000571b13da31b0 Exception <a 'java/lang/NoSuchMethodError'{0x000000065c5d6558}: 'void java.lang.invoke.DirectMethodHandle$Holder.invokeStatic(java.lang.Object, java.lang.Object)'> (0x000000065c5d6558) 
thrown [./src/hotspot/share/interpreter/linkResolver.cpp, line 772]

ZGC Phase Switch (0 events):
No events

VM Operations (20 events):
Event: 1.815 Executing VM operation: HandshakeAllThreads (Deoptimize) done
Event: 1.816 Executing VM operation: G1CollectForAllocation (G1 Evacuation Pause)
Event: 1.821 Executing VM operation: G1CollectForAllocation (G1 Evacuation Pause) done
Event: 1.895 Executing VM operation: HandshakeAllThreads (Deoptimize)
Event: 1.895 Executing VM operation: HandshakeAllThreads (Deoptimize) done
Event: 2.895 Executing VM operation: Cleanup
Event: 2.896 Executing VM operation: Cleanup done
Event: 4.125 Executing VM operation: HandshakeAllThreads (Deoptimize)
Event: 4.125 Executing VM operation: HandshakeAllThreads (Deoptimize) done
Event: 5.125 Executing VM operation: Cleanup
Event: 5.125 Executing VM operation: Cleanup done
Event: 6.029 Executing VM operation: G1CollectForAllocation (G1 Evacuation Pause)
Event: 6.034 Executing VM operation: G1CollectForAllocation (G1 Evacuation Pause) done
Event: 7.035 Executing VM operation: Cleanup
Event: 7.035 Executing VM operation: Cleanup done
Event: 60.064 Executing VM operation: HandshakeAllThreads (HandshakeForDeflation)
Event: 60.065 Executing VM operation: HandshakeAllThreads (HandshakeForDeflation) done
Event: 60.065 Executing VM operation: RendezvousGCThreads
Event: 60.065 Executing VM operation: RendezvousGCThreads done
Event: 213.093 Executing VM operation: Exit

Memory protections (14 events):
Event: 0.015 Protecting memory [0x00007fff45381000,0x00007fff45385000] with protection modes 0
Event: 0.038 Protecting memory [0x00007ad44d38a000,0x00007ad44d38e000] with protection modes 0
Event: 0.039 Protecting memory [0x00007ad44d28a000,0x00007ad44d28e000] with protection modes 0
Event: 0.039 Protecting memory [0x00007ad44d18a000,0x00007ad44d18e000] with protection modes 0
Event: 0.039 Protecting memory [0x00007ad44d08a000,0x00007ad44d08e000] with protection modes 0
Event: 0.039 Protecting memory [0x00007ad44cf8a000,0x00007ad44cf8e000] with protection modes 0
Event: 0.040 Protecting memory [0x00007ad44ce8a000,0x00007ad44ce8e000] with protection modes 0
Event: 0.040 Protecting memory [0x00007ad44cd8a000,0x00007ad44cd8e000] with protection modes 0
Event: 0.054 Protecting memory [0x00007ad44cbb9000,0x00007ad44cbbd000] with protection modes 0
Event: 0.069 Protecting memory [0x00007ad44cab9000,0x00007ad44cabd000] with protection modes 0
Event: 1.513 Protecting memory [0x00007ad44c893000,0x00007ad44c897000] with protection modes 0
Event: 1.513 Protecting memory [0x00007ad44c793000,0x00007ad44c797000] with protection modes 0
Event: 213.092 Protecting memory [0x00007ad44c893000,0x00007ad44c897000] with protection modes 0
Event: 213.092 Protecting memory [0x00007ad44c793000,0x00007ad44c797000] with protection modes 0

Nmethod flushes (0 events):
No events

Events (19 events):
Event: 0.031 Thread 0x0000571b13da31b0 Thread added: 0x0000571b13da31b0
Event: 0.038 Thread 0x0000571b13da31b0 Thread added: 0x0000571b14fdae10
Event: 0.038 Thread 0x0000571b13da31b0 Thread added: 0x0000571b14fdbda0
Event: 0.039 Thread 0x0000571b13da31b0 Thread added: 0x0000571b14fdcd30
Event: 0.039 Thread 0x0000571b13da31b0 Thread added: 0x0000571b14fddcc0
Event: 0.039 Thread 0x0000571b13da31b0 Thread added: 0x0000571b14fdec50
Event: 0.039 Thread 0x0000571b13da31b0 Thread added: 0x0000571b14fdff10
Event: 0.040 Thread 0x0000571b13da31b0 Thread added: 0x0000571b14fe0ee0
Event: 0.054 Thread 0x0000571b13da31b0 Thread added: 0x0000571b14fe2610
Event: 0.069 Thread 0x0000571b13da31b0 Thread added: 0x0000571b1500a4f0
Event: 1.513 Thread 0x0000571b14fdff10 Thread added: 0x00007ad3d00a7a80
Event: 1.513 Thread 0x0000571b14fdff10 Thread added: 0x00007ad3d00a90e0
Event: 2.650 Thread 0x00007ad3d00a90e0 Thread exited: 0x00007ad3d00a90e0
Event: 3.128 Thread 0x00007ad3d00a7a80 Thread exited: 0x00007ad3d00a7a80
Event: 213.092 Thread 0x0000571b14fdcd30 Thread added: 0x00007ad3d4009320
Event: 213.092 Thread 0x00007ad3d4009320 Thread added: 0x00007ac380001cb0
Event: 213.093 Thread 0x00007ad3d4009320 Before exit entered
Event: 213.093 Thread 0x00007ac380001cb0 Thread exited: 0x00007ac380001cb0
Event: 213.093 Thread 0x0000571b14fdcd30 Thread exited: 0x0000571b14fdcd30


Dynamic libraries:
200000000-200400000 ---p 00000000 00:00 0 
200400000-200600000 rw-s 00000000 00:05 1189                             /dev/nvidia0
200600000-203600000 rw-s 00000000 00:05 1166                             /dev/nvidiactl
203600000-206400000 ---p 00000000 00:00 0 
206400000-206600000 rw-s 00000000 00:05 1166                             /dev/nvidiactl
206600000-206800000 rw-s 00000000 00:05 1166                             /dev/nvidiactl
206800000-206a00000 rw-s 206800000 00:05 1248                            /dev/nvidia-uvm
206a00000-300200000 ---p 00000000 00:00 0 
640c00000-65cc00000 rw-p 00000000 00:00 0 
65cc00000-7ffc00000 ---p 00000000 00:00 0 
7ffc00000-7ffd0d000 rw-p 00cd6000 08:02 67124815                         /usr/lib/jvm/java-21-openjdk-amd64/lib/server/classes.jsa
7ffd0d000-800000000 rw-p 00000000 00:00 0 
10000000000-10004000000 ---p 00000000 00:00 0 
571b09755000-571b09846000 r--p 00000000 08:02 58483964                   /opt/conda/bin/python3.11
571b09846000-571b09a79000 r-xp 000f1000 08:02 58483964                   /opt/conda/bin/python3.11
571b09a79000-571b09b66000 r--p 00324000 08:02 58483964                   /opt/conda/bin/python3.11
571b09b66000-571b09b95000 r--p 00410000 08:02 58483964                   /opt/conda/bin/python3.11
571b09b95000-571b09cc7000 rw-p 0043f000 08:02 58483964                   /opt/conda/bin/python3.11
571b09cc7000-571b09d09000 rw-p 00000000 00:00 0 
571b09e85000-571b3bd22000 rw-p 00000000 00:00 0                          [heap]
7ac380000000-7ac380021000 rw-p 00000000 00:00 0 
7ac380021000-7ac384000000 ---p 00000000 00:00 0 
7ac384000000-7ac384021000 rw-p 00000000 00:00 0 
7ac384021000-7ac388000000 ---p 00000000 00:00 0 
7ac388000000-7ac3ba000000 ---p 00000000 00:00 0 
7ac3bb40f000-7ac3bc000000 rw-p 00000000 00:00 0 
7ac3bc000000-7ac3c6000000 ---p 00000000 00:00 0 
7ac3c6726000-7ac3c8000000 rw-p 00000000 00:00 0 
7ac3c8000000-7ac3d2000000 ---p 00000000 00:00 0 
7ac3d27fb000-7ac3d4000000 rw-p 00000000 00:00 0 
7ac3d4000000-7ac3e0000000 ---p 00000000 00:00 0 
7ac3e0000000-7ac3e3fc7000 rw-p 00000000 00:00 0 
7ac3e3fc7000-7ac3e4000000 ---p 00000000 00:00 0 
7ac3e450c000-7ac3e6000000 rw-p 00000000 00:00 0 
7ac3e6000000-7ac6fc000000 ---p 00000000 00:00 0 
7ac6fc000000-7ac6fc141000 rw-p 00000000 00:00 0 
7ac6fc141000-7ac700000000 ---p 00000000 00:00 0 
7ac700000000-7ac7000ba000 rw-p 00000000 00:00 0 
7ac7000ba000-7ac704000000 ---p 00000000 00:00 0 
7ac704000000-7ac7040bd000 rw-p 00000000 00:00 0 
7ac7040bd000-7ac708000000 ---p 00000000 00:00 0 
7ac708000000-7ac70813d000 rw-p 00000000 00:00 0 
7ac70813d000-7ac70c000000 ---p 00000000 00:00 0 
7ac70c000000-7ac70c12e000 rw-p 00000000 00:00 0 
7ac70c12e000-7ac710000000 ---p 00000000 00:00 0 
7ac7109b0000-7ac712000000 rw-p 00000000 00:00 0 
7ac712000000-7ac74e200000 ---p 00000000 00:00 0 
7ac74e200000-7ac74e801000 rw-s 00000000 00:01 184426                     /dev/zero (deleted)
7ac74e801000-7ad32a800000 ---p 00000000 00:00 0 
7ad32a800000-7ad32aa00000 rw-s 00000000 00:01 167289                     /dev/zero (deleted)
7ad32aa00000-7ad32d400000 ---p 00000000 00:00 0 
7ad32d400000-7ad32d600000 rw-s 00000000 00:01 168331                     /dev/zero (deleted)
7ad32d600000-7ad360000000 ---p 00000000 00:00 0 
7ad360000000-7ad3600c6000 rw-p 00000000 00:00 0 
7ad3600c6000-7ad364000000 ---p 00000000 00:00 0 
7ad364000000-7ad364139000 rw-p 00000000 00:00 0 
7ad364139000-7ad368000000 ---p 00000000 00:00 0 
7ad368000000-7ad368021000 rw-p 00000000 00:00 0 
7ad368021000-7ad36c000000 ---p 00000000 00:00 0 
7ad36c000000-7ad36c021000 rw-p 00000000 00:00 0 
7ad36c021000-7ad370000000 ---p 00000000 00:00 0 
7ad370000000-7ad370021000 rw-p 00000000 00:00 0 
7ad370021000-7ad374000000 ---p 00000000 00:00 0 
7ad374005000-7ad37c000000 rw-p 00000000 00:00 0 
7ad37c000000-7ad37fcd2000 rw-p 00000000 00:00 0 
7ad37fcd2000-7ad380000000 ---p 00000000 00:00 0 
7ad3805f9000-7ad3805fa000 ---p 00000000 00:00 0 
7ad3805fa000-7ad380dfa000 rw-p 00000000 00:00 0 
7ad380dfa000-7ad380dfb000 ---p 00000000 00:00 0 
7ad380dfb000-7ad380ffb000 rw-p 00000000 00:00 0 
7ad380ffb000-7ad380ffc000 ---p 00000000 00:00 0 
7ad380ffc000-7ad3811fc000 rw-p 00000000 00:00 0 
7ad3811fc000-7ad3811fd000 ---p 00000000 00:00 0 
7ad3811fd000-7ad3813fd000 rw-p 00000000 00:00 0 
7ad3813fd000-7ad3813fe000 ---p 00000000 00:00 0 
7ad3813fe000-7ad3815fe000 rw-p 00000000 00:00 0 
7ad3815fe000-7ad3815ff000 ---p 00000000 00:00 0 
7ad3815ff000-7ad3817ff000 rw-p 00000000 00:00 0 
7ad3817ff000-7ad381800000 ---p 00000000 00:00 0 
7ad381800000-7ad382000000 rw-p 00000000 00:00 0 
7ad382000000-7ad392400000 ---p 00000000 00:00 0 
7ad392400000-7ad392600000 rw-s 00000000 00:05 1166                       /dev/nvidiactl
7ad392600000-7ad392800000 rw-s 00000000 00:01 168327                     /dev/zero (deleted)
7ad392800000-7ad392a00000 rw-s 00000000 00:01 168328                     /dev/zero (deleted)
7ad392a00000-7ad393000000 ---p 00000000 00:00 0 
7ad393000000-7ad393200000 rw-s 00000000 00:05 1166                       /dev/nvidiactl
7ad393200000-7ad393400000 ---p 00000000 00:00 0 
7ad393400000-7ad393600000 rw-s 00000000 00:01 168330                     /dev/zero (deleted)
7ad393600000-7ad393a63000 rw-s 00000000 00:05 1166                       /dev/nvidiactl
7ad393a63000-7ad394000000 ---p 00000000 00:00 0 
7ad394000000-7ad394021000 rw-p 00000000 00:00 0 
7ad394021000-7ad398000000 ---p 00000000 00:00 0 
7ad398006000-7ad398007000 ---p 00000000 00:00 0 
7ad398007000-7ad3995dc000 rw-p 00000000 00:00 0 
7ad3995dc000-7ad3995dd000 ---p 00000000 00:00 0 
7ad3995dd000-7ad399ddd000 rw-p 00000000 00:00 0 
7ad399ddd000-7ad399dde000 ---p 00000000 00:00 0 
7ad399dde000-7ad39a5de000 rw-p 00000000 00:00 0 
7ad39a5de000-7ad39a5df000 rw-s 00000000 00:05 1166                       /dev/nvidiactl
7ad39a5df000-7ad39a5e0000 rw-s 00000000 00:05 1166                       /dev/nvidiactl
7ad39a5e0000-7ad39a5e1000 rw-s 00000000 00:05 1166                       /dev/nvidiactl
7ad39a5e1000-7ad39a5e2000 rw-s 00000000 00:05 1166                       /dev/nvidiactl
7ad39a5e2000-7ad39a5e3000 rw-s 00000000 00:05 1166                       /dev/nvidiactl
7ad39a5e3000-7ad39a5e4000 rw-s 00000000 00:05 1166                       /dev/nvidiactl
7ad39a5e4000-7ad39a5e5000 rw-s 00000000 00:05 1166                       /dev/nvidiactl
7ad39a5e5000-7ad39a5e6000 rw-s 00000000 00:05 1166                       /dev/nvidiactl
7ad39a5e6000-7ad39a5e7000 rw-s 00000000 00:05 1166                       /dev/nvidiactl
7ad39a5e7000-7ad39a5e8000 rw-s 00000000 00:05 1166                       /dev/nvidiactl
7ad39a5e8000-7ad39a5e9000 rw-s 00000000 00:05 1166                       /dev/nvidiactl
7ad39a5e9000-7ad39a5ea000 rw-s 00000000 00:05 1166                       /dev/nvidiactl
7ad39a5ea000-7ad39a5eb000 rw-s 00000000 00:05 1166                       /dev/nvidiactl
7ad39a5eb000-7ad39a5ec000 rw-s 00000000 00:05 1166                       /dev/nvidiactl
7ad39a5ec000-7ad39a5ed000 rw-s 00000000 00:05 1166                       /dev/nvidiactl
7ad39a5ed000-7ad39a5ee000 rw-s 00000000 00:05 1166                       /dev/nvidiactl
7ad39a5ee000-7ad39b800000 ---p 00000000 00:00 0 
7ad39b800000-7ad39c000000 rw-p 00000000 00:00 0 
7ad39c000000-7ad39c021000 rw-p 00000000 00:00 0 
7ad39c021000-7ad3a0000000 ---p 00000000 00:00 0 
7ad3a0000000-7ad3a0021000 rw-p 00000000 00:00 0 
7ad3a0021000-7ad3a4000000 ---p 00000000 00:00 0 
7ad3a4000000-7ad3a4021000 rw-p 00000000 00:00 0 
7ad3a4021000-7ad3a8000000 ---p 00000000 00:00 0 
7ad3a8000000-7ad3a8021000 rw-p 00000000 00:00 0 
7ad3a8021000-7ad3ac000000 ---p 00000000 00:00 0 
7ad3ac000000-7ad3ac021000 rw-p 00000000 00:00 0 
7ad3ac021000-7ad3b0000000 ---p 00000000 00:00 0 
7ad3b0000000-7ad3b0021000 rw-p 00000000 00:00 0 
7ad3b0021000-7ad3b4000000 ---p 00000000 00:00 0 
7ad3b4000000-7ad3b4361000 rw-p 00000000 00:00 0 
7ad3b4361000-7ad3b8000000 ---p 00000000 00:00 0 
7ad3b8000000-7ad3b8021000 rw-p 00000000 00:00 0 
7ad3b8021000-7ad3bc000000 ---p 00000000 00:00 0 
7ad3bc000000-7ad3bc021000 rw-p 00000000 00:00 0 
7ad3bc021000-7ad3c0000000 ---p 00000000 00:00 0 
7ad3c0000000-7ad3c051d000 rw-p 00000000 00:00 0 
7ad3c051d000-7ad3c4000000 ---p 00000000 00:00 0 
7ad3c4000000-7ad3c42f0000 rw-p 00000000 00:00 0 
7ad3c42f0000-7ad3c8000000 ---p 00000000 00:00 0 
7ad3c8000000-7ad3c8021000 rw-p 00000000 00:00 0 
7ad3c8021000-7ad3cc000000 ---p 00000000 00:00 0 
7ad3cc000000-7ad3cc021000 rw-p 00000000 00:00 0 
7ad3cc021000-7ad3d0000000 ---p 00000000 00:00 0 
7ad3d0000000-7ad3d0356000 rw-p 00000000 00:00 0 
7ad3d0356000-7ad3d4000000 ---p 00000000 00:00 0 
7ad3d4000000-7ad3d4021000 rw-p 00000000 00:00 0 
7ad3d4021000-7ad3d8000000 ---p 00000000 00:00 0 
7ad3d8000000-7ad3d8021000 rw-p 00000000 00:00 0 
7ad3d8021000-7ad3dc000000 ---p 00000000 00:00 0 
7ad3dc000000-7ad3dc021000 rw-p 00000000 00:00 0 
7ad3dc021000-7ad3e0000000 ---p 00000000 00:00 0 
7ad3e0000000-7ad3e0021000 rw-p 00000000 00:00 0 
7ad3e0021000-7ad3e4000000 ---p 00000000 00:00 0 
7ad3e4000000-7ad3e4021000 rw-p 00000000 00:00 0 
7ad3e4021000-7ad3e8000000 ---p 00000000 00:00 0 
7ad3e80fd000-7ad3e81fd000 rw-p 00000000 00:00 0 
7ad3e81fd000-7ad3e81fe000 ---p 00000000 00:00 0 
7ad3e81fe000-7ad3e83fe000 rw-p 00000000 00:00 0 
7ad3e83fe000-7ad3e83ff000 ---p 00000000 00:00 0 
7ad3e83ff000-7ad3e8cff000 rw-p 00000000 00:00 0 
7ad3e8dfe000-7ad3e8dff000 ---p 00000000 00:00 0 
7ad3e8dff000-7ad3e8fff000 rw-p 00000000 00:00 0 
7ad3e8fff000-7ad3e91ff000 rw-s 00000000 00:01 168329                     /dev/zero (deleted)
7ad3e91ff000-7ad3e9200000 ---p 00000000 00:00 0 
7ad3e9200000-7ad3e9a00000 rw-p 00000000 00:00 0 
7ad3e9a00000-7ad3e9aa9000 r--p 00000000 fb:70 3695442                    /home/ubuntu/task2/env/lib/python3.11/site-packages/onnxruntime/capi/onnxruntime_pybind11_state.cpython-311-x86_64-linux-gnu.so
7ad3e9aa9000-7ad3eaaeb000 r-xp 000a9000 fb:70 3695442                    /home/ubuntu/task2/env/lib/python3.11/site-packages/onnxruntime/capi/onnxruntime_pybind11_state.cpython-311-x86_64-linux-gnu.so
7ad3eaaeb000-7ad3eaea9000 r--p 010eb000 fb:70 3695442                    /home/ubuntu/task2/env/lib/python3.11/site-packages/onnxruntime/capi/onnxruntime_pybind11_state.cpython-311-x86_64-linux-gnu.so
7ad3eaea9000-7ad3eaee6000 r--p 014a9000 fb:70 3695442                    /home/ubuntu/task2/env/lib/python3.11/site-packages/onnxruntime/capi/onnxruntime_pybind11_state.cpython-311-x86_64-linux-gnu.so
7ad3eaee6000-7ad3eaee8000 rw-p 014e6000 fb:70 3695442                    /home/ubuntu/task2/env/lib/python3.11/site-packages/onnxruntime/capi/onnxruntime_pybind11_state.cpython-311-x86_64-linux-gnu.so
7ad3eaee8000-7ad3eaef0000 rw-p 00000000 00:00 0 
7ad3eaf00000-7ad3eb3f0000 rw-p 00000000 00:00 0 
7ad3eb3f0000-7ad3eb8f0000 rw-p 00000000 00:00 0 
7ad3eb8f0000-7ad3eba70000 rw-p 00000000 00:00 0 
7ad3eba70000-7ad3ebb00000 ---p 00000000 00:00 0 
7ad3ebb00000-7ad3ebde0000 rw-p 00000000 00:00 0 
7ad3ebde0000-7ad3ef000000 ---p 00000000 00:00 0 
7ad3ef000000-7ad3ef47d000 rw-p 00001000 08:02 67124815                   /usr/lib/jvm/java-21-openjdk-amd64/lib/server/classes.jsa
7ad3ef47d000-7ad3efc97000 rw-p 0047e000 08:02 67124815                   /usr/lib/jvm/java-21-openjdk-amd64/lib/server/classes.jsa
7ad3efc97000-7ad3f0000000 ---p 00000000 00:00 0 
7ad3f0000000-7ad3f0030000 rw-p 00000000 00:00 0 
7ad3f0030000-7ad3f0070000 rw-p 00000000 00:00 0 
7ad3f0070000-7ad3f0130000 rw-p 00000000 00:00 0 
7ad3f0130000-7ad3f01b0000 rw-p 00000000 00:00 0 
7ad3f01b0000-7ad430000000 ---p 00000000 00:00 0 
7ad430000000-7ad430021000 rw-p 00000000 00:00 0 
7ad430021000-7ad434000000 ---p 00000000 00:00 0 
7ad434000000-7ad434021000 rw-p 00000000 00:00 0 
7ad434021000-7ad438000000 ---p 00000000 00:00 0 
7ad438000000-7ad438021000 rw-p 00000000 00:00 0 
7ad438021000-7ad43c000000 ---p 00000000 00:00 0 
7ad43c0ff000-7ad43c3ff000 rw-p 00000000 00:00 0 
7ad43c3ff000-7ad43c400000 ---p 00000000 00:00 0 
7ad43c400000-7ad43d000000 rw-p 00000000 00:00 0 
7ad43d000000-7ad43d050000 r--p 00000000 fb:70 3689979                    /home/ubuntu/task2/env/lib/python3.11/site-packages/tiktoken/_tiktoken.cpython-311-x86_64-linux-gnu.so
7ad43d050000-7ad43d1cc000 r-xp 00050000 fb:70 3689979                    /home/ubuntu/task2/env/lib/python3.11/site-packages/tiktoken/_tiktoken.cpython-311-x86_64-linux-gnu.so
7ad43d1cc000-7ad43d25b000 r--p 001cc000 fb:70 3689979                    /home/ubuntu/task2/env/lib/python3.11/site-packages/tiktoken/_tiktoken.cpython-311-x86_64-linux-gnu.so
7ad43d25b000-7ad43d25c000 ---p 0025b000 fb:70 3689979                    /home/ubuntu/task2/env/lib/python3.11/site-packages/tiktoken/_tiktoken.cpython-311-x86_64-linux-gnu.so
7ad43d25c000-7ad43d2a0000 r--p 0025b000 fb:70 3689979                    /home/ubuntu/task2/env/lib/python3.11/site-packages/tiktoken/_tiktoken.cpython-311-x86_64-linux-gnu.so
7ad43d2a0000-7ad43d2a1000 rw-p 0029f000 fb:70 3689979                    /home/ubuntu/task2/env/lib/python3.11/site-packages/tiktoken/_tiktoken.cpython-311-x86_64-linux-gnu.so
7ad43d300000-7ad440000000 rw-p 00000000 00:00 0 
7ad440000000-7ad440021000 rw-p 00000000 00:00 0 
7ad440021000-7ad444000000 ---p 00000000 00:00 0 
7ad444000000-7ad444021000 rw-p 00000000 00:00 0 
7ad444021000-7ad448000000 ---p 00000000 00:00 0 
7ad448000000-7ad448021000 rw-p 00000000 00:00 0 
7ad448021000-7ad44c000000 ---p 00000000 00:00 0 
7ad44c053000-7ad44c058000 r--p 00000000 fb:70 3814044                    /home/ubuntu/task2/env/lib/python3.11/site-packages/spacy/pipeline/multitask.cpython-311-x86_64-linux-gnu.so
7ad44c058000-7ad44c06f000 r-xp 00005000 fb:70 3814044                    /home/ubuntu/task2/env/lib/python3.11/site-packages/spacy/pipeline/multitask.cpython-311-x86_64-linux-gnu.so
7ad44c06f000-7ad44c074000 r--p 0001c000 fb:70 3814044                    /home/ubuntu/task2/env/lib/python3.11/site-packages/spacy/pipeline/multitask.cpython-311-x86_64-linux-gnu.so
7ad44c074000-7ad44c076000 r--p 00020000 fb:70 3814044                    /home/ubuntu/task2/env/lib/python3.11/site-packages/spacy/pipeline/multitask.cpython-311-x86_64-linux-gnu.so
7ad44c076000-7ad44c077000 rw-p 00022000 fb:70 3814044                    /home/ubuntu/task2/env/lib/python3.11/site-packages/spacy/pipeline/multitask.cpython-311-x86_64-linux-gnu.so
7ad44c077000-7ad44c078000 rw-p 00000000 00:00 0 
7ad44c078000-7ad44c079000 ---p 00000000 00:00 0 
7ad44c079000-7ad44c179000 rw-p 00000000 00:00 0 
7ad44c179000-7ad44c17a000 ---p 00000000 00:00 0 
7ad44c17a000-7ad44c27a000 rw-p 00000000 00:00 0 
7ad44c27a000-7ad44c27b000 ---p 00000000 00:00 0 
7ad44c27b000-7ad44c37b000 rw-p 00000000 00:00 0 
7ad44c37b000-7ad44c37c000 ---p 00000000 00:00 0 
7ad44c37c000-7ad44c47c000 rw-p 00000000 00:00 0 
7ad44c47c000-7ad44c47d000 ---p 00000000 00:00 0 
7ad44c47d000-7ad44c57d000 rw-p 00000000 00:00 0 
7ad44c57d000-7ad44c57e000 ---p 00000000 00:00 0 
7ad44c57e000-7ad44c67e000 rw-p 00000000 00:00 0 
7ad44c67e000-7ad44c67f000 ---p 00000000 00:00 0 
7ad44c67f000-7ad44c77f000 rw-p 00000000 00:00 0 
7ad44c77f000-7ad44c781000 r--p 00000000 08:02 67124801                   /usr/lib/jvm/java-21-openjdk-amd64/lib/libmanagement_ext.so
7ad44c781000-7ad44c784000 r-xp 00002000 08:02 67124801                   /usr/lib/jvm/java-21-openjdk-amd64/lib/libmanagement_ext.so
7ad44c784000-7ad44c785000 r--p 00005000 08:02 67124801                   /usr/lib/jvm/java-21-openjdk-amd64/lib/libmanagement_ext.so
7ad44c785000-7ad44c786000 ---p 00006000 08:02 67124801                   /usr/lib/jvm/java-21-openjdk-amd64/lib/libmanagement_ext.so
7ad44c786000-7ad44c787000 r--p 00006000 08:02 67124801                   /usr/lib/jvm/java-21-openjdk-amd64/lib/libmanagement_ext.so
7ad44c787000-7ad44c788000 rw-p 00007000 08:02 67124801                   /usr/lib/jvm/java-21-openjdk-amd64/lib/libmanagement_ext.so
7ad44c788000-7ad44c78a000 r--p 00000000 08:02 67124811                   /usr/lib/jvm/java-21-openjdk-amd64/lib/libzip.so
7ad44c78a000-7ad44c78f000 r-xp 00002000 08:02 67124811                   /usr/lib/jvm/java-21-openjdk-amd64/lib/libzip.so
7ad44c78f000-7ad44c791000 r--p 00007000 08:02 67124811                   /usr/lib/jvm/java-21-openjdk-amd64/lib/libzip.so
7ad44c791000-7ad44c792000 r--p 00008000 08:02 67124811                   /usr/lib/jvm/java-21-openjdk-amd64/lib/libzip.so
7ad44c792000-7ad44c793000 rw-p 00009000 08:02 67124811                   /usr/lib/jvm/java-21-openjdk-amd64/lib/libzip.so
7ad44c793000-7ad44c797000 ---p 00000000 00:00 0 
7ad44c797000-7ad44c893000 rw-p 00000000 00:00 0 
7ad44c893000-7ad44c897000 ---p 00000000 00:00 0 
7ad44c897000-7ad44c993000 rw-p 00000000 00:00 0 
7ad44c993000-7ad44c996000 r--p 00000000 08:02 67124803                   /usr/lib/jvm/java-21-openjdk-amd64/lib/libnet.so
7ad44c996000-7ad44c99e000 r-xp 00003000 08:02 67124803                   /usr/lib/jvm/java-21-openjdk-amd64/lib/libnet.so
7ad44c99e000-7ad44c9a0000 r--p 0000b000 08:02 67124803                   /usr/lib/jvm/java-21-openjdk-amd64/lib/libnet.so
7ad44c9a0000-7ad44c9a1000 r--p 0000c000 08:02 67124803                   /usr/lib/jvm/java-21-openjdk-amd64/lib/libnet.so
7ad44c9a1000-7ad44c9a2000 rw-p 0000d000 08:02 67124803                   /usr/lib/jvm/java-21-openjdk-amd64/lib/libnet.so
7ad44c9a2000-7ad44c9a9000 r--p 00000000 08:02 67124804                   /usr/lib/jvm/java-21-openjdk-amd64/lib/libnio.so
7ad44c9a9000-7ad44c9b2000 r-xp 00007000 08:02 67124804                   /usr/lib/jvm/java-21-openjdk-amd64/lib/libnio.so
7ad44c9b2000-7ad44c9b6000 r--p 00010000 08:02 67124804                   /usr/lib/jvm/java-21-openjdk-amd64/lib/libnio.so
7ad44c9b6000-7ad44c9b7000 ---p 00014000 08:02 67124804                   /usr/lib/jvm/java-21-openjdk-amd64/lib/libnio.so
7ad44c9b7000-7ad44c9b8000 r--p 00014000 08:02 67124804                   /usr/lib/jvm/java-21-openjdk-amd64/lib/libnio.so
7ad44c9b8000-7ad44c9b9000 rw-p 00015000 08:02 67124804                   /usr/lib/jvm/java-21-openjdk-amd64/lib/libnio.so
7ad44c9b9000-7ad44cab9000 rw-p 00000000 00:00 0 
7ad44cab9000-7ad44cabd000 ---p 00000000 00:00 0 
7ad44cabd000-7ad44cbb9000 rw-p 00000000 00:00 0 
7ad44cbb9000-7ad44cbbd000 ---p 00000000 00:00 0 
7ad44cbbd000-7ad44ccb9000 rw-p 00000000 00:00 0 
7ad44ccb9000-7ad44ccbe000 r--p 00000000 08:02 67124796                   /usr/lib/jvm/java-21-openjdk-amd64/lib/libjsvml.so
7ad44ccbe000-7ad44ccff000 r-xp 00005000 08:02 67124796                   /usr/lib/jvm/java-21-openjdk-amd64/lib/libjsvml.so
7ad44ccff000-7ad44cd88000 r--p 00046000 08:02 67124796                   /usr/lib/jvm/java-21-openjdk-amd64/lib/libjsvml.so
7ad44cd88000-7ad44cd89000 r--p 000ce000 08:02 67124796                   /usr/lib/jvm/java-21-openjdk-amd64/lib/libjsvml.so
7ad44cd89000-7ad44cd8a000 rw-p 000cf000 08:02 67124796                   /usr/lib/jvm/java-21-openjdk-amd64/lib/libjsvml.so
7ad44cd8a000-7ad44cd8e000 ---p 00000000 00:00 0 
7ad44cd8e000-7ad44ce8a000 rw-p 00000000 00:00 0 
7ad44ce8a000-7ad44ce8e000 ---p 00000000 00:00 0 
7ad44ce8e000-7ad44cf8a000 rw-p 00000000 00:00 0 
7ad44cf8a000-7ad44cf8e000 ---p 00000000 00:00 0 
7ad44cf8e000-7ad44d08a000 rw-p 00000000 00:00 0 
7ad44d08a000-7ad44d08e000 ---p 00000000 00:00 0 
7ad44d08e000-7ad44d18a000 rw-p 00000000 00:00 0 
7ad44d18a000-7ad44d18e000 ---p 00000000 00:00 0 
7ad44d18e000-7ad44d28a000 rw-p 00000000 00:00 0 
7ad44d28a000-7ad44d28e000 ---p 00000000 00:00 0 
7ad44d28e000-7ad44d38a000 rw-p 00000000 00:00 0 
7ad44d38a000-7ad44d38e000 ---p 00000000 00:00 0 
7ad44d38e000-7ad44d48a000 rw-p 00000000 00:00 0 
7ad44d48a000-7ad44d48b000 ---p 00000000 00:00 0 
7ad44d48b000-7ad44d58b000 rw-p 00000000 00:00 0 
7ad44d58b000-7ad44d58c000 ---p 00000000 00:00 0 
7ad44d58c000-7ad44d68c000 rw-p 00000000 00:00 0 
7ad44d68c000-7ad44d68d000 ---p 00000000 00:00 0 
7ad44d68d000-7ad44d78d000 rw-p 00000000 00:00 0 
7ad44d78d000-7ad44d78e000 ---p 00000000 00:00 0 
7ad44d78e000-7ad44d88e000 rw-p 00000000 00:00 0 
7ad44d88e000-7ad44d88f000 ---p 00000000 00:00 0 
7ad44d88f000-7ad44d98f000 rw-p 00000000 00:00 0 
7ad44d98f000-7ad44d990000 ---p 00000000 00:00 0 
7ad44d990000-7ad44da90000 rw-p 00000000 00:00 0 
7ad44da90000-7ad44da91000 ---p 00000000 00:00 0 
7ad44da91000-7ad44e305000 rw-p 00000000 00:00 0 
7ad44e305000-7ad454bc5000 ---p 00000000 00:00 0 
7ad454bc5000-7ad454cb5000 rw-p 00000000 00:00 0 
7ad454cb5000-7ad4559cd000 ---p 00000000 00:00 0 
7ad4559cd000-7ad455aaf000 rw-p 00000000 00:00 0 
7ad455aaf000-7ad4567c7000 ---p 00000000 00:00 0 
7ad4567c7000-7ad4567ce000 rw-p 00000000 00:00 0 
7ad4567ce000-7ad4568b4000 ---p 00000000 00:00 0 
7ad4568b4000-7ad4568ba000 rw-p 00000000 00:00 0 
7ad4568ba000-7ad45699f000 ---p 00000000 00:00 0 
7ad45699f000-7ad456c8f000 rwxp 00000000 00:00 0 
7ad456c8f000-7ad45ded6000 ---p 00000000 00:00 0 
7ad45ded6000-7ad45e146000 rwxp 00000000 00:00 0 
7ad45e146000-7ad45e468000 ---p 00000000 00:00 0 
7ad45e468000-7ad45e6d8000 rwxp 00000000 00:00 0 
7ad45e6d8000-7ad46599f000 ---p 00000000 00:00 0 
7ad46599f000-7ad4659ac000 r--p 00000000 08:02 67124789                   /usr/lib/jvm/java-21-openjdk-amd64/lib/libjava.so
7ad4659ac000-7ad4659ba000 r-xp 0000d000 08:02 67124789                   /usr/lib/jvm/java-21-openjdk-amd64/lib/libjava.so
7ad4659ba000-7ad4659bf000 r--p 0001b000 08:02 67124789                   /usr/lib/jvm/java-21-openjdk-amd64/lib/libjava.so
7ad4659bf000-7ad4659c0000 ---p 00020000 08:02 67124789                   /usr/lib/jvm/java-21-openjdk-amd64/lib/libjava.so
7ad4659c0000-7ad4659c1000 r--p 00020000 08:02 67124789                   /usr/lib/jvm/java-21-openjdk-amd64/lib/libjava.so
7ad4659c1000-7ad4659c2000 rw-p 00021000 08:02 67124789                   /usr/lib/jvm/java-21-openjdk-amd64/lib/libjava.so
7ad4659c2000-7ad4659c3000 rw-p 00000000 00:00 0 
7ad4659c3000-7ad46dfe5000 r--s 00000000 08:02 67124812                   /usr/lib/jvm/java-21-openjdk-amd64/lib/modules
7ad46dfe5000-7ad46e286000 r--p 00000000 08:02 67124818                   /usr/lib/jvm/java-21-openjdk-amd64/lib/server/libjvm.so
7ad46e286000-7ad46f0f8000 r-xp 002a1000 08:02 67124818                   /usr/lib/jvm/java-21-openjdk-amd64/lib/server/libjvm.so
7ad46f0f8000-7ad46f3d0000 r--p 01113000 08:02 67124818                   /usr/lib/jvm/java-21-openjdk-amd64/lib/server/libjvm.so
7ad46f3d0000-7ad46f3d1000 ---p 013eb000 08:02 67124818                   /usr/lib/jvm/java-21-openjdk-amd64/lib/server/libjvm.so
7ad46f3d1000-7ad46f4a4000 r--p 013eb000 08:02 67124818                   /usr/lib/jvm/java-21-openjdk-amd64/lib/server/libjvm.so
7ad46f4a4000-7ad46f4d4000 rw-p 014be000 08:02 67124818                   /usr/lib/jvm/java-21-openjdk-amd64/lib/server/libjvm.so
7ad46f4d4000-7ad46f53a000 rw-p 00000000 00:00 0 
7ad46f53a000-7ad46f541000 r--p 00000000 fb:70 3442252                    /home/ubuntu/task2/env/lib/python3.11/site-packages/jnius/jnius.cpython-311-x86_64-linux-gnu.so
7ad46f541000-7ad46f5ca000 r-xp 00007000 fb:70 3442252                    /home/ubuntu/task2/env/lib/python3.11/site-packages/jnius/jnius.cpython-311-x86_64-linux-gnu.so
7ad46f5ca000-7ad46f5d9000 r--p 00090000 fb:70 3442252                    /home/ubuntu/task2/env/lib/python3.11/site-packages/jnius/jnius.cpython-311-x86_64-linux-gnu.so
7ad46f5d9000-7ad46f5da000 ---p 0009f000 fb:70 3442252                    /home/ubuntu/task2/env/lib/python3.11/site-packages/jnius/jnius.cpython-311-x86_64-linux-gnu.so
7ad46f5da000-7ad46f5db000 r--p 0009f000 fb:70 3442252                    /home/ubuntu/task2/env/lib/python3.11/site-packages/jnius/jnius.cpython-311-x86_64-linux-gnu.so
7ad46f5db000-7ad46f5df000 rw-p 000a0000 fb:70 3442252                    /home/ubuntu/task2/env/lib/python3.11/site-packages/jnius/jnius.cpython-311-x86_64-linux-gnu.so
7ad46f5df000-7ad46fae0000 rw-p 00000000 00:00 0 
7ad46fae0000-7ad46fae7000 r--p 00000000 fb:70 3814030                    /home/ubuntu/task2/env/lib/python3.11/site-packages/spacy/pipeline/senter.cpython-311-x86_64-linux-gnu.so
7ad46fae7000-7ad46fb0c000 r-xp 00007000 fb:70 3814030                    /home/ubuntu/task2/env/lib/python3.11/site-packages/spacy/pipeline/senter.cpython-311-x86_64-linux-gnu.so
7ad46fb0c000-7ad46fb15000 r--p 0002c000 fb:70 3814030                    /home/ubuntu/task2/env/lib/python3.11/site-packages/spacy/pipeline/senter.cpython-311-x86_64-linux-gnu.so
7ad46fb15000-7ad46fb17000 r--p 00034000 fb:70 3814030                    /home/ubuntu/task2/env/lib/python3.11/site-packages/spacy/pipeline/senter.cpython-311-x86_64-linux-gnu.so
7ad46fb17000-7ad46fb19000 rw-p 00036000 fb:70 3814030                    /home/ubuntu/task2/env/lib/python3.11/site-packages/spacy/pipeline/senter.cpython-311-x86_64-linux-gnu.so
7ad46fb19000-7ad46fb1a000 rw-p 00000000 00:00 0 
7ad46fb1a000-7ad46fb22000 r--p 00000000 fb:70 3814024                    /home/ubuntu/task2/env/lib/python3.11/site-packages/spacy/pipeline/sentencizer.cpython-311-x86_64-linux-gnu.so
7ad46fb22000-7ad46fb45000 r-xp 00008000 fb:70 3814024                    /home/ubuntu/task2/env/lib/python3.11/site-packages/spacy/pipeline/sentencizer.cpython-311-x86_64-linux-gnu.so
7ad46fb45000-7ad46fb4e000 r--p 0002b000 fb:70 3814024                    /home/ubuntu/task2/env/lib/python3.11/site-packages/spacy/pipeline/sentencizer.cpython-311-x86_64-linux-gnu.so
7ad46fb4e000-7ad46fb4f000 ---p 00034000 fb:70 3814024                    /home/ubuntu/task2/env/lib/python3.11/site-packages/spacy/pipeline/sentencizer.cpython-311-x86_64-linux-gnu.so
7ad46fb4f000-7ad46fb51000 r--p 00034000 fb:70 3814024                    /home/ubuntu/task2/env/lib/python3.11/site-packages/spacy/pipeline/sentencizer.cpython-311-x86_64-linux-gnu.so
7ad46fb51000-7ad46fb53000 rw-p 00036000 fb:70 3814024                    /home/ubuntu/task2/env/lib/python3.11/site-packages/spacy/pipeline/sentencizer.cpython-311-x86_64-linux-gnu.so
7ad46fb53000-7ad46fc55000 rw-p 00000000 00:00 0 
7ad46fc55000-7ad46fc69000 r--p 00000000 fb:70 3814068                    /home/ubuntu/task2/env/lib/python3.11/site-packages/spacy/pipeline/_parser_internals/ner.cpython-311-x86_64-linux-gnu.so
7ad46fc69000-7ad46fcad000 r-xp 00014000 fb:70 3814068                    /home/ubuntu/task2/env/lib/python3.11/site-packages/spacy/pipeline/_parser_internals/ner.cpython-311-x86_64-linux-gnu.so
7ad46fcad000-7ad46fcbe000 r--p 00058000 fb:70 3814068                    /home/ubuntu/task2/env/lib/python3.11/site-packages/spacy/pipeline/_parser_internals/ner.cpython-311-x86_64-linux-gnu.so
7ad46fcbe000-7ad46fcc1000 r--p 00068000 fb:70 3814068                    /home/ubuntu/task2/env/lib/python3.11/site-packages/spacy/pipeline/_parser_internals/ner.cpython-311-x86_64-linux-gnu.so
7ad46fcc1000-7ad46fcc5000 rw-p 0006b000 fb:70 3814068                    /home/ubuntu/task2/env/lib/python3.11/site-packages/spacy/pipeline/_parser_internals/ner.cpython-311-x86_64-linux-gnu.so
7ad46fcc5000-7ad46fcc6000 rw-p 00000000 00:00 0 
7ad46fcc6000-7ad46fcd9000 r--p 00000000 fb:70 3814032                    /home/ubuntu/task2/env/lib/python3.11/site-packages/spacy/pipeline/ner.cpython-311-x86_64-linux-gnu.so
7ad46fcd9000-7ad46fd0f000 r-xp 00013000 fb:70 3814032                    /home/ubuntu/task2/env/lib/python3.11/site-packages/spacy/pipeline/ner.cpython-311-x86_64-linux-gnu.so
7ad46fd0f000-7ad46fd1e000 r--p 00049000 fb:70 3814032                    /home/ubuntu/task2/env/lib/python3.11/site-packages/spacy/pipeline/ner.cpython-311-x86_64-linux-gnu.so
7ad46fd1e000-7ad46fd1f000 ---p 00058000 fb:70 3814032                    /home/ubuntu/task2/env/lib/python3.11/site-packages/spacy/pipeline/ner.cpython-311-x86_64-linux-gnu.so
7ad46fd1f000-7ad46fd21000 r--p 00058000 fb:70 3814032                    /home/ubuntu/task2/env/lib/python3.11/site-packages/spacy/pipeline/ner.cpython-311-x86_64-linux-gnu.so
7ad46fd21000-7ad46fd24000 rw-p 0005a000 fb:70 3814032                    /home/ubuntu/task2/env/lib/python3.11/site-packages/spacy/pipeline/ner.cpython-311-x86_64-linux-gnu.so
7ad46fd24000-7ad46fd25000 rw-p 00000000 00:00 0 
7ad46fd25000-7ad46fd2d000 r--p 00000000 fb:70 3814014                    /home/ubuntu/task2/env/lib/python3.11/site-packages/spacy/pipeline/tagger.cpython-311-x86_64-linux-gnu.so
7ad46fd2d000-7ad46fd5e000 r-xp 00008000 fb:70 3814014                    /home/ubuntu/task2/env/lib/python3.11/site-packages/spacy/pipeline/tagger.cpython-311-x86_64-linux-gnu.so
7ad46fd5e000-7ad46fd68000 r--p 00039000 fb:70 3814014                    /home/ubuntu/task2/env/lib/python3.11/site-packages/spacy/pipeline/tagger.cpython-311-x86_64-linux-gnu.so
7ad46fd68000-7ad46fd69000 ---p 00043000 fb:70 3814014                    /home/ubuntu/task2/env/lib/python3.11/site-packages/spacy/pipeline/tagger.cpython-311-x86_64-linux-gnu.so
7ad46fd69000-7ad46fd6b000 r--p 00043000 fb:70 3814014                    /home/ubuntu/task2/env/lib/python3.11/site-packages/spacy/pipeline/tagger.cpython-311-x86_64-linux-gnu.so
7ad46fd6b000-7ad46fd6e000 rw-p 00045000 fb:70 3814014                    /home/ubuntu/task2/env/lib/python3.11/site-packages/spacy/pipeline/tagger.cpython-311-x86_64-linux-gnu.so
7ad46fd6e000-7ad46fd6f000 rw-p 00000000 00:00 0 
7ad46fd6f000-7ad46fd76000 r--p 00000000 fb:70 3814015                    /home/ubuntu/task2/env/lib/python3.11/site-packages/spacy/pipeline/morphologizer.cpython-311-x86_64-linux-gnu.so
7ad46fd76000-7ad46fda3000 r-xp 00007000 fb:70 3814015                    /home/ubuntu/task2/env/lib/python3.11/site-packages/spacy/pipeline/morphologizer.cpython-311-x86_64-linux-gnu.so
7ad46fda3000-7ad46fdac000 r--p 00034000 fb:70 3814015                    /home/ubuntu/task2/env/lib/python3.11/site-packages/spacy/pipeline/morphologizer.cpython-311-x86_64-linux-gnu.so
7ad46fdac000-7ad46fdad000 ---p 0003d000 fb:70 3814015                    /home/ubuntu/task2/env/lib/python3.11/site-packages/spacy/pipeline/morphologizer.cpython-311-x86_64-linux-gnu.so
7ad46fdad000-7ad46fdaf000 r--p 0003d000 fb:70 3814015                    /home/ubuntu/task2/env/lib/python3.11/site-packages/spacy/pipeline/morphologizer.cpython-311-x86_64-linux-gnu.so
7ad46fdaf000-7ad46fdb1000 rw-p 0003f000 fb:70 3814015                    /home/ubuntu/task2/env/lib/python3.11/site-packages/spacy/pipeline/morphologizer.cpython-311-x86_64-linux-gnu.so
7ad46fdb1000-7ad46fdb2000 rw-p 00000000 00:00 0 
7ad46fdb2000-7ad46fdb8000 r--p 00000000 fb:70 3814082                    /home/ubuntu/task2/env/lib/python3.11/site-packages/spacy/pipeline/_edit_tree_internals/edit_trees.cpython-311-x86_64-linux-gnu.so
7ad46fdb8000-7ad46fdcd000 r-xp 00006000 fb:70 3814082                    /home/ubuntu/task2/env/lib/python3.11/site-packages/spacy/pipeline/_edit_tree_internals/edit_trees.cpython-311-x86_64-linux-gnu.so
7ad46fdcd000-7ad46fdd3000 r--p 0001b000 fb:70 3814082                    /home/ubuntu/task2/env/lib/python3.11/site-packages/spacy/pipeline/_edit_tree_internals/edit_trees.cpython-311-x86_64-linux-gnu.so
7ad46fdd3000-7ad46fdd4000 ---p 00021000 fb:70 3814082                    /home/ubuntu/task2/env/lib/python3.11/site-packages/spacy/pipeline/_edit_tree_internals/edit_trees.cpython-311-x86_64-linux-gnu.so
7ad46fdd4000-7ad46fdd5000 r--p 00021000 fb:70 3814082                    /home/ubuntu/task2/env/lib/python3.11/site-packages/spacy/pipeline/_edit_tree_internals/edit_trees.cpython-311-x86_64-linux-gnu.so
7ad46fdd5000-7ad46fdd7000 rw-p 00022000 fb:70 3814082                    /home/ubuntu/task2/env/lib/python3.11/site-packages/spacy/pipeline/_edit_tree_internals/edit_trees.cpython-311-x86_64-linux-gnu.so
7ad46fdd7000-7ad46fdec000 r--p 00000000 fb:70 3814070                    /home/ubuntu/task2/env/lib/python3.11/site-packages/spacy/pipeline/_parser_internals/arc_eager.cpython-311-x86_64-linux-gnu.so
7ad46fdec000-7ad46fe46000 r-xp 00015000 fb:70 3814070                    /home/ubuntu/task2/env/lib/python3.11/site-packages/spacy/pipeline/_parser_internals/arc_eager.cpython-311-x86_64-linux-gnu.so
7ad46fe46000-7ad46fe5b000 r--p 0006f000 fb:70 3814070                    /home/ubuntu/task2/env/lib/python3.11/site-packages/spacy/pipeline/_parser_internals/arc_eager.cpython-311-x86_64-linux-gnu.so
7ad46fe5b000-7ad46fe5e000 r--p 00083000 fb:70 3814070                    /home/ubuntu/task2/env/lib/python3.11/site-packages/spacy/pipeline/_parser_internals/arc_eager.cpython-311-x86_64-linux-gnu.so
7ad46fe5e000-7ad46fe62000 rw-p 00086000 fb:70 3814070                    /home/ubuntu/task2/env/lib/python3.11/site-packages/spacy/pipeline/_parser_internals/arc_eager.cpython-311-x86_64-linux-gnu.so
7ad46fe62000-7ad46fe64000 rw-p 00000000 00:00 0 
7ad46fe64000-7ad46fe69000 r--p 00000000 fb:70 3812392                    /home/ubuntu/task2/env/lib/python3.11/site-packages/thinc/extra/search.cpython-311-x86_64-linux-gnu.so
7ad46fe69000-7ad46fe84000 r-xp 00005000 fb:70 3812392                    /home/ubuntu/task2/env/lib/python3.11/site-packages/thinc/extra/search.cpython-311-x86_64-linux-gnu.so
7ad46fe84000-7ad46fe89000 r--p 00020000 fb:70 3812392                    /home/ubuntu/task2/env/lib/python3.11/site-packages/thinc/extra/search.cpython-311-x86_64-linux-gnu.so
7ad46fe89000-7ad46fe8a000 r--p 00024000 fb:70 3812392                    /home/ubuntu/task2/env/lib/python3.11/site-packages/thinc/extra/search.cpython-311-x86_64-linux-gnu.so
7ad46fe8a000-7ad46fe8c000 rw-p 00025000 fb:70 3812392                    /home/ubuntu/task2/env/lib/python3.11/site-packages/thinc/extra/search.cpython-311-x86_64-linux-gnu.so
7ad46fe8c000-7ad46fe9f000 r--p 00000000 fb:70 3814061                    /home/ubuntu/task2/env/lib/python3.11/site-packages/spacy/pipeline/_parser_internals/_beam_utils.cpython-311-x86_64-linux-gnu.so
7ad46fe9f000-7ad46fee8000 r-xp 00013000 fb:70 3814061                    /home/ubuntu/task2/env/lib/python3.11/site-packages/spacy/pipeline/_parser_internals/_beam_utils.cpython-311-x86_64-linux-gnu.so
7ad46fee8000-7ad46fef9000 r--p 0005c000 fb:70 3814061                    /home/ubuntu/task2/env/lib/python3.11/site-packages/spacy/pipeline/_parser_internals/_beam_utils.cpython-311-x86_64-linux-gnu.so
7ad46fef9000-7ad46fefa000 ---p 0006d000 fb:70 3814061                    /home/ubuntu/task2/env/lib/python3.11/site-packages/spacy/pipeline/_parser_internals/_beam_utils.cpython-311-x86_64-linux-gnu.so
7ad46fefa000-7ad46fefc000 r--p 0006d000 fb:70 3814061                    /home/ubuntu/task2/env/lib/python3.11/site-packages/spacy/pipeline/_parser_internals/_beam_utils.cpython-311-x86_64-linux-gnu.so
7ad46fefc000-7ad46feff000 rw-p 0006f000 fb:70 3814061                    /home/ubuntu/task2/env/lib/python3.11/site-packages/spacy/pipeline/_parser_internals/_beam_utils.cpython-311-x86_64-linux-gnu.so
7ad46feff000-7ad470000000 rw-p 00000000 00:00 0 
7ad470000000-7ad470080000 r--p 00000000 fb:70 3442435                    /home/ubuntu/task2/env/lib/python3.11/site-packages/blis/py.cpython-311-x86_64-linux-gnu.so
7ad470080000-7ad470deb000 r-xp 00080000 fb:70 3442435                    /home/ubuntu/task2/env/lib/python3.11/site-packages/blis/py.cpython-311-x86_64-linux-gnu.so
7ad470deb000-7ad470e94000 r--p 00deb000 fb:70 3442435                    /home/ubuntu/task2/env/lib/python3.11/site-packages/blis/py.cpython-311-x86_64-linux-gnu.so
7ad470e94000-7ad470e9e000 r--p 00e93000 fb:70 3442435                    /home/ubuntu/task2/env/lib/python3.11/site-packages/blis/py.cpython-311-x86_64-linux-gnu.so
7ad470e9e000-7ad470ead000 rw-p 00e9d000 fb:70 3442435                    /home/ubuntu/task2/env/lib/python3.11/site-packages/blis/py.cpython-311-x86_64-linux-gnu.so
7ad470ead000-7ad470eaf000 rw-p 00000000 00:00 0 
7ad470eaf000-7ad470ec3000 r--p 00000000 fb:70 3813901                    /home/ubuntu/task2/env/lib/python3.11/site-packages/spacy/ml/parser_model.cpython-311-x86_64-linux-gnu.so
7ad470ec3000-7ad470f07000 r-xp 00014000 fb:70 3813901                    /home/ubuntu/task2/env/lib/python3.11/site-packages/spacy/ml/parser_model.cpython-311-x86_64-linux-gnu.so
7ad470f07000-7ad470f1a000 r--p 00058000 fb:70 3813901                    /home/ubuntu/task2/env/lib/python3.11/site-packages/spacy/ml/parser_model.cpython-311-x86_64-linux-gnu.so
7ad470f1a000-7ad470f1d000 r--p 0006a000 fb:70 3813901                    /home/ubuntu/task2/env/lib/python3.11/site-packages/spacy/ml/parser_model.cpython-311-x86_64-linux-gnu.so
7ad470f1d000-7ad470f20000 rw-p 0006d000 fb:70 3813901                    /home/ubuntu/task2/env/lib/python3.11/site-packages/spacy/ml/parser_model.cpython-311-x86_64-linux-gnu.so
7ad470f20000-7ad470f22000 rw-p 00000000 00:00 0 
7ad470f22000-7ad470f2b000 r--p 00000000 fb:70 3813447                    /home/ubuntu/task2/env/lib/python3.11/site-packages/spacy/kb/kb_in_memory.cpython-311-x86_64-linux-gnu.so
7ad470f2b000-7ad470f6b000 r-xp 00009000 fb:70 3813447                    /home/ubuntu/task2/env/lib/python3.11/site-packages/spacy/kb/kb_in_memory.cpython-311-x86_64-linux-gnu.so
7ad470f6b000-7ad470f78000 r--p 00049000 fb:70 3813447                    /home/ubuntu/task2/env/lib/python3.11/site-packages/spacy/kb/kb_in_memory.cpython-311-x86_64-linux-gnu.so
7ad470f78000-7ad470f79000 ---p 00056000 fb:70 3813447                    /home/ubuntu/task2/env/lib/python3.11/site-packages/spacy/kb/kb_in_memory.cpython-311-x86_64-linux-gnu.so
7ad470f79000-7ad470f7b000 r--p 00056000 fb:70 3813447                    /home/ubuntu/task2/env/lib/python3.11/site-packages/spacy/kb/kb_in_memory.cpython-311-x86_64-linux-gnu.so
7ad470f7b000-7ad470f7e000 rw-p 00058000 fb:70 3813447                    /home/ubuntu/task2/env/lib/python3.11/site-packages/spacy/kb/kb_in_memory.cpython-311-x86_64-linux-gnu.so
7ad470f7e000-7ad470f7f000 rw-p 00000000 00:00 0 
7ad470f7f000-7ad470f84000 r--p 00000000 fb:70 3813453                    /home/ubuntu/task2/env/lib/python3.11/site-packages/spacy/kb/kb.cpython-311-x86_64-linux-gnu.so
7ad470f84000-7ad470f93000 r-xp 00005000 fb:70 3813453                    /home/ubuntu/task2/env/lib/python3.11/site-packages/spacy/kb/kb.cpython-311-x86_64-linux-gnu.so
7ad470f93000-7ad470f98000 r--p 00014000 fb:70 3813453                    /home/ubuntu/task2/env/lib/python3.11/site-packages/spacy/kb/kb.cpython-311-x86_64-linux-gnu.so
7ad470f98000-7ad470f99000 ---p 00019000 fb:70 3813453                    /home/ubuntu/task2/env/lib/python3.11/site-packages/spacy/kb/kb.cpython-311-x86_64-linux-gnu.so
7ad470f99000-7ad470f9a000 r--p 00019000 fb:70 3813453                    /home/ubuntu/task2/env/lib/python3.11/site-packages/spacy/kb/kb.cpython-311-x86_64-linux-gnu.so
7ad470f9a000-7ad470f9b000 rw-p 0001a000 fb:70 3813453                    /home/ubuntu/task2/env/lib/python3.11/site-packages/spacy/kb/kb.cpython-311-x86_64-linux-gnu.so
7ad470f9b000-7ad470f9c000 rw-p 00000000 00:00 0 
7ad470f9c000-7ad470faf000 r--p 00000000 fb:70 3814078                    /home/ubuntu/task2/env/lib/python3.11/site-packages/spacy/pipeline/_parser_internals/transition_system.cpython-311-x86_64-linux-gnu.so
7ad470faf000-7ad470fea000 r-xp 00013000 fb:70 3814078                    /home/ubuntu/task2/env/lib/python3.11/site-packages/spacy/pipeline/_parser_internals/transition_system.cpython-311-x86_64-linux-gnu.so
7ad470fea000-7ad470ff9000 r--p 0004e000 fb:70 3814078                    /home/ubuntu/task2/env/lib/python3.11/site-packages/spacy/pipeline/_parser_internals/transition_system.cpython-311-x86_64-linux-gnu.so
7ad470ff9000-7ad470ffa000 ---p 0005d000 fb:70 3814078                    /home/ubuntu/task2/env/lib/python3.11/site-packages/spacy/pipeline/_parser_internals/transition_system.cpython-311-x86_64-linux-gnu.so
7ad470ffa000-7ad470ffc000 r--p 0005d000 fb:70 3814078                    /home/ubuntu/task2/env/lib/python3.11/site-packages/spacy/pipeline/_parser_internals/transition_system.cpython-311-x86_64-linux-gnu.so
7ad470ffc000-7ad470fff000 rw-p 0005f000 fb:70 3814078                    /home/ubuntu/task2/env/lib/python3.11/site-packages/spacy/pipeline/_parser_internals/transition_system.cpython-311-x86_64-linux-gnu.so
7ad470fff000-7ad471000000 rw-p 00000000 00:00 0 
7ad471000000-7ad47107f000 r--p 00000000 fb:70 3442440                    /home/ubuntu/task2/env/lib/python3.11/site-packages/blis/cy.cpython-311-x86_64-linux-gnu.so
7ad47107f000-7ad471dbf000 r-xp 0007f000 fb:70 3442440                    /home/ubuntu/task2/env/lib/python3.11/site-packages/blis/cy.cpython-311-x86_64-linux-gnu.so
7ad471dbf000-7ad471e67000 r--p 00dbf000 fb:70 3442440                    /home/ubuntu/task2/env/lib/python3.11/site-packages/blis/cy.cpython-311-x86_64-linux-gnu.so
7ad471e67000-7ad471e71000 r--p 00e66000 fb:70 3442440                    /home/ubuntu/task2/env/lib/python3.11/site-packages/blis/cy.cpython-311-x86_64-linux-gnu.so
7ad471e71000-7ad471e80000 rw-p 00e70000 fb:70 3442440                    /home/ubuntu/task2/env/lib/python3.11/site-packages/blis/cy.cpython-311-x86_64-linux-gnu.so
7ad471e80000-7ad471e81000 rw-p 00000000 00:00 0 
7ad471e87000-7ad471e8c000 rw-p 00000000 00:00 0 
7ad471e8c000-7ad471e93000 ---p 00000000 00:00 0 
7ad471e93000-7ad471e98000 r--p 00000000 fb:70 3813451                    /home/ubuntu/task2/env/lib/python3.11/site-packages/spacy/kb/candidate.cpython-311-x86_64-linux-gnu.so
7ad471e98000-7ad471ea4000 r-xp 00005000 fb:70 3813451                    /home/ubuntu/task2/env/lib/python3.11/site-packages/spacy/kb/candidate.cpython-311-x86_64-linux-gnu.so
7ad471ea4000-7ad471ea9000 r--p 00011000 fb:70 3813451                    /home/ubuntu/task2/env/lib/python3.11/site-packages/spacy/kb/candidate.cpython-311-x86_64-linux-gnu.so
7ad471ea9000-7ad471eaa000 r--p 00015000 fb:70 3813451                    /home/ubuntu/task2/env/lib/python3.11/site-packages/spacy/kb/candidate.cpython-311-x86_64-linux-gnu.so
7ad471eaa000-7ad471eab000 rw-p 00016000 fb:70 3813451                    /home/ubuntu/task2/env/lib/python3.11/site-packages/spacy/kb/candidate.cpython-311-x86_64-linux-gnu.so
7ad471eab000-7ad471eac000 rw-p 00000000 00:00 0 
7ad471eac000-7ad471ec0000 r--p 00000000 fb:70 3814075                    /home/ubuntu/task2/env/lib/python3.11/site-packages/spacy/pipeline/_parser_internals/stateclass.cpython-311-x86_64-linux-gnu.so
7ad471ec0000-7ad471ef7000 r-xp 00014000 fb:70 3814075                    /home/ubuntu/task2/env/lib/python3.11/site-packages/spacy/pipeline/_parser_internals/stateclass.cpython-311-x86_64-linux-gnu.so
7ad471ef7000-7ad471f06000 r--p 0004b000 fb:70 3814075                    /home/ubuntu/task2/env/lib/python3.11/site-packages/spacy/pipeline/_parser_internals/stateclass.cpython-311-x86_64-linux-gnu.so
7ad471f06000-7ad471f07000 ---p 0005a000 fb:70 3814075                    /home/ubuntu/task2/env/lib/python3.11/site-packages/spacy/pipeline/_parser_internals/stateclass.cpython-311-x86_64-linux-gnu.so
7ad471f07000-7ad471f09000 r--p 0005a000 fb:70 3814075                    /home/ubuntu/task2/env/lib/python3.11/site-packages/spacy/pipeline/_parser_internals/stateclass.cpython-311-x86_64-linux-gnu.so
7ad471f09000-7ad471f0c000 rw-p 0005c000 fb:70 3814075                    /home/ubuntu/task2/env/lib/python3.11/site-packages/spacy/pipeline/_parser_internals/stateclass.cpython-311-x86_64-linux-gnu.so
7ad471f0c000-7ad471f0d000 rw-p 00000000 00:00 0 
7ad471f0d000-7ad471f22000 r--p 00000000 fb:70 3814043                    /home/ubuntu/task2/env/lib/python3.11/site-packages/spacy/pipeline/transition_parser.cpython-311-x86_64-linux-gnu.so
7ad471f22000-7ad471f80000 r-xp 00015000 fb:70 3814043                    /home/ubuntu/task2/env/lib/python3.11/site-packages/spacy/pipeline/transition_parser.cpython-311-x86_64-linux-gnu.so
7ad471f80000-7ad471f95000 r--p 00073000 fb:70 3814043                    /home/ubuntu/task2/env/lib/python3.11/site-packages/spacy/pipeline/transition_parser.cpython-311-x86_64-linux-gnu.so
7ad471f95000-7ad471f96000 ---p 00088000 fb:70 3814043                    /home/ubuntu/task2/env/lib/python3.11/site-packages/spacy/pipeline/transition_parser.cpython-311-x86_64-linux-gnu.so
7ad471f96000-7ad471f99000 r--p 00088000 fb:70 3814043                    /home/ubuntu/task2/env/lib/python3.11/site-packages/spacy/pipeline/transition_parser.cpython-311-x86_64-linux-gnu.so
7ad471f99000-7ad471f9d000 rw-p 0008b000 fb:70 3814043                    /home/ubuntu/task2/env/lib/python3.11/site-packages/spacy/pipeline/transition_parser.cpython-311-x86_64-linux-gnu.so
7ad471f9d000-7ad471f9f000 rw-p 00000000 00:00 0 
7ad471f9f000-7ad471fb2000 r--p 00000000 fb:70 3814046                    /home/ubuntu/task2/env/lib/python3.11/site-packages/spacy/pipeline/dep_parser.cpython-311-x86_64-linux-gnu.so
7ad471fb2000-7ad471fea000 r-xp 00013000 fb:70 3814046                    /home/ubuntu/task2/env/lib/python3.11/site-packages/spacy/pipeline/dep_parser.cpython-311-x86_64-linux-gnu.so
7ad471fea000-7ad471ff9000 r--p 0004b000 fb:70 3814046                    /home/ubuntu/task2/env/lib/python3.11/site-packages/spacy/pipeline/dep_parser.cpython-311-x86_64-linux-gnu.so
7ad471ff9000-7ad471ffa000 ---p 0005a000 fb:70 3814046                    /home/ubuntu/task2/env/lib/python3.11/site-packages/spacy/pipeline/dep_parser.cpython-311-x86_64-linux-gnu.so
7ad471ffa000-7ad471ffc000 r--p 0005a000 fb:70 3814046                    /home/ubuntu/task2/env/lib/python3.11/site-packages/spacy/pipeline/dep_parser.cpython-311-x86_64-linux-gnu.so
7ad471ffc000-7ad471ffe000 rw-p 0005c000 fb:70 3814046                    /home/ubuntu/task2/env/lib/python3.11/site-packages/spacy/pipeline/dep_parser.cpython-311-x86_64-linux-gnu.so
7ad471ffe000-7ad472000000 rw-p 00000000 00:00 0 
7ad472000000-7ad478000000 ---p 00000000 00:00 0 
7ad478000000-7ad478021000 rw-p 00000000 00:00 0 
7ad478021000-7ad47c000000 ---p 00000000 00:00 0 
7ad47c001000-7ad47c00a000 r--p 00000000 fb:70 3814027                    /home/ubuntu/task2/env/lib/python3.11/site-packages/spacy/pipeline/trainable_pipe.cpython-311-x86_64-linux-gnu.so
7ad47c00a000-7ad47c03e000 r-xp 00009000 fb:70 3814027                    /home/ubuntu/task2/env/lib/python3.11/site-packages/spacy/pipeline/trainable_pipe.cpython-311-x86_64-linux-gnu.so
7ad47c03e000-7ad47c04b000 r--p 0003d000 fb:70 3814027                    /home/ubuntu/task2/env/lib/python3.11/site-packages/spacy/pipeline/trainable_pipe.cpython-311-x86_64-linux-gnu.so
7ad47c04b000-7ad47c04c000 ---p 0004a000 fb:70 3814027                    /home/ubuntu/task2/env/lib/python3.11/site-packages/spacy/pipeline/trainable_pipe.cpython-311-x86_64-linux-gnu.so
7ad47c04c000-7ad47c04e000 r--p 0004a000 fb:70 3814027                    /home/ubuntu/task2/env/lib/python3.11/site-packages/spacy/pipeline/trainable_pipe.cpython-311-x86_64-linux-gnu.so
7ad47c04e000-7ad47c051000 rw-p 0004c000 fb:70 3814027                    /home/ubuntu/task2/env/lib/python3.11/site-packages/spacy/pipeline/trainable_pipe.cpython-311-x86_64-linux-gnu.so
7ad47c051000-7ad47c053000 rw-p 00000000 00:00 0 
7ad47c053000-7ad47c05a000 r--p 00000000 fb:70 3814033                    /home/ubuntu/task2/env/lib/python3.11/site-packages/spacy/pipeline/pipe.cpython-311-x86_64-linux-gnu.so
7ad47c05a000-7ad47c07b000 r-xp 00007000 fb:70 3814033                    /home/ubuntu/task2/env/lib/python3.11/site-packages/spacy/pipeline/pipe.cpython-311-x86_64-linux-gnu.so
7ad47c07b000-7ad47c084000 r--p 00028000 fb:70 3814033                    /home/ubuntu/task2/env/lib/python3.11/site-packages/spacy/pipeline/pipe.cpython-311-x86_64-linux-gnu.so
7ad47c084000-7ad47c086000 r--p 00030000 fb:70 3814033                    /home/ubuntu/task2/env/lib/python3.11/site-packages/spacy/pipeline/pipe.cpython-311-x86_64-linux-gnu.so
7ad47c086000-7ad47c089000 rw-p 00032000 fb:70 3814033                    /home/ubuntu/task2/env/lib/python3.11/site-packages/spacy/pipeline/pipe.cpython-311-x86_64-linux-gnu.so
7ad47c089000-7ad47c091000 r--p 00000000 fb:70 3813441                    /home/ubuntu/task2/env/lib/python3.11/site-packages/spacy/matcher/phrasematcher.cpython-311-x86_64-linux-gnu.so
7ad47c091000-7ad47c0bc000 r-xp 00008000 fb:70 3813441                    /home/ubuntu/task2/env/lib/python3.11/site-packages/spacy/matcher/phrasematcher.cpython-311-x86_64-linux-gnu.so
7ad47c0bc000-7ad47c0c7000 r--p 00033000 fb:70 3813441                    /home/ubuntu/task2/env/lib/python3.11/site-packages/spacy/matcher/phrasematcher.cpython-311-x86_64-linux-gnu.so
7ad47c0c7000-7ad47c0c9000 r--p 0003d000 fb:70 3813441                    /home/ubuntu/task2/env/lib/python3.11/site-packages/spacy/matcher/phrasematcher.cpython-311-x86_64-linux-gnu.so
7ad47c0c9000-7ad47c0cc000 rw-p 0003f000 fb:70 3813441                    /home/ubuntu/task2/env/lib/python3.11/site-packages/spacy/matcher/phrasematcher.cpython-311-x86_64-linux-gnu.so
7ad47c0cc000-7ad47c0cd000 rw-p 00000000 00:00 0 
7ad47c0cd000-7ad47c0d0000 r--p 00000000 fb:70 3813432                    /home/ubuntu/task2/env/lib/python3.11/site-packages/spacy/matcher/levenshtein.cpython-311-x86_64-linux-gnu.so
7ad47c0d0000-7ad47c0d6000 r-xp 00003000 fb:70 3813432                    /home/ubuntu/task2/env/lib/python3.11/site-packages/spacy/matcher/levenshtein.cpython-311-x86_64-linux-gnu.so
7ad47c0d6000-7ad47c0d8000 r--p 00009000 fb:70 3813432                    /home/ubuntu/task2/env/lib/python3.11/site-packages/spacy/matcher/levenshtein.cpython-311-x86_64-linux-gnu.so
7ad47c0d8000-7ad47c0d9000 ---p 0000b000 fb:70 3813432                    /home/ubuntu/task2/env/lib/python3.11/site-packages/spacy/matcher/levenshtein.cpython-311-x86_64-linux-gnu.so
7ad47c0d9000-7ad47c0da000 r--p 0000b000 fb:70 3813432                    /home/ubuntu/task2/env/lib/python3.11/site-packages/spacy/matcher/levenshtein.cpython-311-x86_64-linux-gnu.so
7ad47c0da000-7ad47c0db000 rw-p 0000c000 fb:70 3813432                    /home/ubuntu/task2/env/lib/python3.11/site-packages/spacy/matcher/levenshtein.cpython-311-x86_64-linux-gnu.so
7ad47c0db000-7ad47c0e6000 r--p 00000000 fb:70 3813429                    /home/ubuntu/task2/env/lib/python3.11/site-packages/spacy/matcher/matcher.cpython-311-x86_64-linux-gnu.so
7ad47c0e6000-7ad47c14e000 r-xp 0000b000 fb:70 3813429                    /home/ubuntu/task2/env/lib/python3.11/site-packages/spacy/matcher/matcher.cpython-311-x86_64-linux-gnu.so
7ad47c14e000-7ad47c15f000 r--p 00073000 fb:70 3813429                    /home/ubuntu/task2/env/lib/python3.11/site-packages/spacy/matcher/matcher.cpython-311-x86_64-linux-gnu.so
7ad47c15f000-7ad47c162000 r--p 00083000 fb:70 3813429                    /home/ubuntu/task2/env/lib/python3.11/site-packages/spacy/matcher/matcher.cpython-311-x86_64-linux-gnu.so
7ad47c162000-7ad47c167000 rw-p 00086000 fb:70 3813429                    /home/ubuntu/task2/env/lib/python3.11/site-packages/spacy/matcher/matcher.cpython-311-x86_64-linux-gnu.so
7ad47c167000-7ad47c269000 rw-p 00000000 00:00 0 
7ad47c269000-7ad47c272000 r--p 00000000 fb:70 3813439                    /home/ubuntu/task2/env/lib/python3.11/site-packages/spacy/matcher/dependencymatcher.cpython-311-x86_64-linux-gnu.so
7ad47c272000-7ad47c2b4000 r-xp 00009000 fb:70 3813439                    /home/ubuntu/task2/env/lib/python3.11/site-packages/spacy/matcher/dependencymatcher.cpython-311-x86_64-linux-gnu.so
7ad47c2b4000-7ad47c2c1000 r--p 0004b000 fb:70 3813439                    /home/ubuntu/task2/env/lib/python3.11/site-packages/spacy/matcher/dependencymatcher.cpython-311-x86_64-linux-gnu.so
7ad47c2c1000-7ad47c2c2000 ---p 00058000 fb:70 3813439                    /home/ubuntu/task2/env/lib/python3.11/site-packages/spacy/matcher/dependencymatcher.cpython-311-x86_64-linux-gnu.so
7ad47c2c2000-7ad47c2c4000 r--p 00058000 fb:70 3813439                    /home/ubuntu/task2/env/lib/python3.11/site-packages/spacy/matcher/dependencymatcher.cpython-311-x86_64-linux-gnu.so
7ad47c2c4000-7ad47c2c7000 rw-p 0005a000 fb:70 3813439                    /home/ubuntu/task2/env/lib/python3.11/site-packages/spacy/matcher/dependencymatcher.cpython-311-x86_64-linux-gnu.so
7ad47c2c7000-7ad47c2c9000 rw-p 00000000 00:00 0 
7ad47c2c9000-7ad47c2d3000 r--p 00000000 fb:70 3812895                    /home/ubuntu/task2/env/lib/python3.11/site-packages/spacy/tokenizer.cpython-311-x86_64-linux-gnu.so
7ad47c2d3000-7ad47c326000 r-xp 0000a000 fb:70 3812895                    /home/ubuntu/task2/env/lib/python3.11/site-packages/spacy/tokenizer.cpython-311-x86_64-linux-gnu.so
7ad47c326000-7ad47c335000 r--p 0005d000 fb:70 3812895                    /home/ubuntu/task2/env/lib/python3.11/site-packages/spacy/tokenizer.cpython-311-x86_64-linux-gnu.so
7ad47c335000-7ad47c336000 ---p 0006c000 fb:70 3812895                    /home/ubuntu/task2/env/lib/python3.11/site-packages/spacy/tokenizer.cpython-311-x86_64-linux-gnu.so
7ad47c336000-7ad47c338000 r--p 0006c000 fb:70 3812895                    /home/ubuntu/task2/env/lib/python3.11/site-packages/spacy/tokenizer.cpython-311-x86_64-linux-gnu.so
7ad47c338000-7ad47c33c000 rw-p 0006e000 fb:70 3812895                    /home/ubuntu/task2/env/lib/python3.11/site-packages/spacy/tokenizer.cpython-311-x86_64-linux-gnu.so
7ad47c33c000-7ad47c33d000 rw-p 00000000 00:00 0 
7ad47c33d000-7ad47c342000 r--p 00000000 fb:70 3813957                    /home/ubuntu/task2/env/lib/python3.11/site-packages/spacy/training/gold_io.cpython-311-x86_64-linux-gnu.so
7ad47c342000-7ad47c35a000 r-xp 00005000 fb:70 3813957                    /home/ubuntu/task2/env/lib/python3.11/site-packages/spacy/training/gold_io.cpython-311-x86_64-linux-gnu.so
7ad47c35a000-7ad47c35e000 r--p 0001d000 fb:70 3813957                    /home/ubuntu/task2/env/lib/python3.11/site-packages/spacy/training/gold_io.cpython-311-x86_64-linux-gnu.so
7ad47c35e000-7ad47c35f000 ---p 00021000 fb:70 3813957                    /home/ubuntu/task2/env/lib/python3.11/site-packages/spacy/training/gold_io.cpython-311-x86_64-linux-gnu.so
7ad47c35f000-7ad47c360000 r--p 00021000 fb:70 3813957                    /home/ubuntu/task2/env/lib/python3.11/site-packages/spacy/training/gold_io.cpython-311-x86_64-linux-gnu.so
7ad47c360000-7ad47c362000 rw-p 00022000 fb:70 3813957                    /home/ubuntu/task2/env/lib/python3.11/site-packages/spacy/training/gold_io.cpython-311-x86_64-linux-gnu.so
7ad47c362000-7ad47c36a000 r--p 00000000 fb:70 3814065                    /home/ubuntu/task2/env/lib/python3.11/site-packages/spacy/pipeline/_parser_internals/nonproj.cpython-311-x86_64-linux-gnu.so
7ad47c36a000-7ad47c390000 r-xp 00008000 fb:70 3814065                    /home/ubuntu/task2/env/lib/python3.11/site-packages/spacy/pipeline/_parser_internals/nonproj.cpython-311-x86_64-linux-gnu.so
7ad47c390000-7ad47c39a000 r--p 0002e000 fb:70 3814065                    /home/ubuntu/task2/env/lib/python3.11/site-packages/spacy/pipeline/_parser_internals/nonproj.cpython-311-x86_64-linux-gnu.so
7ad47c39a000-7ad47c39c000 r--p 00037000 fb:70 3814065                    /home/ubuntu/task2/env/lib/python3.11/site-packages/spacy/pipeline/_parser_internals/nonproj.cpython-311-x86_64-linux-gnu.so
7ad47c39c000-7ad47c39f000 rw-p 00039000 fb:70 3814065                    /home/ubuntu/task2/env/lib/python3.11/site-packages/spacy/pipeline/_parser_internals/nonproj.cpython-311-x86_64-linux-gnu.so
7ad47c39f000-7ad47c3a0000 rw-p 00000000 00:00 0 
7ad47c3a0000-7ad47c3aa000 r--p 00000000 fb:70 3813958                    /home/ubuntu/task2/env/lib/python3.11/site-packages/spacy/training/example.cpython-311-x86_64-linux-gnu.so
7ad47c3aa000-7ad47c3f8000 r-xp 0000a000 fb:70 3813958                    /home/ubuntu/task2/env/lib/python3.11/site-packages/spacy/training/example.cpython-311-x86_64-linux-gnu.so
7ad47c3f8000-7ad47c405000 r--p 00058000 fb:70 3813958                    /home/ubuntu/task2/env/lib/python3.11/site-packages/spacy/training/example.cpython-311-x86_64-linux-gnu.so
7ad47c405000-7ad47c408000 r--p 00064000 fb:70 3813958                    /home/ubuntu/task2/env/lib/python3.11/site-packages/spacy/training/example.cpython-311-x86_64-linux-gnu.so
7ad47c408000-7ad47c40b000 rw-p 00067000 fb:70 3813958                    /home/ubuntu/task2/env/lib/python3.11/site-packages/spacy/training/example.cpython-311-x86_64-linux-gnu.so
7ad47c40b000-7ad47c40d000 rw-p 00000000 00:00 0 
7ad47c40d000-7ad47c411000 r--p 00000000 fb:70 3813962                    /home/ubuntu/task2/env/lib/python3.11/site-packages/spacy/training/alignment_array.cpython-311-x86_64-linux-gnu.so
7ad47c411000-7ad47c41c000 r-xp 00004000 fb:70 3813962                    /home/ubuntu/task2/env/lib/python3.11/site-packages/spacy/training/alignment_array.cpython-311-x86_64-linux-gnu.so
7ad47c41c000-7ad47c420000 r--p 0000f000 fb:70 3813962                    /home/ubuntu/task2/env/lib/python3.11/site-packages/spacy/training/alignment_array.cpython-311-x86_64-linux-gnu.so
7ad47c420000-7ad47c421000 r--p 00012000 fb:70 3813962                    /home/ubuntu/task2/env/lib/python3.11/site-packages/spacy/training/alignment_array.cpython-311-x86_64-linux-gnu.so
7ad47c421000-7ad47c422000 rw-p 00013000 fb:70 3813962                    /home/ubuntu/task2/env/lib/python3.11/site-packages/spacy/training/alignment_array.cpython-311-x86_64-linux-gnu.so
7ad47c422000-7ad47c423000 rw-p 00000000 00:00 0 
7ad47c423000-7ad47c427000 r--p 00000000 fb:70 3813955                    /home/ubuntu/task2/env/lib/python3.11/site-packages/spacy/training/align.cpython-311-x86_64-linux-gnu.so
7ad47c427000-7ad47c433000 r-xp 00004000 fb:70 3813955                    /home/ubuntu/task2/env/lib/python3.11/site-packages/spacy/training/align.cpython-311-x86_64-linux-gnu.so
7ad47c433000-7ad47c436000 r--p 00010000 fb:70 3813955                    /home/ubuntu/task2/env/lib/python3.11/site-packages/spacy/training/align.cpython-311-x86_64-linux-gnu.so
7ad47c436000-7ad47c437000 ---p 00013000 fb:70 3813955                    /home/ubuntu/task2/env/lib/python3.11/site-packages/spacy/training/align.cpython-311-x86_64-linux-gnu.so
7ad47c437000-7ad47c438000 r--p 00013000 fb:70 3813955                    /home/ubuntu/task2/env/lib/python3.11/site-packages/spacy/training/align.cpython-311-x86_64-linux-gnu.so
7ad47c438000-7ad47c439000 rw-p 00014000 fb:70 3813955                    /home/ubuntu/task2/env/lib/python3.11/site-packages/spacy/training/align.cpython-311-x86_64-linux-gnu.so
7ad47c439000-7ad47c43a000 rw-p 00000000 00:00 0 
7ad47c43a000-7ad47c443000 r--p 00000000 fb:70 3812940                    /home/ubuntu/task2/env/lib/python3.11/site-packages/spacy/vectors.cpython-311-x86_64-linux-gnu.so
7ad47c443000-7ad47c48c000 r-xp 00009000 fb:70 3812940                    /home/ubuntu/task2/env/lib/python3.11/site-packages/spacy/vectors.cpython-311-x86_64-linux-gnu.so
7ad47c48c000-7ad47c499000 r--p 00052000 fb:70 3812940                    /home/ubuntu/task2/env/lib/python3.11/site-packages/spacy/vectors.cpython-311-x86_64-linux-gnu.so
7ad47c499000-7ad47c49a000 ---p 0005f000 fb:70 3812940                    /home/ubuntu/task2/env/lib/python3.11/site-packages/spacy/vectors.cpython-311-x86_64-linux-gnu.so
7ad47c49a000-7ad47c49c000 r--p 0005f000 fb:70 3812940                    /home/ubuntu/task2/env/lib/python3.11/site-packages/spacy/vectors.cpython-311-x86_64-linux-gnu.so
7ad47c49c000-7ad47c49f000 rw-p 00061000 fb:70 3812940                    /home/ubuntu/task2/env/lib/python3.11/site-packages/spacy/vectors.cpython-311-x86_64-linux-gnu.so
7ad47c49f000-7ad47c4a1000 rw-p 00000000 00:00 0 
7ad47c4a1000-7ad47c4a8000 r--p 00000000 fb:70 3813934                    /home/ubuntu/task2/env/lib/python3.11/site-packages/spacy/tokens/_retokenize.cpython-311-x86_64-linux-gnu.so
7ad47c4a8000-7ad47c4e1000 r-xp 00007000 fb:70 3813934                    /home/ubuntu/task2/env/lib/python3.11/site-packages/spacy/tokens/_retokenize.cpython-311-x86_64-linux-gnu.so
7ad47c4e1000-7ad47c4eb000 r--p 00040000 fb:70 3813934                    /home/ubuntu/task2/env/lib/python3.11/site-packages/spacy/tokens/_retokenize.cpython-311-x86_64-linux-gnu.so
7ad47c4eb000-7ad47c4ec000 ---p 0004a000 fb:70 3813934                    /home/ubuntu/task2/env/lib/python3.11/site-packages/spacy/tokens/_retokenize.cpython-311-x86_64-linux-gnu.so
7ad47c4ec000-7ad47c4ee000 r--p 0004a000 fb:70 3813934                    /home/ubuntu/task2/env/lib/python3.11/site-packages/spacy/tokens/_retokenize.cpython-311-x86_64-linux-gnu.so
7ad47c4ee000-7ad47c4f0000 rw-p 0004c000 fb:70 3813934                    /home/ubuntu/task2/env/lib/python3.11/site-packages/spacy/tokens/_retokenize.cpython-311-x86_64-linux-gnu.so
7ad47c4f0000-7ad47c4f1000 rw-p 00000000 00:00 0 
7ad47c4f1000-7ad47c4f9000 r--p 00000000 fb:70 3813929                    /home/ubuntu/task2/env/lib/python3.11/site-packages/spacy/tokens/span_group.cpython-311-x86_64-linux-gnu.so
7ad47c4f9000-7ad47c521000 r-xp 00008000 fb:70 3813929                    /home/ubuntu/task2/env/lib/python3.11/site-packages/spacy/tokens/span_group.cpython-311-x86_64-linux-gnu.so
7ad47c521000-7ad47c52c000 r--p 00030000 fb:70 3813929                    /home/ubuntu/task2/env/lib/python3.11/site-packages/spacy/tokens/span_group.cpython-311-x86_64-linux-gnu.so
7ad47c52c000-7ad47c52e000 r--p 0003a000 fb:70 3813929                    /home/ubuntu/task2/env/lib/python3.11/site-packages/spacy/tokens/span_group.cpython-311-x86_64-linux-gnu.so
7ad47c52e000-7ad47c531000 rw-p 0003c000 fb:70 3813929                    /home/ubuntu/task2/env/lib/python3.11/site-packages/spacy/tokens/span_group.cpython-311-x86_64-linux-gnu.so
7ad47c531000-7ad47c532000 rw-p 00000000 00:00 0 
7ad47c532000-7ad47c537000 r--p 00000000 fb:70 3813931                    /home/ubuntu/task2/env/lib/python3.11/site-packages/spacy/tokens/morphanalysis.cpython-311-x86_64-linux-gnu.so
7ad47c537000-7ad47c543000 r-xp 00005000 fb:70 3813931                    /home/ubuntu/task2/env/lib/python3.11/site-packages/spacy/tokens/morphanalysis.cpython-311-x86_64-linux-gnu.so
7ad47c543000-7ad47c548000 r--p 00011000 fb:70 3813931                    /home/ubuntu/task2/env/lib/python3.11/site-packages/spacy/tokens/morphanalysis.cpython-311-x86_64-linux-gnu.so
7ad47c548000-7ad47c549000 ---p 00016000 fb:70 3813931                    /home/ubuntu/task2/env/lib/python3.11/site-packages/spacy/tokens/morphanalysis.cpython-311-x86_64-linux-gnu.so
7ad47c549000-7ad47c54a000 r--p 00016000 fb:70 3813931                    /home/ubuntu/task2/env/lib/python3.11/site-packages/spacy/tokens/morphanalysis.cpython-311-x86_64-linux-gnu.so
7ad47c54a000-7ad47c54c000 rw-p 00017000 fb:70 3813931                    /home/ubuntu/task2/env/lib/python3.11/site-packages/spacy/tokens/morphanalysis.cpython-311-x86_64-linux-gnu.so
7ad47c54c000-7ad47c556000 r--p 00000000 fb:70 3813925                    /home/ubuntu/task2/env/lib/python3.11/site-packages/spacy/tokens/token.cpython-311-x86_64-linux-gnu.so
7ad47c556000-7ad47c583000 r-xp 0000a000 fb:70 3813925                    /home/ubuntu/task2/env/lib/python3.11/site-packages/spacy/tokens/token.cpython-311-x86_64-linux-gnu.so
7ad47c583000-7ad47c593000 r--p 00037000 fb:70 3813925                    /home/ubuntu/task2/env/lib/python3.11/site-packages/spacy/tokens/token.cpython-311-x86_64-linux-gnu.so
7ad47c593000-7ad47c595000 r--p 00046000 fb:70 3813925                    /home/ubuntu/task2/env/lib/python3.11/site-packages/spacy/tokens/token.cpython-311-x86_64-linux-gnu.so
7ad47c595000-7ad47c599000 rw-p 00048000 fb:70 3813925                    /home/ubuntu/task2/env/lib/python3.11/site-packages/spacy/tokens/token.cpython-311-x86_64-linux-gnu.so
7ad47c599000-7ad47c59a000 rw-p 00000000 00:00 0 
7ad47c59a000-7ad47c5a3000 r--p 00000000 fb:70 3813940                    /home/ubuntu/task2/env/lib/python3.11/site-packages/spacy/tokens/span.cpython-311-x86_64-linux-gnu.so
7ad47c5a3000-7ad47c5e1000 r-xp 00009000 fb:70 3813940                    /home/ubuntu/task2/env/lib/python3.11/site-packages/spacy/tokens/span.cpython-311-x86_64-linux-gnu.so
7ad47c5e1000-7ad47c5f0000 r--p 00047000 fb:70 3813940                    /home/ubuntu/task2/env/lib/python3.11/site-packages/spacy/tokens/span.cpython-311-x86_64-linux-gnu.so
7ad47c5f0000-7ad47c5f1000 ---p 00056000 fb:70 3813940                    /home/ubuntu/task2/env/lib/python3.11/site-packages/spacy/tokens/span.cpython-311-x86_64-linux-gnu.so
7ad47c5f1000-7ad47c5f3000 r--p 00056000 fb:70 3813940                    /home/ubuntu/task2/env/lib/python3.11/site-packages/spacy/tokens/span.cpython-311-x86_64-linux-gnu.so
7ad47c5f3000-7ad47c5f7000 rw-p 00058000 fb:70 3813940                    /home/ubuntu/task2/env/lib/python3.11/site-packages/spacy/tokens/span.cpython-311-x86_64-linux-gnu.so
7ad47c5f7000-7ad47c5f8000 rw-p 00000000 00:00 0 
7ad47c5f8000-7ad47c604000 r--p 00000000 fb:70 3813944                    /home/ubuntu/task2/env/lib/python3.11/site-packages/spacy/tokens/doc.cpython-311-x86_64-linux-gnu.so
7ad47c604000-7ad47c6b0000 r-xp 0000c000 fb:70 3813944                    /home/ubuntu/task2/env/lib/python3.11/site-packages/spacy/tokens/doc.cpython-311-x86_64-linux-gnu.so
7ad47c6b0000-7ad47c6ca000 r--p 000b8000 fb:70 3813944                    /home/ubuntu/task2/env/lib/python3.11/site-packages/spacy/tokens/doc.cpython-311-x86_64-linux-gnu.so
7ad47c6ca000-7ad47c6ce000 r--p 000d1000 fb:70 3813944                    /home/ubuntu/task2/env/lib/python3.11/site-packages/spacy/tokens/doc.cpython-311-x86_64-linux-gnu.so
7ad47c6ce000-7ad47c6d3000 rw-p 000d5000 fb:70 3813944                    /home/ubuntu/task2/env/lib/python3.11/site-packages/spacy/tokens/doc.cpython-311-x86_64-linux-gnu.so
7ad47c6d3000-7ad47c6d6000 rw-p 00000000 00:00 0 
7ad47c6d6000-7ad47c6dc000 r--p 00000000 fb:70 3812920                    /home/ubuntu/task2/env/lib/python3.11/site-packages/spacy/lexeme.cpython-311-x86_64-linux-gnu.so
7ad47c6dc000-7ad47c6ee000 r-xp 00006000 fb:70 3812920                    /home/ubuntu/task2/env/lib/python3.11/site-packages/spacy/lexeme.cpython-311-x86_64-linux-gnu.so
7ad47c6ee000-7ad47c6f5000 r--p 00018000 fb:70 3812920                    /home/ubuntu/task2/env/lib/python3.11/site-packages/spacy/lexeme.cpython-311-x86_64-linux-gnu.so
7ad47c6f5000-7ad47c6f6000 ---p 0001f000 fb:70 3812920                    /home/ubuntu/task2/env/lib/python3.11/site-packages/spacy/lexeme.cpython-311-x86_64-linux-gnu.so
7ad47c6f6000-7ad47c6f7000 r--p 0001f000 fb:70 3812920                    /home/ubuntu/task2/env/lib/python3.11/site-packages/spacy/lexeme.cpython-311-x86_64-linux-gnu.so
7ad47c6f7000-7ad47c6f9000 rw-p 00020000 fb:70 3812920                    /home/ubuntu/task2/env/lib/python3.11/site-packages/spacy/lexeme.cpython-311-x86_64-linux-gnu.so
7ad47c6f9000-7ad47c6fe000 r--p 00000000 fb:70 3812899                    /home/ubuntu/task2/env/lib/python3.11/site-packages/spacy/morphology.cpython-311-x86_64-linux-gnu.so
7ad47c6fe000-7ad47c712000 r-xp 00005000 fb:70 3812899                    /home/ubuntu/task2/env/lib/python3.11/site-packages/spacy/morphology.cpython-311-x86_64-linux-gnu.so
7ad47c712000-7ad47c717000 r--p 00019000 fb:70 3812899                    /home/ubuntu/task2/env/lib/python3.11/site-packages/spacy/morphology.cpython-311-x86_64-linux-gnu.so
7ad47c717000-7ad47c718000 r--p 0001d000 fb:70 3812899                    /home/ubuntu/task2/env/lib/python3.11/site-packages/spacy/morphology.cpython-311-x86_64-linux-gnu.so
7ad47c718000-7ad47c719000 rw-p 0001e000 fb:70 3812899                    /home/ubuntu/task2/env/lib/python3.11/site-packages/spacy/morphology.cpython-311-x86_64-linux-gnu.so
7ad47c719000-7ad47c71a000 rw-p 00000000 00:00 0 
7ad47c71a000-7ad47c724000 r--p 00000000 fb:70 3812929                    /home/ubuntu/task2/env/lib/python3.11/site-packages/spacy/vocab.cpython-311-x86_64-linux-gnu.so
7ad47c724000-7ad47c76d000 r-xp 0000a000 fb:70 3812929                    /home/ubuntu/task2/env/lib/python3.11/site-packages/spacy/vocab.cpython-311-x86_64-linux-gnu.so
7ad47c76d000-7ad47c77c000 r--p 00053000 fb:70 3812929                    /home/ubuntu/task2/env/lib/python3.11/site-packages/spacy/vocab.cpython-311-x86_64-linux-gnu.so
7ad47c77c000-7ad47c77d000 ---p 00062000 fb:70 3812929                    /home/ubuntu/task2/env/lib/python3.11/site-packages/spacy/vocab.cpython-311-x86_64-linux-gnu.so
7ad47c77d000-7ad47c77f000 r--p 00062000 fb:70 3812929                    /home/ubuntu/task2/env/lib/python3.11/site-packages/spacy/vocab.cpython-311-x86_64-linux-gnu.so
7ad47c77f000-7ad47c782000 rw-p 00064000 fb:70 3812929                    /home/ubuntu/task2/env/lib/python3.11/site-packages/spacy/vocab.cpython-311-x86_64-linux-gnu.so
7ad47c782000-7ad47cb84000 rw-p 00000000 00:00 0 
7ad47cb84000-7ad47dda5000 ---p 00000000 00:00 0 
7ad47dda5000-7ad47dfff000 rw-p 00000000 00:00 0 
7ad47dfff000-7ad47e000000 ---p 00000000 00:00 0 
7ad47e000000-7ad47e800000 rw-p 00000000 00:00 0 
7ad47e800000-7ad47e9f7000 r-xp 00000000 08:02 184289804                  /usr/lib/x86_64-linux-gnu/libnvidia-ml.so.575.57.08
7ad47e9f7000-7ad47ebf6000 ---p 001f7000 08:02 184289804                  /usr/lib/x86_64-linux-gnu/libnvidia-ml.so.575.57.08
7ad47ebf6000-7ad47ec2d000 r--p 001f6000 08:02 184289804                  /usr/lib/x86_64-linux-gnu/libnvidia-ml.so.575.57.08
7ad47ec2d000-7ad47ec30000 rw-p 0022d000 08:02 184289804                  /usr/lib/x86_64-linux-gnu/libnvidia-ml.so.575.57.08
7ad47ec30000-7ad47f937000 rw-p 00000000 00:00 0 
7ad47f939000-7ad47f93b000 r--p 00000000 fb:70 3812931                    /home/ubuntu/task2/env/lib/python3.11/site-packages/spacy/parts_of_speech.cpython-311-x86_64-linux-gnu.so
7ad47f93b000-7ad47f942000 r-xp 00002000 fb:70 3812931                    /home/ubuntu/task2/env/lib/python3.11/site-packages/spacy/parts_of_speech.cpython-311-x86_64-linux-gnu.so
7ad47f942000-7ad47f943000 r--p 00009000 fb:70 3812931                    /home/ubuntu/task2/env/lib/python3.11/site-packages/spacy/parts_of_speech.cpython-311-x86_64-linux-gnu.so
7ad47f943000-7ad47f944000 ---p 0000a000 fb:70 3812931                    /home/ubuntu/task2/env/lib/python3.11/site-packages/spacy/parts_of_speech.cpython-311-x86_64-linux-gnu.so
7ad47f944000-7ad47f945000 r--p 0000a000 fb:70 3812931                    /home/ubuntu/task2/env/lib/python3.11/site-packages/spacy/parts_of_speech.cpython-311-x86_64-linux-gnu.so
7ad47f945000-7ad47f946000 rw-p 0000b000 fb:70 3812931                    /home/ubuntu/task2/env/lib/python3.11/site-packages/spacy/parts_of_speech.cpython-311-x86_64-linux-gnu.so
7ad47f946000-7ad47f94c000 r--p 00000000 fb:70 3812921                    /home/ubuntu/task2/env/lib/python3.11/site-packages/spacy/strings.cpython-311-x86_64-linux-gnu.so
7ad47f94c000-7ad47f95d000 r-xp 00006000 fb:70 3812921                    /home/ubuntu/task2/env/lib/python3.11/site-packages/spacy/strings.cpython-311-x86_64-linux-gnu.so
7ad47f95d000-7ad47f963000 r--p 00017000 fb:70 3812921                    /home/ubuntu/task2/env/lib/python3.11/site-packages/spacy/strings.cpython-311-x86_64-linux-gnu.so
7ad47f963000-7ad47f964000 ---p 0001d000 fb:70 3812921                    /home/ubuntu/task2/env/lib/python3.11/site-packages/spacy/strings.cpython-311-x86_64-linux-gnu.so
7ad47f964000-7ad47f965000 r--p 0001d000 fb:70 3812921                    /home/ubuntu/task2/env/lib/python3.11/site-packages/spacy/strings.cpython-311-x86_64-linux-gnu.so
7ad47f965000-7ad47f967000 rw-p 0001e000 fb:70 3812921                    /home/ubuntu/task2/env/lib/python3.11/site-packages/spacy/strings.cpython-311-x86_64-linux-gnu.so
7ad47f967000-7ad47f96b000 r--p 00000000 fb:70 3688217                    /home/ubuntu/task2/env/lib/python3.11/site-packages/preshed/bloom.cpython-311-x86_64-linux-gnu.so
7ad47f96b000-7ad47f97c000 r-xp 00004000 fb:70 3688217                    /home/ubuntu/task2/env/lib/python3.11/site-packages/preshed/bloom.cpython-311-x86_64-linux-gnu.so
7ad47f97c000-7ad47f97f000 r--p 00015000 fb:70 3688217                    /home/ubuntu/task2/env/lib/python3.11/site-packages/preshed/bloom.cpython-311-x86_64-linux-gnu.so
7ad47f97f000-7ad47f980000 ---p 00018000 fb:70 3688217                    /home/ubuntu/task2/env/lib/python3.11/site-packages/preshed/bloom.cpython-311-x86_64-linux-gnu.so
7ad47f980000-7ad47f981000 r--p 00018000 fb:70 3688217                    /home/ubuntu/task2/env/lib/python3.11/site-packages/preshed/bloom.cpython-311-x86_64-linux-gnu.so
7ad47f981000-7ad47f982000 rw-p 00019000 fb:70 3688217                    /home/ubuntu/task2/env/lib/python3.11/site-packages/preshed/bloom.cpython-311-x86_64-linux-gnu.so
7ad47f982000-7ad47f983000 rw-p 00000000 00:00 0 
7ad47f983000-7ad47f988000 r--p 00000000 fb:70 3812376                    /home/ubuntu/task2/env/lib/python3.11/site-packages/thinc/layers/sparselinear.cpython-311-x86_64-linux-gnu.so
7ad47f988000-7ad47f9b9000 r-xp 00005000 fb:70 3812376                    /home/ubuntu/task2/env/lib/python3.11/site-packages/thinc/layers/sparselinear.cpython-311-x86_64-linux-gnu.so
7ad47f9b9000-7ad47f9c1000 r--p 00036000 fb:70 3812376                    /home/ubuntu/task2/env/lib/python3.11/site-packages/thinc/layers/sparselinear.cpython-311-x86_64-linux-gnu.so
7ad47f9c1000-7ad47f9c2000 ---p 0003e000 fb:70 3812376                    /home/ubuntu/task2/env/lib/python3.11/site-packages/thinc/layers/sparselinear.cpython-311-x86_64-linux-gnu.so
7ad47f9c2000-7ad47f9c3000 r--p 0003e000 fb:70 3812376                    /home/ubuntu/task2/env/lib/python3.11/site-packages/thinc/layers/sparselinear.cpython-311-x86_64-linux-gnu.so
7ad47f9c3000-7ad47f9c5000 rw-p 0003f000 fb:70 3812376                    /home/ubuntu/task2/env/lib/python3.11/site-packages/thinc/layers/sparselinear.cpython-311-x86_64-linux-gnu.so
7ad47f9c5000-7ad47f9c6000 rw-p 00000000 00:00 0 
7ad47f9c6000-7ad47f9cb000 r--p 00000000 fb:70 3812358                    /home/ubuntu/task2/env/lib/python3.11/site-packages/thinc/layers/premap_ids.cpython-311-x86_64-linux-gnu.so
7ad47f9cb000-7ad47f9f4000 r-xp 00005000 fb:70 3812358                    /home/ubuntu/task2/env/lib/python3.11/site-packages/thinc/layers/premap_ids.cpython-311-x86_64-linux-gnu.so
7ad47f9f4000-7ad47f9fc000 r--p 0002e000 fb:70 3812358                    /home/ubuntu/task2/env/lib/python3.11/site-packages/thinc/layers/premap_ids.cpython-311-x86_64-linux-gnu.so
7ad47f9fc000-7ad47f9fd000 r--p 00035000 fb:70 3812358                    /home/ubuntu/task2/env/lib/python3.11/site-packages/thinc/layers/premap_ids.cpython-311-x86_64-linux-gnu.so
7ad47f9fd000-7ad47f9ff000 rw-p 00036000 fb:70 3812358                    /home/ubuntu/task2/env/lib/python3.11/site-packages/thinc/layers/premap_ids.cpython-311-x86_64-linux-gnu.so
7ad47f9ff000-7ad47fa00000 rw-p 00000000 00:00 0 
7ad47fa00000-7ad47fa44000 r--p 00000000 fb:70 3688194                    /home/ubuntu/task2/env/lib/python3.11/site-packages/pydantic_core/_pydantic_core.cpython-311-x86_64-linux-gnu.so
7ad47fa44000-7ad47fd4c000 r-xp 00044000 fb:70 3688194                    /home/ubuntu/task2/env/lib/python3.11/site-packages/pydantic_core/_pydantic_core.cpython-311-x86_64-linux-gnu.so
7ad47fd4c000-7ad47fe53000 r--p 0034c000 fb:70 3688194                    /home/ubuntu/task2/env/lib/python3.11/site-packages/pydantic_core/_pydantic_core.cpython-311-x86_64-linux-gnu.so
7ad47fe53000-7ad47fe87000 r--p 00452000 fb:70 3688194                    /home/ubuntu/task2/env/lib/python3.11/site-packages/pydantic_core/_pydantic_core.cpython-311-x86_64-linux-gnu.so
7ad47fe87000-7ad47fe8c000 rw-p 00486000 fb:70 3688194                    /home/ubuntu/task2/env/lib/python3.11/site-packages/pydantic_core/_pydantic_core.cpython-311-x86_64-linux-gnu.so
7ad47fe8c000-7ad47fe8d000 rw-p 00000000 00:00 0 
7ad47fe8f000-7ad47fe93000 r--p 00000000 fb:70 3812924                    /home/ubuntu/task2/env/lib/python3.11/site-packages/spacy/attrs.cpython-311-x86_64-linux-gnu.so
7ad47fe93000-7ad47fe9e000 r-xp 00004000 fb:70 3812924                    /home/ubuntu/task2/env/lib/python3.11/site-packages/spacy/attrs.cpython-311-x86_64-linux-gnu.so
7ad47fe9e000-7ad47fea1000 r--p 0000f000 fb:70 3812924                    /home/ubuntu/task2/env/lib/python3.11/site-packages/spacy/attrs.cpython-311-x86_64-linux-gnu.so
7ad47fea1000-7ad47fea2000 ---p 00012000 fb:70 3812924                    /home/ubuntu/task2/env/lib/python3.11/site-packages/spacy/attrs.cpython-311-x86_64-linux-gnu.so
7ad47fea2000-7ad47fea3000 r--p 00012000 fb:70 3812924                    /home/ubuntu/task2/env/lib/python3.11/site-packages/spacy/attrs.cpython-311-x86_64-linux-gnu.so
7ad47fea3000-7ad47fea4000 rw-p 00013000 fb:70 3812924                    /home/ubuntu/task2/env/lib/python3.11/site-packages/spacy/attrs.cpython-311-x86_64-linux-gnu.so
7ad47fea4000-7ad47fea5000 rw-p 00000000 00:00 0 
7ad47fea5000-7ad47feab000 r--p 00000000 fb:70 3812896                    /home/ubuntu/task2/env/lib/python3.11/site-packages/spacy/symbols.cpython-311-x86_64-linux-gnu.so
7ad47feab000-7ad47febb000 r-xp 00006000 fb:70 3812896                    /home/ubuntu/task2/env/lib/python3.11/site-packages/spacy/symbols.cpython-311-x86_64-linux-gnu.so
7ad47febb000-7ad47febe000 r--p 00016000 fb:70 3812896                    /home/ubuntu/task2/env/lib/python3.11/site-packages/spacy/symbols.cpython-311-x86_64-linux-gnu.so
7ad47febe000-7ad47fec1000 r--p 00018000 fb:70 3812896                    /home/ubuntu/task2/env/lib/python3.11/site-packages/spacy/symbols.cpython-311-x86_64-linux-gnu.so
7ad47fec1000-7ad47fec2000 rw-p 0001b000 fb:70 3812896                    /home/ubuntu/task2/env/lib/python3.11/site-packages/spacy/symbols.cpython-311-x86_64-linux-gnu.so
7ad47fec2000-7ad47fec3000 rw-p 00000000 00:00 0 
7ad47fec3000-7ad47fec6000 r--p 00000000 fb:70 3683583                    /home/ubuntu/task2/env/lib/python3.11/site-packages/murmurhash/mrmr.cpython-311-x86_64-linux-gnu.so
7ad47fec6000-7ad47fecd000 r-xp 00003000 fb:70 3683583                    /home/ubuntu/task2/env/lib/python3.11/site-packages/murmurhash/mrmr.cpython-311-x86_64-linux-gnu.so
7ad47fecd000-7ad47fecf000 r--p 0000a000 fb:70 3683583                    /home/ubuntu/task2/env/lib/python3.11/site-packages/murmurhash/mrmr.cpython-311-x86_64-linux-gnu.so
7ad47fecf000-7ad47fed0000 ---p 0000c000 fb:70 3683583                    /home/ubuntu/task2/env/lib/python3.11/site-packages/murmurhash/mrmr.cpython-311-x86_64-linux-gnu.so
7ad47fed0000-7ad47fed1000 r--p 0000c000 fb:70 3683583                    /home/ubuntu/task2/env/lib/python3.11/site-packages/murmurhash/mrmr.cpython-311-x86_64-linux-gnu.so
7ad47fed1000-7ad47fed2000 rw-p 0000d000 fb:70 3683583                    /home/ubuntu/task2/env/lib/python3.11/site-packages/murmurhash/mrmr.cpython-311-x86_64-linux-gnu.so
7ad47fed2000-7ad47fed4000 r--p 00000000 fb:70 3812225                    /home/ubuntu/task2/env/lib/python3.11/site-packages/thinc/backends/linalg.cpython-311-x86_64-linux-gnu.so
7ad47fed4000-7ad47fed9000 r-xp 00002000 fb:70 3812225                    /home/ubuntu/task2/env/lib/python3.11/site-packages/thinc/backends/linalg.cpython-311-x86_64-linux-gnu.so
7ad47fed9000-7ad47fedb000 r--p 00007000 fb:70 3812225                    /home/ubuntu/task2/env/lib/python3.11/site-packages/thinc/backends/linalg.cpython-311-x86_64-linux-gnu.so
7ad47fedb000-7ad47fedc000 r--p 00008000 fb:70 3812225                    /home/ubuntu/task2/env/lib/python3.11/site-packages/thinc/backends/linalg.cpython-311-x86_64-linux-gnu.so
7ad47fedc000-7ad47fedd000 rw-p 00009000 fb:70 3812225                    /home/ubuntu/task2/env/lib/python3.11/site-packages/thinc/backends/linalg.cpython-311-x86_64-linux-gnu.so
7ad47fedd000-7ad47fee1000 r--p 00000000 fb:70 3688213                    /home/ubuntu/task2/env/lib/python3.11/site-packages/preshed/maps.cpython-311-x86_64-linux-gnu.so
7ad47fee1000-7ad47fef1000 r-xp 00004000 fb:70 3688213                    /home/ubuntu/task2/env/lib/python3.11/site-packages/preshed/maps.cpython-311-x86_64-linux-gnu.so
7ad47fef1000-7ad47fef5000 r--p 00014000 fb:70 3688213                    /home/ubuntu/task2/env/lib/python3.11/site-packages/preshed/maps.cpython-311-x86_64-linux-gnu.so
7ad47fef5000-7ad47fef6000 ---p 00018000 fb:70 3688213                    /home/ubuntu/task2/env/lib/python3.11/site-packages/preshed/maps.cpython-311-x86_64-linux-gnu.so
7ad47fef6000-7ad47fef7000 r--p 00018000 fb:70 3688213                    /home/ubuntu/task2/env/lib/python3.11/site-packages/preshed/maps.cpython-311-x86_64-linux-gnu.so
7ad47fef7000-7ad47fef9000 rw-p 00019000 fb:70 3688213                    /home/ubuntu/task2/env/lib/python3.11/site-packages/preshed/maps.cpython-311-x86_64-linux-gnu.so
7ad47fef9000-7ad47fefd000 r--p 00000000 fb:70 3673157                    /home/ubuntu/task2/env/lib/python3.11/site-packages/cymem/cymem.cpython-311-x86_64-linux-gnu.so
7ad47fefd000-7ad47ff0b000 r-xp 00004000 fb:70 3673157                    /home/ubuntu/task2/env/lib/python3.11/site-packages/cymem/cymem.cpython-311-x86_64-linux-gnu.so
7ad47ff0b000-7ad47ff0f000 r--p 00012000 fb:70 3673157                    /home/ubuntu/task2/env/lib/python3.11/site-packages/cymem/cymem.cpython-311-x86_64-linux-gnu.so
7ad47ff0f000-7ad47ff10000 r--p 00015000 fb:70 3673157                    /home/ubuntu/task2/env/lib/python3.11/site-packages/cymem/cymem.cpython-311-x86_64-linux-gnu.so
7ad47ff10000-7ad47ff12000 rw-p 00016000 fb:70 3673157                    /home/ubuntu/task2/env/lib/python3.11/site-packages/cymem/cymem.cpython-311-x86_64-linux-gnu.so
7ad47ff12000-7ad47ff21000 r--p 00000000 fb:70 3812207                    /home/ubuntu/task2/env/lib/python3.11/site-packages/thinc/backends/numpy_ops.cpython-311-x86_64-linux-gnu.so
7ad47ff21000-7ad47ffe7000 r-xp 0000f000 fb:70 3812207                    /home/ubuntu/task2/env/lib/python3.11/site-packages/thinc/backends/numpy_ops.cpython-311-x86_64-linux-gnu.so
7ad47ffe7000-7ad47fffa000 r--p 000d5000 fb:70 3812207                    /home/ubuntu/task2/env/lib/python3.11/site-packages/thinc/backends/numpy_ops.cpython-311-x86_64-linux-gnu.so
7ad47fffa000-7ad47fffb000 r--p 000e7000 fb:70 3812207                    /home/ubuntu/task2/env/lib/python3.11/site-packages/thinc/backends/numpy_ops.cpython-311-x86_64-linux-gnu.so
7ad47fffb000-7ad47fffe000 rw-p 000e8000 fb:70 3812207                    /home/ubuntu/task2/env/lib/python3.11/site-packages/thinc/backends/numpy_ops.cpython-311-x86_64-linux-gnu.so
7ad47fffe000-7ad480000000 rw-p 00000000 00:00 0 
7ad480000000-7ad480021000 rw-p 00000000 00:00 0 
7ad480021000-7ad484000000 ---p 00000000 00:00 0 
7ad484000000-7ad484002000 r--p 00000000 08:02 67124792                   /usr/lib/jvm/java-21-openjdk-amd64/lib/libjimage.so
7ad484002000-7ad484005000 r-xp 00002000 08:02 67124792                   /usr/lib/jvm/java-21-openjdk-amd64/lib/libjimage.so
7ad484005000-7ad484006000 r--p 00005000 08:02 67124792                   /usr/lib/jvm/java-21-openjdk-amd64/lib/libjimage.so
7ad484006000-7ad484007000 ---p 00006000 08:02 67124792                   /usr/lib/jvm/java-21-openjdk-amd64/lib/libjimage.so
7ad484007000-7ad484008000 r--p 00006000 08:02 67124792                   /usr/lib/jvm/java-21-openjdk-amd64/lib/libjimage.so
7ad484008000-7ad484009000 rw-p 00007000 08:02 67124792                   /usr/lib/jvm/java-21-openjdk-amd64/lib/libjimage.so
7ad484009000-7ad48400f000 r--p 00000000 fb:70 3812221                    /home/ubuntu/task2/env/lib/python3.11/site-packages/thinc/backends/cblas.cpython-311-x86_64-linux-gnu.so
7ad48400f000-7ad484030000 r-xp 00006000 fb:70 3812221                    /home/ubuntu/task2/env/lib/python3.11/site-packages/thinc/backends/cblas.cpython-311-x86_64-linux-gnu.so
7ad484030000-7ad484036000 r--p 00027000 fb:70 3812221                    /home/ubuntu/task2/env/lib/python3.11/site-packages/thinc/backends/cblas.cpython-311-x86_64-linux-gnu.so
7ad484036000-7ad484037000 ---p 0002d000 fb:70 3812221                    /home/ubuntu/task2/env/lib/python3.11/site-packages/thinc/backends/cblas.cpython-311-x86_64-linux-gnu.so
7ad484037000-7ad484038000 r--p 0002d000 fb:70 3812221                    /home/ubuntu/task2/env/lib/python3.11/site-packages/thinc/backends/cblas.cpython-311-x86_64-linux-gnu.so
7ad484038000-7ad48403a000 rw-p 0002e000 fb:70 3812221                    /home/ubuntu/task2/env/lib/python3.11/site-packages/thinc/backends/cblas.cpython-311-x86_64-linux-gnu.so
7ad48403a000-7ad48423b000 rw-p 00000000 00:00 0 
7ad48423b000-7ad48424b000 -w-s 00000000 00:05 1189                       /dev/nvidia0
7ad48424b000-7ad48454b000 rw-p 00000000 00:00 0 
7ad48454b000-7ad48454f000 r--p 00000000 fb:70 3685275                    /home/ubuntu/task2/env/lib/python3.11/site-packages/srsly/msgpack/_unpacker.cpython-311-x86_64-linux-gnu.so
7ad48454f000-7ad484560000 r-xp 00004000 fb:70 3685275                    /home/ubuntu/task2/env/lib/python3.11/site-packages/srsly/msgpack/_unpacker.cpython-311-x86_64-linux-gnu.so
7ad484560000-7ad484565000 r--p 00015000 fb:70 3685275                    /home/ubuntu/task2/env/lib/python3.11/site-packages/srsly/msgpack/_unpacker.cpython-311-x86_64-linux-gnu.so
7ad484565000-7ad484566000 r--p 00019000 fb:70 3685275                    /home/ubuntu/task2/env/lib/python3.11/site-packages/srsly/msgpack/_unpacker.cpython-311-x86_64-linux-gnu.so
7ad484566000-7ad484567000 rw-p 0001a000 fb:70 3685275                    /home/ubuntu/task2/env/lib/python3.11/site-packages/srsly/msgpack/_unpacker.cpython-311-x86_64-linux-gnu.so
7ad484567000-7ad484568000 rw-p 00000000 00:00 0 
7ad484568000-7ad48456c000 r--p 00000000 fb:70 3685277                    /home/ubuntu/task2/env/lib/python3.11/site-packages/srsly/msgpack/_packer.cpython-311-x86_64-linux-gnu.so
7ad48456c000-7ad48457d000 r-xp 00004000 fb:70 3685277                    /home/ubuntu/task2/env/lib/python3.11/site-packages/srsly/msgpack/_packer.cpython-311-x86_64-linux-gnu.so
7ad48457d000-7ad484581000 r--p 00015000 fb:70 3685277                    /home/ubuntu/task2/env/lib/python3.11/site-packages/srsly/msgpack/_packer.cpython-311-x86_64-linux-gnu.so
7ad484581000-7ad484582000 ---p 00019000 fb:70 3685277                    /home/ubuntu/task2/env/lib/python3.11/site-packages/srsly/msgpack/_packer.cpython-311-x86_64-linux-gnu.so
7ad484582000-7ad484583000 r--p 00019000 fb:70 3685277                    /home/ubuntu/task2/env/lib/python3.11/site-packages/srsly/msgpack/_packer.cpython-311-x86_64-linux-gnu.so
7ad484583000-7ad484584000 rw-p 0001a000 fb:70 3685277                    /home/ubuntu/task2/env/lib/python3.11/site-packages/srsly/msgpack/_packer.cpython-311-x86_64-linux-gnu.so
7ad484584000-7ad484585000 rw-p 00000000 00:00 0 
7ad484585000-7ad484588000 r--p 00000000 fb:70 3685298                    /home/ubuntu/task2/env/lib/python3.11/site-packages/srsly/ujson/ujson.cpython-311-x86_64-linux-gnu.so
7ad484588000-7ad48458d000 r-xp 00003000 fb:70 3685298                    /home/ubuntu/task2/env/lib/python3.11/site-packages/srsly/ujson/ujson.cpython-311-x86_64-linux-gnu.so
7ad48458d000-7ad484590000 r--p 00008000 fb:70 3685298                    /home/ubuntu/task2/env/lib/python3.11/site-packages/srsly/ujson/ujson.cpython-311-x86_64-linux-gnu.so
7ad484590000-7ad484591000 r--p 0000a000 fb:70 3685298                    /home/ubuntu/task2/env/lib/python3.11/site-packages/srsly/ujson/ujson.cpython-311-x86_64-linux-gnu.so
7ad484591000-7ad484592000 rw-p 0000b000 fb:70 3685298                    /home/ubuntu/task2/env/lib/python3.11/site-packages/srsly/ujson/ujson.cpython-311-x86_64-linux-gnu.so
7ad484592000-7ad484792000 rw-p 00000000 00:00 0 
7ad484792000-7ad484798000 r--p 00000000 fb:70 3690644                    /home/ubuntu/task2/env/lib/python3.11/site-packages/sklearn/metrics/_pairwise_fast.cpython-311-x86_64-linux-gnu.so
7ad484798000-7ad4847c8000 r-xp 00006000 fb:70 3690644                    /home/ubuntu/task2/env/lib/python3.11/site-packages/sklearn/metrics/_pairwise_fast.cpython-311-x86_64-linux-gnu.so
7ad4847c8000-7ad4847d0000 r--p 00036000 fb:70 3690644                    /home/ubuntu/task2/env/lib/python3.11/site-packages/sklearn/metrics/_pairwise_fast.cpython-311-x86_64-linux-gnu.so
7ad4847d0000-7ad4847d2000 r--p 0003d000 fb:70 3690644                    /home/ubuntu/task2/env/lib/python3.11/site-packages/sklearn/metrics/_pairwise_fast.cpython-311-x86_64-linux-gnu.so
7ad4847d2000-7ad4847d4000 rw-p 0003f000 fb:70 3690644                    /home/ubuntu/task2/env/lib/python3.11/site-packages/sklearn/metrics/_pairwise_fast.cpython-311-x86_64-linux-gnu.so
7ad4847d4000-7ad4847d5000 rw-p 00000000 00:00 0 
7ad4847d5000-7ad4847d9000 rw-p 0004a000 fb:70 3690644                    /home/ubuntu/task2/env/lib/python3.11/site-packages/sklearn/metrics/_pairwise_fast.cpython-311-x86_64-linux-gnu.so
7ad4847d9000-7ad4847df000 r--p 00000000 fb:70 3690672                    /home/ubuntu/task2/env/lib/python3.11/site-packages/sklearn/metrics/_pairwise_distances_reduction/_radius_neighbors_classmode.cpython-311-x86_64-linux-gnu.so
7ad4847df000-7ad48480c000 r-xp 00006000 fb:70 3690672                    /home/ubuntu/task2/env/lib/python3.11/site-packages/sklearn/metrics/_pairwise_distances_reduction/_radius_neighbors_classmode.cpython-311-x86_64-linux-gnu.so
7ad48480c000-7ad484815000 r--p 00033000 fb:70 3690672                    /home/ubuntu/task2/env/lib/python3.11/site-packages/sklearn/metrics/_pairwise_distances_reduction/_radius_neighbors_classmode.cpython-311-x86_64-linux-gnu.so
7ad484815000-7ad484817000 r--p 0003b000 fb:70 3690672                    /home/ubuntu/task2/env/lib/python3.11/site-packages/sklearn/metrics/_pairwise_distances_reduction/_radius_neighbors_classmode.cpython-311-x86_64-linux-gnu.so
7ad484817000-7ad484819000 rw-p 0003d000 fb:70 3690672                    /home/ubuntu/task2/env/lib/python3.11/site-packages/sklearn/metrics/_pairwise_distances_reduction/_radius_neighbors_classmode.cpython-311-x86_64-linux-gnu.so
7ad484819000-7ad48481a000 rw-p 00000000 00:00 0 
7ad48481a000-7ad48481f000 rw-p 0004e000 fb:70 3690672                    /home/ubuntu/task2/env/lib/python3.11/site-packages/sklearn/metrics/_pairwise_distances_reduction/_radius_neighbors_classmode.cpython-311-x86_64-linux-gnu.so
7ad48481f000-7ad484824000 r--p 00000000 fb:70 3690966                    /home/ubuntu/task2/env/lib/python3.11/site-packages/sklearn/utils/_vector_sentinel.cpython-311-x86_64-linux-gnu.so
7ad484824000-7ad484837000 r-xp 00005000 fb:70 3690966                    /home/ubuntu/task2/env/lib/python3.11/site-packages/sklearn/utils/_vector_sentinel.cpython-311-x86_64-linux-gnu.so
7ad484837000-7ad48483d000 r--p 00018000 fb:70 3690966                    /home/ubuntu/task2/env/lib/python3.11/site-packages/sklearn/utils/_vector_sentinel.cpython-311-x86_64-linux-gnu.so
7ad48483d000-7ad48483e000 r--p 0001d000 fb:70 3690966                    /home/ubuntu/task2/env/lib/python3.11/site-packages/sklearn/utils/_vector_sentinel.cpython-311-x86_64-linux-gnu.so
7ad48483e000-7ad484840000 rw-p 0001e000 fb:70 3690966                    /home/ubuntu/task2/env/lib/python3.11/site-packages/sklearn/utils/_vector_sentinel.cpython-311-x86_64-linux-gnu.so
7ad484840000-7ad484848000 r--p 00000000 fb:70 3690669                    /home/ubuntu/task2/env/lib/python3.11/site-packages/sklearn/metrics/_pairwise_distances_reduction/_radius_neighbors.cpython-311-x86_64-linux-gnu.so
7ad484848000-7ad48487f000 r-xp 00008000 fb:70 3690669                    /home/ubuntu/task2/env/lib/python3.11/site-packages/sklearn/metrics/_pairwise_distances_reduction/_radius_neighbors.cpython-311-x86_64-linux-gnu.so
7ad48487f000-7ad48488b000 r--p 0003f000 fb:70 3690669                    /home/ubuntu/task2/env/lib/python3.11/site-packages/sklearn/metrics/_pairwise_distances_reduction/_radius_neighbors.cpython-311-x86_64-linux-gnu.so
7ad48488b000-7ad48488d000 r--p 0004a000 fb:70 3690669                    /home/ubuntu/task2/env/lib/python3.11/site-packages/sklearn/metrics/_pairwise_distances_reduction/_radius_neighbors.cpython-311-x86_64-linux-gnu.so
7ad48488d000-7ad484890000 rw-p 0004c000 fb:70 3690669                    /home/ubuntu/task2/env/lib/python3.11/site-packages/sklearn/metrics/_pairwise_distances_reduction/_radius_neighbors.cpython-311-x86_64-linux-gnu.so
7ad484890000-7ad484891000 rw-p 00000000 00:00 0 
7ad484891000-7ad484895000 rw-p 00063000 fb:70 3690669                    /home/ubuntu/task2/env/lib/python3.11/site-packages/sklearn/metrics/_pairwise_distances_reduction/_radius_neighbors.cpython-311-x86_64-linux-gnu.so
7ad484895000-7ad48489b000 r--p 00000000 fb:70 3690656                    /home/ubuntu/task2/env/lib/python3.11/site-packages/sklearn/metrics/_pairwise_distances_reduction/_argkmin_classmode.cpython-311-x86_64-linux-gnu.so
7ad48489b000-7ad4848c5000 r-xp 00006000 fb:70 3690656                    /home/ubuntu/task2/env/lib/python3.11/site-packages/sklearn/metrics/_pairwise_distances_reduction/_argkmin_classmode.cpython-311-x86_64-linux-gnu.so
7ad4848c5000-7ad4848ce000 r--p 00030000 fb:70 3690656                    /home/ubuntu/task2/env/lib/python3.11/site-packages/sklearn/metrics/_pairwise_distances_reduction/_argkmin_classmode.cpython-311-x86_64-linux-gnu.so
7ad4848ce000-7ad4848cf000 ---p 00039000 fb:70 3690656                    /home/ubuntu/task2/env/lib/python3.11/site-packages/sklearn/metrics/_pairwise_distances_reduction/_argkmin_classmode.cpython-311-x86_64-linux-gnu.so
7ad4848cf000-7ad4848d0000 r--p 00039000 fb:70 3690656                    /home/ubuntu/task2/env/lib/python3.11/site-packages/sklearn/metrics/_pairwise_distances_reduction/_argkmin_classmode.cpython-311-x86_64-linux-gnu.so
7ad4848d0000-7ad4848d2000 rw-p 0003a000 fb:70 3690656                    /home/ubuntu/task2/env/lib/python3.11/site-packages/sklearn/metrics/_pairwise_distances_reduction/_argkmin_classmode.cpython-311-x86_64-linux-gnu.so
7ad4848d2000-7ad4848d3000 rw-p 00000000 00:00 0 
7ad4848d3000-7ad4848d7000 rw-p 00049000 fb:70 3690656                    /home/ubuntu/task2/env/lib/python3.11/site-packages/sklearn/metrics/_pairwise_distances_reduction/_argkmin_classmode.cpython-311-x86_64-linux-gnu.so
7ad4848d7000-7ad4848de000 r--p 00000000 fb:70 3690666                    /home/ubuntu/task2/env/lib/python3.11/site-packages/sklearn/metrics/_pairwise_distances_reduction/_middle_term_computer.cpython-311-x86_64-linux-gnu.so
7ad4848de000-7ad484929000 r-xp 00007000 fb:70 3690666                    /home/ubuntu/task2/env/lib/python3.11/site-packages/sklearn/metrics/_pairwise_distances_reduction/_middle_term_computer.cpython-311-x86_64-linux-gnu.so
7ad484929000-7ad484938000 r--p 00052000 fb:70 3690666                    /home/ubuntu/task2/env/lib/python3.11/site-packages/sklearn/metrics/_pairwise_distances_reduction/_middle_term_computer.cpython-311-x86_64-linux-gnu.so
7ad484938000-7ad48493a000 r--p 00060000 fb:70 3690666                    /home/ubuntu/task2/env/lib/python3.11/site-packages/sklearn/metrics/_pairwise_distances_reduction/_middle_term_computer.cpython-311-x86_64-linux-gnu.so
7ad48493a000-7ad48493d000 rw-p 00062000 fb:70 3690666                    /home/ubuntu/task2/env/lib/python3.11/site-packages/sklearn/metrics/_pairwise_distances_reduction/_middle_term_computer.cpython-311-x86_64-linux-gnu.so
7ad48493d000-7ad48493e000 rw-p 00000000 00:00 0 
7ad48493e000-7ad484945000 r--p 00000000 fb:70 3690923                    /home/ubuntu/task2/env/lib/python3.11/site-packages/sklearn/utils/_cython_blas.cpython-311-x86_64-linux-gnu.so
7ad484945000-7ad484999000 r-xp 00007000 fb:70 3690923                    /home/ubuntu/task2/env/lib/python3.11/site-packages/sklearn/utils/_cython_blas.cpython-311-x86_64-linux-gnu.so
7ad484999000-7ad4849a5000 r--p 0005b000 fb:70 3690923                    /home/ubuntu/task2/env/lib/python3.11/site-packages/sklearn/utils/_cython_blas.cpython-311-x86_64-linux-gnu.so
7ad4849a5000-7ad4849a7000 r--p 00066000 fb:70 3690923                    /home/ubuntu/task2/env/lib/python3.11/site-packages/sklearn/utils/_cython_blas.cpython-311-x86_64-linux-gnu.so
7ad4849a7000-7ad4849a9000 rw-p 00068000 fb:70 3690923                    /home/ubuntu/task2/env/lib/python3.11/site-packages/sklearn/utils/_cython_blas.cpython-311-x86_64-linux-gnu.so
7ad4849a9000-7ad4849aa000 rw-p 00000000 00:00 0 
7ad4849aa000-7ad4849b1000 r--p 00000000 fb:70 3690662                    /home/ubuntu/task2/env/lib/python3.11/site-packages/sklearn/metrics/_pairwise_distances_reduction/_datasets_pair.cpython-311-x86_64-linux-gnu.so
7ad4849b1000-7ad4849fb000 r-xp 00007000 fb:70 3690662                    /home/ubuntu/task2/env/lib/python3.11/site-packages/sklearn/metrics/_pairwise_distances_reduction/_datasets_pair.cpython-311-x86_64-linux-gnu.so
7ad4849fb000-7ad484a0a000 r--p 00051000 fb:70 3690662                    /home/ubuntu/task2/env/lib/python3.11/site-packages/sklearn/metrics/_pairwise_distances_reduction/_datasets_pair.cpython-311-x86_64-linux-gnu.so
7ad484a0a000-7ad484a0c000 r--p 0005f000 fb:70 3690662                    /home/ubuntu/task2/env/lib/python3.11/site-packages/sklearn/metrics/_pairwise_distances_reduction/_datasets_pair.cpython-311-x86_64-linux-gnu.so
7ad484a0c000-7ad484a0f000 rw-p 00061000 fb:70 3690662                    /home/ubuntu/task2/env/lib/python3.11/site-packages/sklearn/metrics/_pairwise_distances_reduction/_datasets_pair.cpython-311-x86_64-linux-gnu.so
7ad484a0f000-7ad484a11000 rw-p 00000000 00:00 0 
7ad484a11000-7ad484a18000 r--p 00000000 fb:70 3690658                    /home/ubuntu/task2/env/lib/python3.11/site-packages/sklearn/metrics/_pairwise_distances_reduction/_base.cpython-311-x86_64-linux-gnu.so
7ad484a18000-7ad484a4a000 r-xp 00007000 fb:70 3690658                    /home/ubuntu/task2/env/lib/python3.11/site-packages/sklearn/metrics/_pairwise_distances_reduction/_base.cpython-311-x86_64-linux-gnu.so
7ad484a4a000-7ad484a54000 r--p 00039000 fb:70 3690658                    /home/ubuntu/task2/env/lib/python3.11/site-packages/sklearn/metrics/_pairwise_distances_reduction/_base.cpython-311-x86_64-linux-gnu.so
7ad484a54000-7ad484a56000 r--p 00042000 fb:70 3690658                    /home/ubuntu/task2/env/lib/python3.11/site-packages/sklearn/metrics/_pairwise_distances_reduction/_base.cpython-311-x86_64-linux-gnu.so
7ad484a56000-7ad484a58000 rw-p 00044000 fb:70 3690658                    /home/ubuntu/task2/env/lib/python3.11/site-packages/sklearn/metrics/_pairwise_distances_reduction/_base.cpython-311-x86_64-linux-gnu.so
7ad484a58000-7ad484a59000 rw-p 00000000 00:00 0 
7ad484a59000-7ad484a5e000 rw-p 00058000 fb:70 3690658                    /home/ubuntu/task2/env/lib/python3.11/site-packages/sklearn/metrics/_pairwise_distances_reduction/_base.cpython-311-x86_64-linux-gnu.so
7ad484a5e000-7ad484a68000 r--p 00000000 fb:70 3690640                    /home/ubuntu/task2/env/lib/python3.11/site-packages/sklearn/metrics/_dist_metrics.cpython-311-x86_64-linux-gnu.so
7ad484a68000-7ad484adb000 r-xp 0000a000 fb:70 3690640                    /home/ubuntu/task2/env/lib/python3.11/site-packages/sklearn/metrics/_dist_metrics.cpython-311-x86_64-linux-gnu.so
7ad484adb000-7ad484af3000 r--p 0007d000 fb:70 3690640                    /home/ubuntu/task2/env/lib/python3.11/site-packages/sklearn/metrics/_dist_metrics.cpython-311-x86_64-linux-gnu.so
7ad484af3000-7ad484af4000 ---p 00095000 fb:70 3690640                    /home/ubuntu/task2/env/lib/python3.11/site-packages/sklearn/metrics/_dist_metrics.cpython-311-x86_64-linux-gnu.so
7ad484af4000-7ad484af6000 r--p 00095000 fb:70 3690640                    /home/ubuntu/task2/env/lib/python3.11/site-packages/sklearn/metrics/_dist_metrics.cpython-311-x86_64-linux-gnu.so
7ad484af6000-7ad484afd000 rw-p 00097000 fb:70 3690640                    /home/ubuntu/task2/env/lib/python3.11/site-packages/sklearn/metrics/_dist_metrics.cpython-311-x86_64-linux-gnu.so
7ad484afd000-7ad484c00000 rw-p 00000000 00:00 0 
7ad484c00000-7ad484c25000 r-xp 00000000 fb:70 3689996                    /home/ubuntu/task2/env/lib/python3.11/site-packages/scikit_learn.libs/libgomp-a34b3233.so.1.0.0
7ad484c25000-7ad484e24000 ---p 00025000 fb:70 3689996                    /home/ubuntu/task2/env/lib/python3.11/site-packages/scikit_learn.libs/libgomp-a34b3233.so.1.0.0
7ad484e24000-7ad484e25000 r--p 00024000 fb:70 3689996                    /home/ubuntu/task2/env/lib/python3.11/site-packages/scikit_learn.libs/libgomp-a34b3233.so.1.0.0
7ad484e25000-7ad484e2a000 rw-p 00025000 fb:70 3689996                    /home/ubuntu/task2/env/lib/python3.11/site-packages/scikit_learn.libs/libgomp-a34b3233.so.1.0.0
7ad484e2c000-7ad484e2e000 r--p 00000000 08:02 67124799                   /usr/lib/jvm/java-21-openjdk-amd64/lib/libmanagement.so
7ad484e2e000-7ad484e2f000 r-xp 00002000 08:02 67124799                   /usr/lib/jvm/java-21-openjdk-amd64/lib/libmanagement.so
7ad484e2f000-7ad484e30000 r--p 00003000 08:02 67124799                   /usr/lib/jvm/java-21-openjdk-amd64/lib/libmanagement.so
7ad484e30000-7ad484e31000 r--p 00003000 08:02 67124799                   /usr/lib/jvm/java-21-openjdk-amd64/lib/libmanagement.so
7ad484e31000-7ad484e32000 rw-p 00004000 08:02 67124799                   /usr/lib/jvm/java-21-openjdk-amd64/lib/libmanagement.so
7ad484e32000-7ad484e39000 r--p 00000000 fb:70 3690653                    /home/ubuntu/task2/env/lib/python3.11/site-packages/sklearn/metrics/_pairwise_distances_reduction/_argkmin.cpython-311-x86_64-linux-gnu.so
7ad484e39000-7ad484e70000 r-xp 00007000 fb:70 3690653                    /home/ubuntu/task2/env/lib/python3.11/site-packages/sklearn/metrics/_pairwise_distances_reduction/_argkmin.cpython-311-x86_64-linux-gnu.so
7ad484e70000-7ad484e7b000 r--p 0003e000 fb:70 3690653                    /home/ubuntu/task2/env/lib/python3.11/site-packages/sklearn/metrics/_pairwise_distances_reduction/_argkmin.cpython-311-x86_64-linux-gnu.so
7ad484e7b000-7ad484e7d000 r--p 00048000 fb:70 3690653                    /home/ubuntu/task2/env/lib/python3.11/site-packages/sklearn/metrics/_pairwise_distances_reduction/_argkmin.cpython-311-x86_64-linux-gnu.so
7ad484e7d000-7ad484e80000 rw-p 0004a000 fb:70 3690653                    /home/ubuntu/task2/env/lib/python3.11/site-packages/sklearn/metrics/_pairwise_distances_reduction/_argkmin.cpython-311-x86_64-linux-gnu.so
7ad484e80000-7ad484e81000 rw-p 00000000 00:00 0 
7ad484e81000-7ad484e86000 rw-p 0005f000 fb:70 3690653                    /home/ubuntu/task2/env/lib/python3.11/site-packages/sklearn/metrics/_pairwise_distances_reduction/_argkmin.cpython-311-x86_64-linux-gnu.so
7ad484e86000-7ad484e8d000 r--p 00000000 fb:70 3690800                    /home/ubuntu/task2/env/lib/python3.11/site-packages/sklearn/preprocessing/_target_encoder_fast.cpython-311-x86_64-linux-gnu.so
7ad484e8d000-7ad484eef000 r-xp 00007000 fb:70 3690800                    /home/ubuntu/task2/env/lib/python3.11/site-packages/sklearn/preprocessing/_target_encoder_fast.cpython-311-x86_64-linux-gnu.so
7ad484eef000-7ad484efa000 r--p 00069000 fb:70 3690800                    /home/ubuntu/task2/env/lib/python3.11/site-packages/sklearn/preprocessing/_target_encoder_fast.cpython-311-x86_64-linux-gnu.so
7ad484efa000-7ad484efc000 r--p 00073000 fb:70 3690800                    /home/ubuntu/task2/env/lib/python3.11/site-packages/sklearn/preprocessing/_target_encoder_fast.cpython-311-x86_64-linux-gnu.so
7ad484efc000-7ad484efe000 rw-p 00075000 fb:70 3690800                    /home/ubuntu/task2/env/lib/python3.11/site-packages/sklearn/preprocessing/_target_encoder_fast.cpython-311-x86_64-linux-gnu.so
7ad484efe000-7ad484f00000 rw-p 00000000 00:00 0 
7ad484f00000-7ad484f07000 r--p 00000000 fb:70 3690791                    /home/ubuntu/task2/env/lib/python3.11/site-packages/sklearn/preprocessing/_csr_polynomial_expansion.cpython-311-x86_64-linux-gnu.so
7ad484f07000-7ad484f5f000 r-xp 00007000 fb:70 3690791                    /home/ubuntu/task2/env/lib/python3.11/site-packages/sklearn/preprocessing/_csr_polynomial_expansion.cpython-311-x86_64-linux-gnu.so
7ad484f5f000-7ad484f69000 r--p 0005f000 fb:70 3690791                    /home/ubuntu/task2/env/lib/python3.11/site-packages/sklearn/preprocessing/_csr_polynomial_expansion.cpython-311-x86_64-linux-gnu.so
7ad484f69000-7ad484f6a000 ---p 00069000 fb:70 3690791                    /home/ubuntu/task2/env/lib/python3.11/site-packages/sklearn/preprocessing/_csr_polynomial_expansion.cpython-311-x86_64-linux-gnu.so
7ad484f6a000-7ad484f6c000 r--p 00069000 fb:70 3690791                    /home/ubuntu/task2/env/lib/python3.11/site-packages/sklearn/preprocessing/_csr_polynomial_expansion.cpython-311-x86_64-linux-gnu.so
7ad484f6c000-7ad484f6e000 rw-p 0006b000 fb:70 3690791                    /home/ubuntu/task2/env/lib/python3.11/site-packages/sklearn/preprocessing/_csr_polynomial_expansion.cpython-311-x86_64-linux-gnu.so
7ad484f6e000-7ad484f6f000 rw-p 00000000 00:00 0 
7ad484f6f000-7ad484f75000 r--p 00000000 fb:70 3690693                    /home/ubuntu/task2/env/lib/python3.11/site-packages/sklearn/metrics/cluster/_expected_mutual_info_fast.cpython-311-x86_64-linux-gnu.so
7ad484f75000-7ad484f9a000 r-xp 00006000 fb:70 3690693                    /home/ubuntu/task2/env/lib/python3.11/site-packages/sklearn/metrics/cluster/_expected_mutual_info_fast.cpython-311-x86_64-linux-gnu.so
7ad484f9a000-7ad484fa1000 r--p 0002b000 fb:70 3690693                    /home/ubuntu/task2/env/lib/python3.11/site-packages/sklearn/metrics/cluster/_expected_mutual_info_fast.cpython-311-x86_64-linux-gnu.so
7ad484fa1000-7ad484fa2000 ---p 00032000 fb:70 3690693                    /home/ubuntu/task2/env/lib/python3.11/site-packages/sklearn/metrics/cluster/_expected_mutual_info_fast.cpython-311-x86_64-linux-gnu.so
7ad484fa2000-7ad484fa3000 r--p 00032000 fb:70 3690693                    /home/ubuntu/task2/env/lib/python3.11/site-packages/sklearn/metrics/cluster/_expected_mutual_info_fast.cpython-311-x86_64-linux-gnu.so
7ad484fa3000-7ad484fa5000 rw-p 00033000 fb:70 3690693                    /home/ubuntu/task2/env/lib/python3.11/site-packages/sklearn/metrics/cluster/_expected_mutual_info_fast.cpython-311-x86_64-linux-gnu.so
7ad484fa5000-7ad484fab000 r--p 00000000 fb:70 3690985                    /home/ubuntu/task2/env/lib/python3.11/site-packages/sklearn/utils/murmurhash.cpython-311-x86_64-linux-gnu.so
7ad484fab000-7ad484fd1000 r-xp 00006000 fb:70 3690985                    /home/ubuntu/task2/env/lib/python3.11/site-packages/sklearn/utils/murmurhash.cpython-311-x86_64-linux-gnu.so
7ad484fd1000-7ad484fda000 r--p 0002c000 fb:70 3690985                    /home/ubuntu/task2/env/lib/python3.11/site-packages/sklearn/utils/murmurhash.cpython-311-x86_64-linux-gnu.so
7ad484fda000-7ad484fdb000 r--p 00034000 fb:70 3690985                    /home/ubuntu/task2/env/lib/python3.11/site-packages/sklearn/utils/murmurhash.cpython-311-x86_64-linux-gnu.so
7ad484fdb000-7ad484fdd000 rw-p 00035000 fb:70 3690985                    /home/ubuntu/task2/env/lib/python3.11/site-packages/sklearn/utils/murmurhash.cpython-311-x86_64-linux-gnu.so
7ad484fdd000-7ad484fe4000 r--p 00000000 fb:70 3690992                    /home/ubuntu/task2/env/lib/python3.11/site-packages/sklearn/utils/sparsefuncs_fast.cpython-311-x86_64-linux-gnu.so
7ad484fe4000-7ad485095000 r-xp 00007000 fb:70 3690992                    /home/ubuntu/task2/env/lib/python3.11/site-packages/sklearn/utils/sparsefuncs_fast.cpython-311-x86_64-linux-gnu.so
7ad485095000-7ad4850a5000 r--p 000b8000 fb:70 3690992                    /home/ubuntu/task2/env/lib/python3.11/site-packages/sklearn/utils/sparsefuncs_fast.cpython-311-x86_64-linux-gnu.so
7ad4850a5000-7ad4850a7000 r--p 000c7000 fb:70 3690992                    /home/ubuntu/task2/env/lib/python3.11/site-packages/sklearn/utils/sparsefuncs_fast.cpython-311-x86_64-linux-gnu.so
7ad4850a7000-7ad4850a9000 rw-p 000c9000 fb:70 3690992                    /home/ubuntu/task2/env/lib/python3.11/site-packages/sklearn/utils/sparsefuncs_fast.cpython-311-x86_64-linux-gnu.so
7ad4850a9000-7ad4850ab000 rw-p 00000000 00:00 0 
7ad4850ab000-7ad4850b1000 r--p 00000000 fb:70 3690934                    /home/ubuntu/task2/env/lib/python3.11/site-packages/sklearn/utils/_isfinite.cpython-311-x86_64-linux-gnu.so
7ad4850b1000-7ad4850d7000 r-xp 00006000 fb:70 3690934                    /home/ubuntu/task2/env/lib/python3.11/site-packages/sklearn/utils/_isfinite.cpython-311-x86_64-linux-gnu.so
7ad4850d7000-7ad4850df000 r--p 0002c000 fb:70 3690934                    /home/ubuntu/task2/env/lib/python3.11/site-packages/sklearn/utils/_isfinite.cpython-311-x86_64-linux-gnu.so
7ad4850df000-7ad4850e0000 r--p 00033000 fb:70 3690934                    /home/ubuntu/task2/env/lib/python3.11/site-packages/sklearn/utils/_isfinite.cpython-311-x86_64-linux-gnu.so
7ad4850e0000-7ad4850e2000 rw-p 00034000 fb:70 3690934                    /home/ubuntu/task2/env/lib/python3.11/site-packages/sklearn/utils/_isfinite.cpython-311-x86_64-linux-gnu.so
7ad4850e2000-7ad4852e3000 rw-p 00000000 00:00 0 
7ad4852e3000-7ad4852e7000 r--p 00000000 fb:70 3693679                    /home/ubuntu/task2/env/lib/python3.11/site-packages/pandas/_libs/testing.cpython-311-x86_64-linux-gnu.so
7ad4852e7000-7ad4852fa000 r-xp 00004000 fb:70 3693679                    /home/ubuntu/task2/env/lib/python3.11/site-packages/pandas/_libs/testing.cpython-311-x86_64-linux-gnu.so
7ad4852fa000-7ad4852fe000 r--p 00017000 fb:70 3693679                    /home/ubuntu/task2/env/lib/python3.11/site-packages/pandas/_libs/testing.cpython-311-x86_64-linux-gnu.so
7ad4852fe000-7ad4852ff000 r--p 0001a000 fb:70 3693679                    /home/ubuntu/task2/env/lib/python3.11/site-packages/pandas/_libs/testing.cpython-311-x86_64-linux-gnu.so
7ad4852ff000-7ad485300000 rw-p 0001b000 fb:70 3693679                    /home/ubuntu/task2/env/lib/python3.11/site-packages/pandas/_libs/testing.cpython-311-x86_64-linux-gnu.so
7ad485300000-7ad485400000 rw-p 00000000 00:00 0 
7ad485400000-7ad48540b000 r--p 00000000 fb:70 3693671                    /home/ubuntu/task2/env/lib/python3.11/site-packages/pandas/_libs/groupby.cpython-311-x86_64-linux-gnu.so
7ad48540b000-7ad485613000 r-xp 0000b000 fb:70 3693671                    /home/ubuntu/task2/env/lib/python3.11/site-packages/pandas/_libs/groupby.cpython-311-x86_64-linux-gnu.so
7ad485613000-7ad485639000 r--p 00213000 fb:70 3693671                    /home/ubuntu/task2/env/lib/python3.11/site-packages/pandas/_libs/groupby.cpython-311-x86_64-linux-gnu.so
7ad485639000-7ad48563c000 r--p 00238000 fb:70 3693671                    /home/ubuntu/task2/env/lib/python3.11/site-packages/pandas/_libs/groupby.cpython-311-x86_64-linux-gnu.so
7ad48563c000-7ad485642000 rw-p 0023b000 fb:70 3693671                    /home/ubuntu/task2/env/lib/python3.11/site-packages/pandas/_libs/groupby.cpython-311-x86_64-linux-gnu.so
7ad485642000-7ad485646000 rw-p 00000000 00:00 0 
7ad485648000-7ad485652000 r--p 00000000 fb:70 3693678                    /home/ubuntu/task2/env/lib/python3.11/site-packages/pandas/_libs/parsers.cpython-311-x86_64-linux-gnu.so
7ad485652000-7ad4856bc000 r-xp 0000a000 fb:70 3693678                    /home/ubuntu/task2/env/lib/python3.11/site-packages/pandas/_libs/parsers.cpython-311-x86_64-linux-gnu.so
7ad4856bc000-7ad4856ca000 r--p 00074000 fb:70 3693678                    /home/ubuntu/task2/env/lib/python3.11/site-packages/pandas/_libs/parsers.cpython-311-x86_64-linux-gnu.so
7ad4856ca000-7ad4856cb000 ---p 00082000 fb:70 3693678                    /home/ubuntu/task2/env/lib/python3.11/site-packages/pandas/_libs/parsers.cpython-311-x86_64-linux-gnu.so
7ad4856cb000-7ad4856cd000 r--p 00082000 fb:70 3693678                    /home/ubuntu/task2/env/lib/python3.11/site-packages/pandas/_libs/parsers.cpython-311-x86_64-linux-gnu.so
7ad4856cd000-7ad4856d0000 rw-p 00084000 fb:70 3693678                    /home/ubuntu/task2/env/lib/python3.11/site-packages/pandas/_libs/parsers.cpython-311-x86_64-linux-gnu.so
7ad4856d0000-7ad4857d2000 rw-p 00000000 00:00 0 
7ad4857d2000-7ad4857d9000 r--p 00000000 fb:70 3693693                    /home/ubuntu/task2/env/lib/python3.11/site-packages/pandas/_libs/reshape.cpython-311-x86_64-linux-gnu.so
7ad4857d9000-7ad48580b000 r-xp 00007000 fb:70 3693693                    /home/ubuntu/task2/env/lib/python3.11/site-packages/pandas/_libs/reshape.cpython-311-x86_64-linux-gnu.so
7ad48580b000-7ad485814000 r--p 00039000 fb:70 3693693                    /home/ubuntu/task2/env/lib/python3.11/site-packages/pandas/_libs/reshape.cpython-311-x86_64-linux-gnu.so
7ad485814000-7ad485816000 r--p 00041000 fb:70 3693693                    /home/ubuntu/task2/env/lib/python3.11/site-packages/pandas/_libs/reshape.cpython-311-x86_64-linux-gnu.so
7ad485816000-7ad485818000 rw-p 00043000 fb:70 3693693                    /home/ubuntu/task2/env/lib/python3.11/site-packages/pandas/_libs/reshape.cpython-311-x86_64-linux-gnu.so
7ad485818000-7ad485919000 rw-p 00000000 00:00 0 
7ad485919000-7ad48591f000 r--p 00000000 fb:70 3693745                    /home/ubuntu/task2/env/lib/python3.11/site-packages/pandas/_libs/window/indexers.cpython-311-x86_64-linux-gnu.so
7ad48591f000-7ad485940000 r-xp 00006000 fb:70 3693745                    /home/ubuntu/task2/env/lib/python3.11/site-packages/pandas/_libs/window/indexers.cpython-311-x86_64-linux-gnu.so
7ad485940000-7ad485948000 r--p 00027000 fb:70 3693745                    /home/ubuntu/task2/env/lib/python3.11/site-packages/pandas/_libs/window/indexers.cpython-311-x86_64-linux-gnu.so
7ad485948000-7ad485949000 ---p 0002f000 fb:70 3693745                    /home/ubuntu/task2/env/lib/python3.11/site-packages/pandas/_libs/window/indexers.cpython-311-x86_64-linux-gnu.so
7ad485949000-7ad48594a000 r--p 0002f000 fb:70 3693745                    /home/ubuntu/task2/env/lib/python3.11/site-packages/pandas/_libs/window/indexers.cpython-311-x86_64-linux-gnu.so
7ad48594a000-7ad48594c000 rw-p 00030000 fb:70 3693745                    /home/ubuntu/task2/env/lib/python3.11/site-packages/pandas/_libs/window/indexers.cpython-311-x86_64-linux-gnu.so
7ad48594c000-7ad485953000 r--p 00000000 fb:70 3693744                    /home/ubuntu/task2/env/lib/python3.11/site-packages/pandas/_libs/window/aggregations.cpython-311-x86_64-linux-gnu.so
7ad485953000-7ad48599b000 r-xp 00007000 fb:70 3693744                    /home/ubuntu/task2/env/lib/python3.11/site-packages/pandas/_libs/window/aggregations.cpython-311-x86_64-linux-gnu.so
7ad48599b000-7ad4859a7000 r--p 0004f000 fb:70 3693744                    /home/ubuntu/task2/env/lib/python3.11/site-packages/pandas/_libs/window/aggregations.cpython-311-x86_64-linux-gnu.so
7ad4859a7000-7ad4859a9000 r--p 0005a000 fb:70 3693744                    /home/ubuntu/task2/env/lib/python3.11/site-packages/pandas/_libs/window/aggregations.cpython-311-x86_64-linux-gnu.so
7ad4859a9000-7ad4859ab000 rw-p 0005c000 fb:70 3693744                    /home/ubuntu/task2/env/lib/python3.11/site-packages/pandas/_libs/window/aggregations.cpython-311-x86_64-linux-gnu.so
7ad4859ab000-7ad485aac000 rw-p 00000000 00:00 0 
7ad485aac000-7ad485ab4000 r--p 00000000 fb:70 3693701                    /home/ubuntu/task2/env/lib/python3.11/site-packages/pandas/_libs/join.cpython-311-x86_64-linux-gnu.so
7ad485ab4000-7ad485bdf000 r-xp 00008000 fb:70 3693701                    /home/ubuntu/task2/env/lib/python3.11/site-packages/pandas/_libs/join.cpython-311-x86_64-linux-gnu.so
7ad485bdf000-7ad485bf0000 r--p 00133000 fb:70 3693701                    /home/ubuntu/task2/env/lib/python3.11/site-packages/pandas/_libs/join.cpython-311-x86_64-linux-gnu.so
7ad485bf0000-7ad485bf2000 r--p 00143000 fb:70 3693701                    /home/ubuntu/task2/env/lib/python3.11/site-packages/pandas/_libs/join.cpython-311-x86_64-linux-gnu.so
7ad485bf2000-7ad485bf5000 rw-p 00145000 fb:70 3693701                    /home/ubuntu/task2/env/lib/python3.11/site-packages/pandas/_libs/join.cpython-311-x86_64-linux-gnu.so
7ad485bf5000-7ad485bf7000 rw-p 00000000 00:00 0 
7ad485bf7000-7ad485bfd000 r--p 00000000 fb:70 3693682                    /home/ubuntu/task2/env/lib/python3.11/site-packages/pandas/_libs/writers.cpython-311-x86_64-linux-gnu.so
7ad485bfd000-7ad485c25000 r-xp 00006000 fb:70 3693682                    /home/ubuntu/task2/env/lib/python3.11/site-packages/pandas/_libs/writers.cpython-311-x86_64-linux-gnu.so
7ad485c25000-7ad485c2e000 r--p 0002e000 fb:70 3693682                    /home/ubuntu/task2/env/lib/python3.11/site-packages/pandas/_libs/writers.cpython-311-x86_64-linux-gnu.so
7ad485c2e000-7ad485c30000 r--p 00036000 fb:70 3693682                    /home/ubuntu/task2/env/lib/python3.11/site-packages/pandas/_libs/writers.cpython-311-x86_64-linux-gnu.so
7ad485c30000-7ad485c32000 rw-p 00038000 fb:70 3693682                    /home/ubuntu/task2/env/lib/python3.11/site-packages/pandas/_libs/writers.cpython-311-x86_64-linux-gnu.so
7ad485c32000-7ad485d33000 rw-p 00000000 00:00 0 
7ad485d33000-7ad485d40000 r--p 00000000 fb:70 3693694                    /home/ubuntu/task2/env/lib/python3.11/site-packages/pandas/_libs/index.cpython-311-x86_64-linux-gnu.so
7ad485d40000-7ad485de7000 r-xp 0000d000 fb:70 3693694                    /home/ubuntu/task2/env/lib/python3.11/site-packages/pandas/_libs/index.cpython-311-x86_64-linux-gnu.so
7ad485de7000-7ad485e01000 r--p 000b4000 fb:70 3693694                    /home/ubuntu/task2/env/lib/python3.11/site-packages/pandas/_libs/index.cpython-311-x86_64-linux-gnu.so
7ad485e01000-7ad485e04000 r--p 000cd000 fb:70 3693694                    /home/ubuntu/task2/env/lib/python3.11/site-packages/pandas/_libs/index.cpython-311-x86_64-linux-gnu.so
7ad485e04000-7ad485e0c000 rw-p 000d0000 fb:70 3693694                    /home/ubuntu/task2/env/lib/python3.11/site-packages/pandas/_libs/index.cpython-311-x86_64-linux-gnu.so
7ad485e0c000-7ad485f10000 rw-p 00000000 00:00 0 
7ad485f10000-7ad485f18000 r--p 00000000 fb:70 3693668                    /home/ubuntu/task2/env/lib/python3.11/site-packages/pandas/_libs/internals.cpython-311-x86_64-linux-gnu.so
7ad485f18000-7ad485f5e000 r-xp 00008000 fb:70 3693668                    /home/ubuntu/task2/env/lib/python3.11/site-packages/pandas/_libs/internals.cpython-311-x86_64-linux-gnu.so
7ad485f5e000-7ad485f6b000 r--p 0004e000 fb:70 3693668                    /home/ubuntu/task2/env/lib/python3.11/site-packages/pandas/_libs/internals.cpython-311-x86_64-linux-gnu.so
7ad485f6b000-7ad485f6d000 r--p 0005a000 fb:70 3693668                    /home/ubuntu/task2/env/lib/python3.11/site-packages/pandas/_libs/internals.cpython-311-x86_64-linux-gnu.so
7ad485f6d000-7ad485f70000 rw-p 0005c000 fb:70 3693668                    /home/ubuntu/task2/env/lib/python3.11/site-packages/pandas/_libs/internals.cpython-311-x86_64-linux-gnu.so
7ad485f70000-7ad485f72000 rw-p 00000000 00:00 0 
7ad485f72000-7ad485f7a000 r--p 00000000 fb:70 3693688                    /home/ubuntu/task2/env/lib/python3.11/site-packages/pandas/_libs/sparse.cpython-311-x86_64-linux-gnu.so
7ad485f7a000-7ad486029000 r-xp 00008000 fb:70 3693688                    /home/ubuntu/task2/env/lib/python3.11/site-packages/pandas/_libs/sparse.cpython-311-x86_64-linux-gnu.so
7ad486029000-7ad486038000 r--p 000b7000 fb:70 3693688                    /home/ubuntu/task2/env/lib/python3.11/site-packages/pandas/_libs/sparse.cpython-311-x86_64-linux-gnu.so
7ad486038000-7ad48603a000 r--p 000c5000 fb:70 3693688                    /home/ubuntu/task2/env/lib/python3.11/site-packages/pandas/_libs/sparse.cpython-311-x86_64-linux-gnu.so
7ad48603a000-7ad48603d000 rw-p 000c7000 fb:70 3693688                    /home/ubuntu/task2/env/lib/python3.11/site-packages/pandas/_libs/sparse.cpython-311-x86_64-linux-gnu.so
7ad48603d000-7ad48613f000 rw-p 00000000 00:00 0 
7ad48613f000-7ad486146000 r--p 00000000 fb:70 3693680                    /home/ubuntu/task2/env/lib/python3.11/site-packages/pandas/_libs/tslib.cpython-311-x86_64-linux-gnu.so
7ad486146000-7ad486180000 r-xp 00007000 fb:70 3693680                    /home/ubuntu/task2/env/lib/python3.11/site-packages/pandas/_libs/tslib.cpython-311-x86_64-linux-gnu.so
7ad486180000-7ad48618b000 r--p 00041000 fb:70 3693680                    /home/ubuntu/task2/env/lib/python3.11/site-packages/pandas/_libs/tslib.cpython-311-x86_64-linux-gnu.so
7ad48618b000-7ad48618d000 r--p 0004b000 fb:70 3693680                    /home/ubuntu/task2/env/lib/python3.11/site-packages/pandas/_libs/tslib.cpython-311-x86_64-linux-gnu.so
7ad48618d000-7ad48618f000 rw-p 0004d000 fb:70 3693680                    /home/ubuntu/task2/env/lib/python3.11/site-packages/pandas/_libs/tslib.cpython-311-x86_64-linux-gnu.so
7ad48618f000-7ad486190000 rw-p 00000000 00:00 0 
7ad486190000-7ad486195000 r--p 00000000 fb:70 3693706                    /home/ubuntu/task2/env/lib/python3.11/site-packages/pandas/_libs/arrays.cpython-311-x86_64-linux-gnu.so
7ad486195000-7ad4861a8000 r-xp 00005000 fb:70 3693706                    /home/ubuntu/task2/env/lib/python3.11/site-packages/pandas/_libs/arrays.cpython-311-x86_64-linux-gnu.so
7ad4861a8000-7ad4861ad000 r--p 00018000 fb:70 3693706                    /home/ubuntu/task2/env/lib/python3.11/site-packages/pandas/_libs/arrays.cpython-311-x86_64-linux-gnu.so
7ad4861ad000-7ad4861ae000 r--p 0001c000 fb:70 3693706                    /home/ubuntu/task2/env/lib/python3.11/site-packages/pandas/_libs/arrays.cpython-311-x86_64-linux-gnu.so
7ad4861ae000-7ad4861b0000 rw-p 0001d000 fb:70 3693706                    /home/ubuntu/task2/env/lib/python3.11/site-packages/pandas/_libs/arrays.cpython-311-x86_64-linux-gnu.so
7ad4861b0000-7ad4861b6000 r--p 00000000 fb:70 3693684                    /home/ubuntu/task2/env/lib/python3.11/site-packages/pandas/_libs/hashing.cpython-311-x86_64-linux-gnu.so
7ad4861b6000-7ad4861d8000 r-xp 00006000 fb:70 3693684                    /home/ubuntu/task2/env/lib/python3.11/site-packages/pandas/_libs/hashing.cpython-311-x86_64-linux-gnu.so
7ad4861d8000-7ad4861e0000 r--p 00028000 fb:70 3693684                    /home/ubuntu/task2/env/lib/python3.11/site-packages/pandas/_libs/hashing.cpython-311-x86_64-linux-gnu.so
7ad4861e0000-7ad4861e1000 r--p 0002f000 fb:70 3693684                    /home/ubuntu/task2/env/lib/python3.11/site-packages/pandas/_libs/hashing.cpython-311-x86_64-linux-gnu.so
7ad4861e1000-7ad4861e3000 rw-p 00030000 fb:70 3693684                    /home/ubuntu/task2/env/lib/python3.11/site-packages/pandas/_libs/hashing.cpython-311-x86_64-linux-gnu.so
7ad4861e3000-7ad4862e3000 rw-p 00000000 00:00 0 
7ad4862e3000-7ad4862e9000 r--p 00000000 fb:70 3693665                    /home/ubuntu/task2/env/lib/python3.11/site-packages/pandas/_libs/ops.cpython-311-x86_64-linux-gnu.so
7ad4862e9000-7ad486314000 r-xp 00006000 fb:70 3693665                    /home/ubuntu/task2/env/lib/python3.11/site-packages/pandas/_libs/ops.cpython-311-x86_64-linux-gnu.so
7ad486314000-7ad48631d000 r--p 00031000 fb:70 3693665                    /home/ubuntu/task2/env/lib/python3.11/site-packages/pandas/_libs/ops.cpython-311-x86_64-linux-gnu.so
7ad48631d000-7ad48631e000 ---p 0003a000 fb:70 3693665                    /home/ubuntu/task2/env/lib/python3.11/site-packages/pandas/_libs/ops.cpython-311-x86_64-linux-gnu.so
7ad48631e000-7ad48631f000 r--p 0003a000 fb:70 3693665                    /home/ubuntu/task2/env/lib/python3.11/site-packages/pandas/_libs/ops.cpython-311-x86_64-linux-gnu.so
7ad48631f000-7ad486321000 rw-p 0003b000 fb:70 3693665                    /home/ubuntu/task2/env/lib/python3.11/site-packages/pandas/_libs/ops.cpython-311-x86_64-linux-gnu.so
7ad486321000-7ad486422000 rw-p 00000000 00:00 0 
7ad486422000-7ad486450000 r--p 00000000 fb:70 3678888                    /home/ubuntu/task2/env/lib/python3.11/site-packages/pyarrow/_compute.cpython-311-x86_64-linux-gnu.so
7ad486450000-7ad4864f1000 r-xp 0002e000 fb:70 3678888                    /home/ubuntu/task2/env/lib/python3.11/site-packages/pyarrow/_compute.cpython-311-x86_64-linux-gnu.so
7ad4864f1000-7ad486524000 r--p 000cf000 fb:70 3678888                    /home/ubuntu/task2/env/lib/python3.11/site-packages/pyarrow/_compute.cpython-311-x86_64-linux-gnu.so
7ad486524000-7ad486527000 r--p 00101000 fb:70 3678888                    /home/ubuntu/task2/env/lib/python3.11/site-packages/pyarrow/_compute.cpython-311-x86_64-linux-gnu.so
7ad486527000-7ad486534000 rw-p 00104000 fb:70 3678888                    /home/ubuntu/task2/env/lib/python3.11/site-packages/pyarrow/_compute.cpython-311-x86_64-linux-gnu.so
7ad486534000-7ad486638000 rw-p 00000000 00:00 0 
7ad486638000-7ad486644000 r--p 00000000 fb:70 3693683                    /home/ubuntu/task2/env/lib/python3.11/site-packages/pandas/_libs/lib.cpython-311-x86_64-linux-gnu.so
7ad486644000-7ad4866e3000 r-xp 0000c000 fb:70 3693683                    /home/ubuntu/task2/env/lib/python3.11/site-packages/pandas/_libs/lib.cpython-311-x86_64-linux-gnu.so
7ad4866e3000-7ad4866fe000 r--p 000ab000 fb:70 3693683                    /home/ubuntu/task2/env/lib/python3.11/site-packages/pandas/_libs/lib.cpython-311-x86_64-linux-gnu.so
7ad4866fe000-7ad4866ff000 ---p 000c6000 fb:70 3693683                    /home/ubuntu/task2/env/lib/python3.11/site-packages/pandas/_libs/lib.cpython-311-x86_64-linux-gnu.so
7ad4866ff000-7ad486702000 r--p 000c6000 fb:70 3693683                    /home/ubuntu/task2/env/lib/python3.11/site-packages/pandas/_libs/lib.cpython-311-x86_64-linux-gnu.so
7ad486702000-7ad486708000 rw-p 000c9000 fb:70 3693683                    /home/ubuntu/task2/env/lib/python3.11/site-packages/pandas/_libs/lib.cpython-311-x86_64-linux-gnu.so
7ad486708000-7ad48670a000 rw-p 00000000 00:00 0 
7ad48670a000-7ad486716000 r--p 00000000 fb:70 3693667                    /home/ubuntu/task2/env/lib/python3.11/site-packages/pandas/_libs/algos.cpython-311-x86_64-linux-gnu.so
7ad486716000-7ad4868d7000 r-xp 0000c000 fb:70 3693667                    /home/ubuntu/task2/env/lib/python3.11/site-packages/pandas/_libs/algos.cpython-311-x86_64-linux-gnu.so
7ad4868d7000-7ad4868fc000 r--p 001cd000 fb:70 3693667                    /home/ubuntu/task2/env/lib/python3.11/site-packages/pandas/_libs/algos.cpython-311-x86_64-linux-gnu.so
7ad4868fc000-7ad4868ff000 r--p 001f1000 fb:70 3693667                    /home/ubuntu/task2/env/lib/python3.11/site-packages/pandas/_libs/algos.cpython-311-x86_64-linux-gnu.so
7ad4868ff000-7ad486903000 rw-p 001f4000 fb:70 3693667                    /home/ubuntu/task2/env/lib/python3.11/site-packages/pandas/_libs/algos.cpython-311-x86_64-linux-gnu.so
7ad486903000-7ad486908000 rw-p 00000000 00:00 0 
7ad486908000-7ad48690e000 r--p 00000000 fb:70 3693710                    /home/ubuntu/task2/env/lib/python3.11/site-packages/pandas/_libs/tslibs/vectorized.cpython-311-x86_64-linux-gnu.so
7ad48690e000-7ad486936000 r-xp 00006000 fb:70 3693710                    /home/ubuntu/task2/env/lib/python3.11/site-packages/pandas/_libs/tslibs/vectorized.cpython-311-x86_64-linux-gnu.so
7ad486936000-7ad48693f000 r--p 0002e000 fb:70 3693710                    /home/ubuntu/task2/env/lib/python3.11/site-packages/pandas/_libs/tslibs/vectorized.cpython-311-x86_64-linux-gnu.so
7ad48693f000-7ad486940000 ---p 00037000 fb:70 3693710                    /home/ubuntu/task2/env/lib/python3.11/site-packages/pandas/_libs/tslibs/vectorized.cpython-311-x86_64-linux-gnu.so
7ad486940000-7ad486941000 r--p 00037000 fb:70 3693710                    /home/ubuntu/task2/env/lib/python3.11/site-packages/pandas/_libs/tslibs/vectorized.cpython-311-x86_64-linux-gnu.so
7ad486941000-7ad486943000 rw-p 00038000 fb:70 3693710                    /home/ubuntu/task2/env/lib/python3.11/site-packages/pandas/_libs/tslibs/vectorized.cpython-311-x86_64-linux-gnu.so
7ad486943000-7ad486944000 rw-p 00000000 00:00 0 
7ad486944000-7ad48694d000 r--p 00000000 fb:70 3693739                    /home/ubuntu/task2/env/lib/python3.11/site-packages/pandas/_libs/tslibs/period.cpython-311-x86_64-linux-gnu.so
7ad48694d000-7ad48699f000 r-xp 00009000 fb:70 3693739                    /home/ubuntu/task2/env/lib/python3.11/site-packages/pandas/_libs/tslibs/period.cpython-311-x86_64-linux-gnu.so
7ad48699f000-7ad4869b9000 r--p 0005b000 fb:70 3693739                    /home/ubuntu/task2/env/lib/python3.11/site-packages/pandas/_libs/tslibs/period.cpython-311-x86_64-linux-gnu.so
7ad4869b9000-7ad4869bc000 r--p 00074000 fb:70 3693739                    /home/ubuntu/task2/env/lib/python3.11/site-packages/pandas/_libs/tslibs/period.cpython-311-x86_64-linux-gnu.so
7ad4869bc000-7ad4869bf000 rw-p 00077000 fb:70 3693739                    /home/ubuntu/task2/env/lib/python3.11/site-packages/pandas/_libs/tslibs/period.cpython-311-x86_64-linux-gnu.so
7ad4869bf000-7ad4869c0000 rw-p 00000000 00:00 0 
7ad4869c0000-7ad4869c7000 r--p 00000000 fb:70 3693725                    /home/ubuntu/task2/env/lib/python3.11/site-packages/pandas/_libs/tslibs/strptime.cpython-311-x86_64-linux-gnu.so
7ad4869c7000-7ad486a0d000 r-xp 00007000 fb:70 3693725                    /home/ubuntu/task2/env/lib/python3.11/site-packages/pandas/_libs/tslibs/strptime.cpython-311-x86_64-linux-gnu.so
7ad486a0d000-7ad486a18000 r--p 0004d000 fb:70 3693725                    /home/ubuntu/task2/env/lib/python3.11/site-packages/pandas/_libs/tslibs/strptime.cpython-311-x86_64-linux-gnu.so
7ad486a18000-7ad486a19000 ---p 00058000 fb:70 3693725                    /home/ubuntu/task2/env/lib/python3.11/site-packages/pandas/_libs/tslibs/strptime.cpython-311-x86_64-linux-gnu.so
7ad486a19000-7ad486a1b000 r--p 00058000 fb:70 3693725                    /home/ubuntu/task2/env/lib/python3.11/site-packages/pandas/_libs/tslibs/strptime.cpython-311-x86_64-linux-gnu.so
7ad486a1b000-7ad486a1d000 rw-p 0005a000 fb:70 3693725                    /home/ubuntu/task2/env/lib/python3.11/site-packages/pandas/_libs/tslibs/strptime.cpython-311-x86_64-linux-gnu.so
7ad486a1d000-7ad486a1e000 rw-p 00000000 00:00 0 
7ad486a1e000-7ad486a26000 r--p 00000000 fb:70 3693713                    /home/ubuntu/task2/env/lib/python3.11/site-packages/pandas/_libs/tslibs/parsing.cpython-311-x86_64-linux-gnu.so
7ad486a26000-7ad486a73000 r-xp 00008000 fb:70 3693713                    /home/ubuntu/task2/env/lib/python3.11/site-packages/pandas/_libs/tslibs/parsing.cpython-311-x86_64-linux-gnu.so
7ad486a73000-7ad486a81000 r--p 00055000 fb:70 3693713                    /home/ubuntu/task2/env/lib/python3.11/site-packages/pandas/_libs/tslibs/parsing.cpython-311-x86_64-linux-gnu.so
7ad486a81000-7ad486a82000 ---p 00063000 fb:70 3693713                    /home/ubuntu/task2/env/lib/python3.11/site-packages/pandas/_libs/tslibs/parsing.cpython-311-x86_64-linux-gnu.so
7ad486a82000-7ad486a84000 r--p 00063000 fb:70 3693713                    /home/ubuntu/task2/env/lib/python3.11/site-packages/pandas/_libs/tslibs/parsing.cpython-311-x86_64-linux-gnu.so
7ad486a84000-7ad486a87000 rw-p 00065000 fb:70 3693713                    /home/ubuntu/task2/env/lib/python3.11/site-packages/pandas/_libs/tslibs/parsing.cpython-311-x86_64-linux-gnu.so
7ad486a87000-7ad486a88000 rw-p 00000000 00:00 0 
7ad486a88000-7ad486a8e000 r--p 00000000 fb:70 3693728                    /home/ubuntu/task2/env/lib/python3.11/site-packages/pandas/_libs/tslibs/tzconversion.cpython-311-x86_64-linux-gnu.so
7ad486a8e000-7ad486ac7000 r-xp 00006000 fb:70 3693728                    /home/ubuntu/task2/env/lib/python3.11/site-packages/pandas/_libs/tslibs/tzconversion.cpython-311-x86_64-linux-gnu.so
7ad486ac7000-7ad486ad1000 r--p 0003f000 fb:70 3693728                    /home/ubuntu/task2/env/lib/python3.11/site-packages/pandas/_libs/tslibs/tzconversion.cpython-311-x86_64-linux-gnu.so
7ad486ad1000-7ad486ad3000 r--p 00048000 fb:70 3693728                    /home/ubuntu/task2/env/lib/python3.11/site-packages/pandas/_libs/tslibs/tzconversion.cpython-311-x86_64-linux-gnu.so
7ad486ad3000-7ad486ad5000 rw-p 0004a000 fb:70 3693728                    /home/ubuntu/task2/env/lib/python3.11/site-packages/pandas/_libs/tslibs/tzconversion.cpython-311-x86_64-linux-gnu.so
7ad486ad5000-7ad486ad6000 rw-p 00000000 00:00 0 
7ad486ad6000-7ad486add000 r--p 00000000 fb:70 3693722                    /home/ubuntu/task2/env/lib/python3.11/site-packages/pandas/_libs/tslibs/fields.cpython-311-x86_64-linux-gnu.so
7ad486add000-7ad486b18000 r-xp 00007000 fb:70 3693722                    /home/ubuntu/task2/env/lib/python3.11/site-packages/pandas/_libs/tslibs/fields.cpython-311-x86_64-linux-gnu.so
7ad486b18000-7ad486b23000 r--p 00042000 fb:70 3693722                    /home/ubuntu/task2/env/lib/python3.11/site-packages/pandas/_libs/tslibs/fields.cpython-311-x86_64-linux-gnu.so
7ad486b23000-7ad486b24000 ---p 0004d000 fb:70 3693722                    /home/ubuntu/task2/env/lib/python3.11/site-packages/pandas/_libs/tslibs/fields.cpython-311-x86_64-linux-gnu.so
7ad486b24000-7ad486b26000 r--p 0004d000 fb:70 3693722                    /home/ubuntu/task2/env/lib/python3.11/site-packages/pandas/_libs/tslibs/fields.cpython-311-x86_64-linux-gnu.so
7ad486b26000-7ad486b28000 rw-p 0004f000 fb:70 3693722                    /home/ubuntu/task2/env/lib/python3.11/site-packages/pandas/_libs/tslibs/fields.cpython-311-x86_64-linux-gnu.so
7ad486b28000-7ad486f29000 rw-p 00000000 00:00 0 
7ad486f29000-7ad486f2f000 r--p 00000000 fb:70 3693726                    /home/ubuntu/task2/env/lib/python3.11/site-packages/pandas/_libs/tslibs/timezones.cpython-311-x86_64-linux-gnu.so
7ad486f2f000-7ad486f5f000 r-xp 00006000 fb:70 3693726                    /home/ubuntu/task2/env/lib/python3.11/site-packages/pandas/_libs/tslibs/timezones.cpython-311-x86_64-linux-gnu.so
7ad486f5f000-7ad486f69000 r--p 00036000 fb:70 3693726                    /home/ubuntu/task2/env/lib/python3.11/site-packages/pandas/_libs/tslibs/timezones.cpython-311-x86_64-linux-gnu.so
7ad486f69000-7ad486f6b000 r--p 0003f000 fb:70 3693726                    /home/ubuntu/task2/env/lib/python3.11/site-packages/pandas/_libs/tslibs/timezones.cpython-311-x86_64-linux-gnu.so
7ad486f6b000-7ad486f6d000 rw-p 00041000 fb:70 3693726                    /home/ubuntu/task2/env/lib/python3.11/site-packages/pandas/_libs/tslibs/timezones.cpython-311-x86_64-linux-gnu.so
7ad486f6d000-7ad486f6e000 rw-p 00000000 00:00 0 
7ad486f6e000-7ad486f78000 r--p 00000000 fb:70 3693736                    /home/ubuntu/task2/env/lib/python3.11/site-packages/pandas/_libs/tslibs/timedeltas.cpython-311-x86_64-linux-gnu.so
7ad486f78000-7ad486fe2000 r-xp 0000a000 fb:70 3693736                    /home/ubuntu/task2/env/lib/python3.11/site-packages/pandas/_libs/tslibs/timedeltas.cpython-311-x86_64-linux-gnu.so
7ad486fe2000-7ad486ff8000 r--p 00074000 fb:70 3693736                    /home/ubuntu/task2/env/lib/python3.11/site-packages/pandas/_libs/tslibs/timedeltas.cpython-311-x86_64-linux-gnu.so
7ad486ff8000-7ad486ffb000 r--p 00089000 fb:70 3693736                    /home/ubuntu/task2/env/lib/python3.11/site-packages/pandas/_libs/tslibs/timedeltas.cpython-311-x86_64-linux-gnu.so
7ad486ffb000-7ad486ffe000 rw-p 0008c000 fb:70 3693736                    /home/ubuntu/task2/env/lib/python3.11/site-packages/pandas/_libs/tslibs/timedeltas.cpython-311-x86_64-linux-gnu.so
7ad486ffe000-7ad487000000 rw-p 00000000 00:00 0 
7ad487000000-7ad487014000 r--p 00000000 fb:70 3693669                    /home/ubuntu/task2/env/lib/python3.11/site-packages/pandas/_libs/hashtable.cpython-311-x86_64-linux-gnu.so
7ad487014000-7ad4871af000 r-xp 00014000 fb:70 3693669                    /home/ubuntu/task2/env/lib/python3.11/site-packages/pandas/_libs/hashtable.cpython-311-x86_64-linux-gnu.so
7ad4871af000-7ad4871ed000 r--p 001af000 fb:70 3693669                    /home/ubuntu/task2/env/lib/python3.11/site-packages/pandas/_libs/hashtable.cpython-311-x86_64-linux-gnu.so
7ad4871ed000-7ad4871ee000 ---p 001ed000 fb:70 3693669                    /home/ubuntu/task2/env/lib/python3.11/site-packages/pandas/_libs/hashtable.cpython-311-x86_64-linux-gnu.so
7ad4871ee000-7ad4871f2000 r--p 001ed000 fb:70 3693669                    /home/ubuntu/task2/env/lib/python3.11/site-packages/pandas/_libs/hashtable.cpython-311-x86_64-linux-gnu.so
7ad4871f2000-7ad4871ff000 rw-p 001f1000 fb:70 3693669                    /home/ubuntu/task2/env/lib/python3.11/site-packages/pandas/_libs/hashtable.cpython-311-x86_64-linux-gnu.so
7ad4871ff000-7ad487207000 rw-p 00000000 00:00 0 
7ad48720c000-7ad487217000 r--p 00000000 fb:70 3693716                    /home/ubuntu/task2/env/lib/python3.11/site-packages/pandas/_libs/tslibs/timestamps.cpython-311-x86_64-linux-gnu.so
7ad487217000-7ad48727b000 r-xp 0000b000 fb:70 3693716                    /home/ubuntu/task2/env/lib/python3.11/site-packages/pandas/_libs/tslibs/timestamps.cpython-311-x86_64-linux-gnu.so
7ad48727b000-7ad48729d000 r--p 0006f000 fb:70 3693716                    /home/ubuntu/task2/env/lib/python3.11/site-packages/pandas/_libs/tslibs/timestamps.cpython-311-x86_64-linux-gnu.so
7ad48729d000-7ad48729e000 ---p 00091000 fb:70 3693716                    /home/ubuntu/task2/env/lib/python3.11/site-packages/pandas/_libs/tslibs/timestamps.cpython-311-x86_64-linux-gnu.so
7ad48729e000-7ad4872a1000 r--p 00091000 fb:70 3693716                    /home/ubuntu/task2/env/lib/python3.11/site-packages/pandas/_libs/tslibs/timestamps.cpython-311-x86_64-linux-gnu.so
7ad4872a1000-7ad4872a4000 rw-p 00094000 fb:70 3693716                    /home/ubuntu/task2/env/lib/python3.11/site-packages/pandas/_libs/tslibs/timestamps.cpython-311-x86_64-linux-gnu.so
7ad4872a4000-7ad4872a6000 rw-p 00000000 00:00 0 
7ad4872a6000-7ad4872b6000 r--p 00000000 fb:70 3693723                    /home/ubuntu/task2/env/lib/python3.11/site-packages/pandas/_libs/tslibs/offsets.cpython-311-x86_64-linux-gnu.so
7ad4872b6000-7ad487369000 r-xp 00010000 fb:70 3693723                    /home/ubuntu/task2/env/lib/python3.11/site-packages/pandas/_libs/tslibs/offsets.cpython-311-x86_64-linux-gnu.so
7ad487369000-7ad487391000 r--p 000c3000 fb:70 3693723                    /home/ubuntu/task2/env/lib/python3.11/site-packages/pandas/_libs/tslibs/offsets.cpython-311-x86_64-linux-gnu.so
7ad487391000-7ad487395000 r--p 000ea000 fb:70 3693723                    /home/ubuntu/task2/env/lib/python3.11/site-packages/pandas/_libs/tslibs/offsets.cpython-311-x86_64-linux-gnu.so
7ad487395000-7ad48739f000 rw-p 000ee000 fb:70 3693723                    /home/ubuntu/task2/env/lib/python3.11/site-packages/pandas/_libs/tslibs/offsets.cpython-311-x86_64-linux-gnu.so
7ad48739f000-7ad4874a2000 rw-p 00000000 00:00 0 
7ad4874a2000-7ad4874af000 r--p 00000000 fb:70 3693691                    /home/ubuntu/task2/env/lib/python3.11/site-packages/pandas/_libs/interval.cpython-311-x86_64-linux-gnu.so
7ad4874af000-7ad4875ce000 r-xp 0000d000 fb:70 3693691                    /home/ubuntu/task2/env/lib/python3.11/site-packages/pandas/_libs/interval.cpython-311-x86_64-linux-gnu.so
7ad4875ce000-7ad4875f3000 r--p 0012c000 fb:70 3693691                    /home/ubuntu/task2/env/lib/python3.11/site-packages/pandas/_libs/interval.cpython-311-x86_64-linux-gnu.so
7ad4875f3000-7ad4875f4000 ---p 00151000 fb:70 3693691                    /home/ubuntu/task2/env/lib/python3.11/site-packages/pandas/_libs/interval.cpython-311-x86_64-linux-gnu.so
7ad4875f4000-7ad4875f6000 r--p 00151000 fb:70 3693691                    /home/ubuntu/task2/env/lib/python3.11/site-packages/pandas/_libs/interval.cpython-311-x86_64-linux-gnu.so
7ad4875f6000-7ad4875fd000 rw-p 00153000 fb:70 3693691                    /home/ubuntu/task2/env/lib/python3.11/site-packages/pandas/_libs/interval.cpython-311-x86_64-linux-gnu.so
7ad4875fd000-7ad4875ff000 rw-p 00000000 00:00 0 
7ad4875ff000-7ad487600000 ---p 00000000 00:00 0 
7ad487600000-7ad487e00000 rw-p 00000000 00:00 0 
7ad487e00000-7ad488600000 rw-p 00000000 00:00 0 
7ad488600000-7ad488aae000 r--p 00000000 fb:70 3678968                    /home/ubuntu/task2/env/lib/python3.11/site-packages/pyarrow/libarrow.so.2000
7ad488aae000-7ad48ae64000 r-xp 004ae000 fb:70 3678968                    /home/ubuntu/task2/env/lib/python3.11/site-packages/pyarrow/libarrow.so.2000
7ad48ae64000-7ad48b721000 r--p 02864000 fb:70 3678968                    /home/ubuntu/task2/env/lib/python3.11/site-packages/pyarrow/libarrow.so.2000
7ad48b721000-7ad48b812000 r--p 03120000 fb:70 3678968                    /home/ubuntu/task2/env/lib/python3.11/site-packages/pyarrow/libarrow.so.2000
7ad48b812000-7ad48b845000 rw-p 03211000 fb:70 3678968                    /home/ubuntu/task2/env/lib/python3.11/site-packages/pyarrow/libarrow.so.2000
7ad48b845000-7ad48bacf000 rw-p 00000000 00:00 0 
7ad48bacf000-7ad48bad7000 rw-s 00000000 08:02 67109664                   /tmp/hsperfdata_ubuntu/11778 (deleted)
7ad48bad7000-7ad48bada000 r--p 00000000 fb:70 3690940                    /home/ubuntu/task2/env/lib/python3.11/site-packages/sklearn/utils/_openmp_helpers.cpython-311-x86_64-linux-gnu.so
7ad48bada000-7ad48bae1000 r-xp 00003000 fb:70 3690940                    /home/ubuntu/task2/env/lib/python3.11/site-packages/sklearn/utils/_openmp_helpers.cpython-311-x86_64-linux-gnu.so
7ad48bae1000-7ad48bae3000 r--p 0000a000 fb:70 3690940                    /home/ubuntu/task2/env/lib/python3.11/site-packages/sklearn/utils/_openmp_helpers.cpython-311-x86_64-linux-gnu.so
7ad48bae3000-7ad48bae4000 ---p 0000c000 fb:70 3690940                    /home/ubuntu/task2/env/lib/python3.11/site-packages/sklearn/utils/_openmp_helpers.cpython-311-x86_64-linux-gnu.so
7ad48bae4000-7ad48bae5000 r--p 0000c000 fb:70 3690940                    /home/ubuntu/task2/env/lib/python3.11/site-packages/sklearn/utils/_openmp_helpers.cpython-311-x86_64-linux-gnu.so
7ad48bae5000-7ad48bae6000 rw-p 0000d000 fb:70 3690940                    /home/ubuntu/task2/env/lib/python3.11/site-packages/sklearn/utils/_openmp_helpers.cpython-311-x86_64-linux-gnu.so
7ad48bae6000-7ad48bae9000 rw-p 00011000 fb:70 3690940                    /home/ubuntu/task2/env/lib/python3.11/site-packages/sklearn/utils/_openmp_helpers.cpython-311-x86_64-linux-gnu.so
7ad48bae9000-7ad48baed000 r--p 00000000 fb:70 3693664                    /home/ubuntu/task2/env/lib/python3.11/site-packages/pandas/_libs/properties.cpython-311-x86_64-linux-gnu.so
7ad48baed000-7ad48baf9000 r-xp 00004000 fb:70 3693664                    /home/ubuntu/task2/env/lib/python3.11/site-packages/pandas/_libs/properties.cpython-311-x86_64-linux-gnu.so
7ad48baf9000-7ad48bafc000 r--p 00010000 fb:70 3693664                    /home/ubuntu/task2/env/lib/python3.11/site-packages/pandas/_libs/properties.cpython-311-x86_64-linux-gnu.so
7ad48bafc000-7ad48bafd000 ---p 00013000 fb:70 3693664                    /home/ubuntu/task2/env/lib/python3.11/site-packages/pandas/_libs/properties.cpython-311-x86_64-linux-gnu.so
7ad48bafd000-7ad48bafe000 r--p 00013000 fb:70 3693664                    /home/ubuntu/task2/env/lib/python3.11/site-packages/pandas/_libs/properties.cpython-311-x86_64-linux-gnu.so
7ad48bafe000-7ad48baff000 rw-p 00014000 fb:70 3693664                    /home/ubuntu/task2/env/lib/python3.11/site-packages/pandas/_libs/properties.cpython-311-x86_64-linux-gnu.so
7ad48baff000-7ad48bc00000 rw-p 00000000 00:00 0 
7ad48bc00000-7ad48bdb4000 r--p 00000000 fb:70 3678982                    /home/ubuntu/task2/env/lib/python3.11/site-packages/pyarrow/libparquet.so.2000
7ad48bdb4000-7ad48c2b5000 r-xp 001b4000 fb:70 3678982                    /home/ubuntu/task2/env/lib/python3.11/site-packages/pyarrow/libparquet.so.2000
7ad48c2b5000-7ad48c416000 r--p 006b5000 fb:70 3678982                    /home/ubuntu/task2/env/lib/python3.11/site-packages/pyarrow/libparquet.so.2000
7ad48c416000-7ad48c494000 r--p 00815000 fb:70 3678982                    /home/ubuntu/task2/env/lib/python3.11/site-packages/pyarrow/libparquet.so.2000
7ad48c494000-7ad48c4a2000 rw-p 00893000 fb:70 3678982                    /home/ubuntu/task2/env/lib/python3.11/site-packages/pyarrow/libparquet.so.2000
7ad48c4a2000-7ad48c4a5000 rw-p 00000000 00:00 0 
7ad48c4a6000-7ad48c4a8000 r--p 00000000 fb:70 3685274                    /home/ubuntu/task2/env/lib/python3.11/site-packages/srsly/msgpack/_epoch.cpython-311-x86_64-linux-gnu.so
7ad48c4a8000-7ad48c4aa000 r-xp 00002000 fb:70 3685274                    /home/ubuntu/task2/env/lib/python3.11/site-packages/srsly/msgpack/_epoch.cpython-311-x86_64-linux-gnu.so
7ad48c4aa000-7ad48c4ab000 r--p 00004000 fb:70 3685274                    /home/ubuntu/task2/env/lib/python3.11/site-packages/srsly/msgpack/_epoch.cpython-311-x86_64-linux-gnu.so
7ad48c4ab000-7ad48c4ac000 r--p 00004000 fb:70 3685274                    /home/ubuntu/task2/env/lib/python3.11/site-packages/srsly/msgpack/_epoch.cpython-311-x86_64-linux-gnu.so
7ad48c4ac000-7ad48c4ad000 rw-p 00005000 fb:70 3685274                    /home/ubuntu/task2/env/lib/python3.11/site-packages/srsly/msgpack/_epoch.cpython-311-x86_64-linux-gnu.so
7ad48c4ad000-7ad48c4af000 r--p 00000000 fb:70 3690956                    /home/ubuntu/task2/env/lib/python3.11/site-packages/sklearn/utils/_sorting.cpython-311-x86_64-linux-gnu.so
7ad48c4af000-7ad48c4b1000 r-xp 00002000 fb:70 3690956                    /home/ubuntu/task2/env/lib/python3.11/site-packages/sklearn/utils/_sorting.cpython-311-x86_64-linux-gnu.so
7ad48c4b1000-7ad48c4b2000 r--p 00004000 fb:70 3690956                    /home/ubuntu/task2/env/lib/python3.11/site-packages/sklearn/utils/_sorting.cpython-311-x86_64-linux-gnu.so
7ad48c4b2000-7ad48c4b3000 r--p 00004000 fb:70 3690956                    /home/ubuntu/task2/env/lib/python3.11/site-packages/sklearn/utils/_sorting.cpython-311-x86_64-linux-gnu.so
7ad48c4b3000-7ad48c4b4000 rw-p 00005000 fb:70 3690956                    /home/ubuntu/task2/env/lib/python3.11/site-packages/sklearn/utils/_sorting.cpython-311-x86_64-linux-gnu.so
7ad48c4b4000-7ad48c50c000 r--p 00000000 fb:70 3678969                    /home/ubuntu/task2/env/lib/python3.11/site-packages/pyarrow/libarrow_acero.so.2000
7ad48c50c000-7ad48c5f1000 r-xp 00058000 fb:70 3678969                    /home/ubuntu/task2/env/lib/python3.11/site-packages/pyarrow/libarrow_acero.so.2000
7ad48c5f1000-7ad48c62a000 r--p 0013d000 fb:70 3678969                    /home/ubuntu/task2/env/lib/python3.11/site-packages/pyarrow/libarrow_acero.so.2000
7ad48c62a000-7ad48c62b000 ---p 00176000 fb:70 3678969                    /home/ubuntu/task2/env/lib/python3.11/site-packages/pyarrow/libarrow_acero.so.2000
7ad48c62b000-7ad48c630000 r--p 00176000 fb:70 3678969                    /home/ubuntu/task2/env/lib/python3.11/site-packages/pyarrow/libarrow_acero.so.2000
7ad48c630000-7ad48c633000 rw-p 0017b000 fb:70 3678969                    /home/ubuntu/task2/env/lib/python3.11/site-packages/pyarrow/libarrow_acero.so.2000
7ad48c633000-7ad48c6dc000 r--p 00000000 fb:70 3678970                    /home/ubuntu/task2/env/lib/python3.11/site-packages/pyarrow/libarrow_dataset.so.2000
7ad48c6dc000-7ad48c7af000 r-xp 000a9000 fb:70 3678970                    /home/ubuntu/task2/env/lib/python3.11/site-packages/pyarrow/libarrow_dataset.so.2000
7ad48c7af000-7ad48c7f4000 r--p 0017c000 fb:70 3678970                    /home/ubuntu/task2/env/lib/python3.11/site-packages/pyarrow/libarrow_dataset.so.2000
7ad48c7f4000-7ad48c7f5000 ---p 001c1000 fb:70 3678970                    /home/ubuntu/task2/env/lib/python3.11/site-packages/pyarrow/libarrow_dataset.so.2000
7ad48c7f5000-7ad48c7fd000 r--p 001c1000 fb:70 3678970                    /home/ubuntu/task2/env/lib/python3.11/site-packages/pyarrow/libarrow_dataset.so.2000
7ad48c7fd000-7ad48c7ff000 rw-p 001c9000 fb:70 3678970                    /home/ubuntu/task2/env/lib/python3.11/site-packages/pyarrow/libarrow_dataset.so.2000
7ad48c7ff000-7ad48c800000 rw-p 00000000 00:00 0 
7ad48c800000-7ad48c874000 r--p 00000000 fb:70 3678981                    /home/ubuntu/task2/env/lib/python3.11/site-packages/pyarrow/libarrow_substrait.so.2000
7ad48c874000-7ad48cab0000 r-xp 00074000 fb:70 3678981                    /home/ubuntu/task2/env/lib/python3.11/site-packages/pyarrow/libarrow_substrait.so.2000
7ad48cab0000-7ad48cb69000 r--p 002b0000 fb:70 3678981                    /home/ubuntu/task2/env/lib/python3.11/site-packages/pyarrow/libarrow_substrait.so.2000
7ad48cb69000-7ad48cb6a000 ---p 00369000 fb:70 3678981                    /home/ubuntu/task2/env/lib/python3.11/site-packages/pyarrow/libarrow_substrait.so.2000
7ad48cb6a000-7ad48cb7c000 r--p 00369000 fb:70 3678981                    /home/ubuntu/task2/env/lib/python3.11/site-packages/pyarrow/libarrow_substrait.so.2000
7ad48cb7c000-7ad48cb81000 rw-p 0037b000 fb:70 3678981                    /home/ubuntu/task2/env/lib/python3.11/site-packages/pyarrow/libarrow_substrait.so.2000
7ad48cb81000-7ad48cb83000 rw-p 00000000 00:00 0 
7ad48cb85000-7ad48cb8b000 r--p 00000000 fb:70 3693731                    /home/ubuntu/task2/env/lib/python3.11/site-packages/pandas/_libs/tslibs/nattype.cpython-311-x86_64-linux-gnu.so
7ad48cb8b000-7ad48cbab000 r-xp 00006000 fb:70 3693731                    /home/ubuntu/task2/env/lib/python3.11/site-packages/pandas/_libs/tslibs/nattype.cpython-311-x86_64-linux-gnu.so
7ad48cbab000-7ad48cbb9000 r--p 00026000 fb:70 3693731                    /home/ubuntu/task2/env/lib/python3.11/site-packages/pandas/_libs/tslibs/nattype.cpython-311-x86_64-linux-gnu.so
7ad48cbb9000-7ad48cbbb000 r--p 00033000 fb:70 3693731                    /home/ubuntu/task2/env/lib/python3.11/site-packages/pandas/_libs/tslibs/nattype.cpython-311-x86_64-linux-gnu.so
7ad48cbbb000-7ad48cbbd000 rw-p 00035000 fb:70 3693731                    /home/ubuntu/task2/env/lib/python3.11/site-packages/pandas/_libs/tslibs/nattype.cpython-311-x86_64-linux-gnu.so
7ad48cbbd000-7ad48cbbe000 rw-p 00000000 00:00 0 
7ad48cbbe000-7ad48cbc5000 r--p 00000000 fb:70 3693714                    /home/ubuntu/task2/env/lib/python3.11/site-packages/pandas/_libs/tslibs/conversion.cpython-311-x86_64-linux-gnu.so
7ad48cbc5000-7ad48cbf9000 r-xp 00007000 fb:70 3693714                    /home/ubuntu/task2/env/lib/python3.11/site-packages/pandas/_libs/tslibs/conversion.cpython-311-x86_64-linux-gnu.so
7ad48cbf9000-7ad48cc03000 r--p 0003b000 fb:70 3693714                    /home/ubuntu/task2/env/lib/python3.11/site-packages/pandas/_libs/tslibs/conversion.cpython-311-x86_64-linux-gnu.so
7ad48cc03000-7ad48cc05000 r--p 00044000 fb:70 3693714                    /home/ubuntu/task2/env/lib/python3.11/site-packages/pandas/_libs/tslibs/conversion.cpython-311-x86_64-linux-gnu.so
7ad48cc05000-7ad48cc07000 rw-p 00046000 fb:70 3693714                    /home/ubuntu/task2/env/lib/python3.11/site-packages/pandas/_libs/tslibs/conversion.cpython-311-x86_64-linux-gnu.so
7ad48cc07000-7ad48cc08000 rw-p 00000000 00:00 0 
7ad48cc08000-7ad48cc95000 r--p 00000000 fb:70 3678973                    /home/ubuntu/task2/env/lib/python3.11/site-packages/pyarrow/libarrow_python.so.2000
7ad48cc95000-7ad48cdad000 r-xp 0008d000 fb:70 3678973                    /home/ubuntu/task2/env/lib/python3.11/site-packages/pyarrow/libarrow_python.so.2000
7ad48cdad000-7ad48cdf1000 r--p 001a5000 fb:70 3678973                    /home/ubuntu/task2/env/lib/python3.11/site-packages/pyarrow/libarrow_python.so.2000
7ad48cdf1000-7ad48cdfd000 r--p 001e8000 fb:70 3678973                    /home/ubuntu/task2/env/lib/python3.11/site-packages/pyarrow/libarrow_python.so.2000
7ad48cdfd000-7ad48ce00000 rw-p 001f4000 fb:70 3678973                    /home/ubuntu/task2/env/lib/python3.11/site-packages/pyarrow/libarrow_python.so.2000
7ad48ce00000-7ad48ce4b000 r--p 00000000 fb:70 3678963                    /home/ubuntu/task2/env/lib/python3.11/site-packages/pyarrow/lib.cpython-311-x86_64-linux-gnu.so
7ad48ce4b000-7ad48d0cc000 r-xp 0004b000 fb:70 3678963                    /home/ubuntu/task2/env/lib/python3.11/site-packages/pyarrow/lib.cpython-311-x86_64-linux-gnu.so
7ad48d0cc000-7ad48d1c4000 r--p 002cc000 fb:70 3678963                    /home/ubuntu/task2/env/lib/python3.11/site-packages/pyarrow/lib.cpython-311-x86_64-linux-gnu.so
7ad48d1c4000-7ad48d1c6000 r--p 003c3000 fb:70 3678963                    /home/ubuntu/task2/env/lib/python3.11/site-packages/pyarrow/lib.cpython-311-x86_64-linux-gnu.so
7ad48d1c6000-7ad48d1ee000 rw-p 003c5000 fb:70 3678963                    /home/ubuntu/task2/env/lib/python3.11/site-packages/pyarrow/lib.cpython-311-x86_64-linux-gnu.so
7ad48d1ee000-7ad48d1fc000 rw-p 00000000 00:00 0 
7ad48d201000-7ad48d203000 r--p 00000000 fb:70 3693658                    /home/ubuntu/task2/env/lib/python3.11/site-packages/pandas/_libs/json.cpython-311-x86_64-linux-gnu.so
7ad48d203000-7ad48d20c000 r-xp 00002000 fb:70 3693658                    /home/ubuntu/task2/env/lib/python3.11/site-packages/pandas/_libs/json.cpython-311-x86_64-linux-gnu.so
7ad48d20c000-7ad48d210000 r--p 0000b000 fb:70 3693658                    /home/ubuntu/task2/env/lib/python3.11/site-packages/pandas/_libs/json.cpython-311-x86_64-linux-gnu.so
7ad48d210000-7ad48d211000 r--p 0000e000 fb:70 3693658                    /home/ubuntu/task2/env/lib/python3.11/site-packages/pandas/_libs/json.cpython-311-x86_64-linux-gnu.so
7ad48d211000-7ad48d212000 rw-p 0000f000 fb:70 3693658                    /home/ubuntu/task2/env/lib/python3.11/site-packages/pandas/_libs/json.cpython-311-x86_64-linux-gnu.so
7ad48d212000-7ad48d216000 r--p 00000000 fb:70 3693738                    /home/ubuntu/task2/env/lib/python3.11/site-packages/pandas/_libs/tslibs/np_datetime.cpython-311-x86_64-linux-gnu.so
7ad48d216000-7ad48d22c000 r-xp 00004000 fb:70 3693738                    /home/ubuntu/task2/env/lib/python3.11/site-packages/pandas/_libs/tslibs/np_datetime.cpython-311-x86_64-linux-gnu.so
7ad48d22c000-7ad48d231000 r--p 0001a000 fb:70 3693738                    /home/ubuntu/task2/env/lib/python3.11/site-packages/pandas/_libs/tslibs/np_datetime.cpython-311-x86_64-linux-gnu.so
7ad48d231000-7ad48d232000 ---p 0001f000 fb:70 3693738                    /home/ubuntu/task2/env/lib/python3.11/site-packages/pandas/_libs/tslibs/np_datetime.cpython-311-x86_64-linux-gnu.so
7ad48d232000-7ad48d233000 r--p 0001f000 fb:70 3693738                    /home/ubuntu/task2/env/lib/python3.11/site-packages/pandas/_libs/tslibs/np_datetime.cpython-311-x86_64-linux-gnu.so
7ad48d233000-7ad48d234000 rw-p 00020000 fb:70 3693738                    /home/ubuntu/task2/env/lib/python3.11/site-packages/pandas/_libs/tslibs/np_datetime.cpython-311-x86_64-linux-gnu.so
7ad48d234000-7ad48d235000 rw-p 00000000 00:00 0 
7ad48d235000-7ad48d239000 r--p 00000000 fb:70 3693732                    /home/ubuntu/task2/env/lib/python3.11/site-packages/pandas/_libs/tslibs/ccalendar.cpython-311-x86_64-linux-gnu.so
7ad48d239000-7ad48d247000 r-xp 00004000 fb:70 3693732                    /home/ubuntu/task2/env/lib/python3.11/site-packages/pandas/_libs/tslibs/ccalendar.cpython-311-x86_64-linux-gnu.so
7ad48d247000-7ad48d24a000 r--p 00012000 fb:70 3693732                    /home/ubuntu/task2/env/lib/python3.11/site-packages/pandas/_libs/tslibs/ccalendar.cpython-311-x86_64-linux-gnu.so
7ad48d24a000-7ad48d24b000 ---p 00015000 fb:70 3693732                    /home/ubuntu/task2/env/lib/python3.11/site-packages/pandas/_libs/tslibs/ccalendar.cpython-311-x86_64-linux-gnu.so
7ad48d24b000-7ad48d24c000 r--p 00015000 fb:70 3693732                    /home/ubuntu/task2/env/lib/python3.11/site-packages/pandas/_libs/tslibs/ccalendar.cpython-311-x86_64-linux-gnu.so
7ad48d24c000-7ad48d24d000 rw-p 00016000 fb:70 3693732                    /home/ubuntu/task2/env/lib/python3.11/site-packages/pandas/_libs/tslibs/ccalendar.cpython-311-x86_64-linux-gnu.so
7ad48d24d000-7ad48d254000 r--p 00000000 fb:70 3693727                    /home/ubuntu/task2/env/lib/python3.11/site-packages/pandas/_libs/tslibs/dtypes.cpython-311-x86_64-linux-gnu.so
7ad48d254000-7ad48d272000 r-xp 00007000 fb:70 3693727                    /home/ubuntu/task2/env/lib/python3.11/site-packages/pandas/_libs/tslibs/dtypes.cpython-311-x86_64-linux-gnu.so
7ad48d272000-7ad48d278000 r--p 00025000 fb:70 3693727                    /home/ubuntu/task2/env/lib/python3.11/site-packages/pandas/_libs/tslibs/dtypes.cpython-311-x86_64-linux-gnu.so
7ad48d278000-7ad48d279000 ---p 0002b000 fb:70 3693727                    /home/ubuntu/task2/env/lib/python3.11/site-packages/pandas/_libs/tslibs/dtypes.cpython-311-x86_64-linux-gnu.so
7ad48d279000-7ad48d27b000 r--p 0002b000 fb:70 3693727                    /home/ubuntu/task2/env/lib/python3.11/site-packages/pandas/_libs/tslibs/dtypes.cpython-311-x86_64-linux-gnu.so
7ad48d27b000-7ad48d27c000 rw-p 0002d000 fb:70 3693727                    /home/ubuntu/task2/env/lib/python3.11/site-packages/pandas/_libs/tslibs/dtypes.cpython-311-x86_64-linux-gnu.so
7ad48d27c000-7ad48d27e000 rw-p 00000000 00:00 0 
7ad48d27e000-7ad48d284000 r--p 00000000 fb:70 3693670                    /home/ubuntu/task2/env/lib/python3.11/site-packages/pandas/_libs/missing.cpython-311-x86_64-linux-gnu.so
7ad48d284000-7ad48d2a3000 r-xp 00006000 fb:70 3693670                    /home/ubuntu/task2/env/lib/python3.11/site-packages/pandas/_libs/missing.cpython-311-x86_64-linux-gnu.so
7ad48d2a3000-7ad48d2aa000 r--p 00025000 fb:70 3693670                    /home/ubuntu/task2/env/lib/python3.11/site-packages/pandas/_libs/missing.cpython-311-x86_64-linux-gnu.so
7ad48d2aa000-7ad48d2ac000 r--p 0002b000 fb:70 3693670                    /home/ubuntu/task2/env/lib/python3.11/site-packages/pandas/_libs/missing.cpython-311-x86_64-linux-gnu.so
7ad48d2ac000-7ad48d2ae000 rw-p 0002d000 fb:70 3693670                    /home/ubuntu/task2/env/lib/python3.11/site-packages/pandas/_libs/missing.cpython-311-x86_64-linux-gnu.so
7ad48d2ae000-7ad48d2af000 rw-p 00000000 00:00 0 
7ad48d2af000-7ad48d2b4000 r--p 00000000 fb:70 3686244                    /home/ubuntu/task2/env/lib/python3.11/site-packages/scipy/ndimage/_ni_label.cpython-311-x86_64-linux-gnu.so
7ad48d2b4000-7ad48d2e1000 r-xp 00005000 fb:70 3686244                    /home/ubuntu/task2/env/lib/python3.11/site-packages/scipy/ndimage/_ni_label.cpython-311-x86_64-linux-gnu.so
7ad48d2e1000-7ad48d2e8000 r--p 00032000 fb:70 3686244                    /home/ubuntu/task2/env/lib/python3.11/site-packages/scipy/ndimage/_ni_label.cpython-311-x86_64-linux-gnu.so
7ad48d2e8000-7ad48d2e9000 ---p 00039000 fb:70 3686244                    /home/ubuntu/task2/env/lib/python3.11/site-packages/scipy/ndimage/_ni_label.cpython-311-x86_64-linux-gnu.so
7ad48d2e9000-7ad48d2ea000 r--p 00039000 fb:70 3686244                    /home/ubuntu/task2/env/lib/python3.11/site-packages/scipy/ndimage/_ni_label.cpython-311-x86_64-linux-gnu.so
7ad48d2ea000-7ad48d2ec000 rw-p 0003a000 fb:70 3686244                    /home/ubuntu/task2/env/lib/python3.11/site-packages/scipy/ndimage/_ni_label.cpython-311-x86_64-linux-gnu.so
7ad48d2ec000-7ad48d2ee000 r--p 00000000 fb:70 3686241                    /home/ubuntu/task2/env/lib/python3.11/site-packages/scipy/ndimage/_nd_image.cpython-311-x86_64-linux-gnu.so
7ad48d2ee000-7ad48d309000 r-xp 00002000 fb:70 3686241                    /home/ubuntu/task2/env/lib/python3.11/site-packages/scipy/ndimage/_nd_image.cpython-311-x86_64-linux-gnu.so
7ad48d309000-7ad48d30d000 r--p 0001d000 fb:70 3686241                    /home/ubuntu/task2/env/lib/python3.11/site-packages/scipy/ndimage/_nd_image.cpython-311-x86_64-linux-gnu.so
7ad48d30d000-7ad48d30e000 r--p 00020000 fb:70 3686241                    /home/ubuntu/task2/env/lib/python3.11/site-packages/scipy/ndimage/_nd_image.cpython-311-x86_64-linux-gnu.so
7ad48d30e000-7ad48d30f000 rw-p 00021000 fb:70 3686241                    /home/ubuntu/task2/env/lib/python3.11/site-packages/scipy/ndimage/_nd_image.cpython-311-x86_64-linux-gnu.so
7ad48d30f000-7ad48d40f000 rw-p 00000000 00:00 0 
7ad48d40f000-7ad48d413000 r--p 00000000 fb:70 3686907                    /home/ubuntu/task2/env/lib/python3.11/site-packages/scipy/stats/_qmvnt_cy.cpython-311-x86_64-linux-gnu.so
7ad48d413000-7ad48d426000 r-xp 00004000 fb:70 3686907                    /home/ubuntu/task2/env/lib/python3.11/site-packages/scipy/stats/_qmvnt_cy.cpython-311-x86_64-linux-gnu.so
7ad48d426000-7ad48d42b000 r--p 00017000 fb:70 3686907                    /home/ubuntu/task2/env/lib/python3.11/site-packages/scipy/stats/_qmvnt_cy.cpython-311-x86_64-linux-gnu.so
7ad48d42b000-7ad48d42c000 r--p 0001b000 fb:70 3686907                    /home/ubuntu/task2/env/lib/python3.11/site-packages/scipy/stats/_qmvnt_cy.cpython-311-x86_64-linux-gnu.so
7ad48d42c000-7ad48d42d000 rw-p 0001c000 fb:70 3686907                    /home/ubuntu/task2/env/lib/python3.11/site-packages/scipy/stats/_qmvnt_cy.cpython-311-x86_64-linux-gnu.so
7ad48d42d000-7ad48d42e000 rw-p 00000000 00:00 0 
7ad48d42e000-7ad48d432000 r--p 00000000 fb:70 3686944                    /home/ubuntu/task2/env/lib/python3.11/site-packages/scipy/stats/_rcont/rcont.cpython-311-x86_64-linux-gnu.so
7ad48d432000-7ad48d43e000 r-xp 00004000 fb:70 3686944                    /home/ubuntu/task2/env/lib/python3.11/site-packages/scipy/stats/_rcont/rcont.cpython-311-x86_64-linux-gnu.so
7ad48d43e000-7ad48d444000 r--p 00010000 fb:70 3686944                    /home/ubuntu/task2/env/lib/python3.11/site-packages/scipy/stats/_rcont/rcont.cpython-311-x86_64-linux-gnu.so
7ad48d444000-7ad48d445000 ---p 00016000 fb:70 3686944                    /home/ubuntu/task2/env/lib/python3.11/site-packages/scipy/stats/_rcont/rcont.cpython-311-x86_64-linux-gnu.so
7ad48d445000-7ad48d446000 r--p 00016000 fb:70 3686944                    /home/ubuntu/task2/env/lib/python3.11/site-packages/scipy/stats/_rcont/rcont.cpython-311-x86_64-linux-gnu.so
7ad48d446000-7ad48d447000 rw-p 00017000 fb:70 3686944                    /home/ubuntu/task2/env/lib/python3.11/site-packages/scipy/stats/_rcont/rcont.cpython-311-x86_64-linux-gnu.so
7ad48d447000-7ad48d547000 rw-p 00000000 00:00 0 
7ad48d547000-7ad48d54b000 r--p 00000000 fb:70 3686904                    /home/ubuntu/task2/env/lib/python3.11/site-packages/scipy/stats/_qmc_cy.cpython-311-x86_64-linux-gnu.so
7ad48d54b000-7ad48d55e000 r-xp 00004000 fb:70 3686904                    /home/ubuntu/task2/env/lib/python3.11/site-packages/scipy/stats/_qmc_cy.cpython-311-x86_64-linux-gnu.so
7ad48d55e000-7ad48d564000 r--p 00017000 fb:70 3686904                    /home/ubuntu/task2/env/lib/python3.11/site-packages/scipy/stats/_qmc_cy.cpython-311-x86_64-linux-gnu.so
7ad48d564000-7ad48d565000 r--p 0001c000 fb:70 3686904                    /home/ubuntu/task2/env/lib/python3.11/site-packages/scipy/stats/_qmc_cy.cpython-311-x86_64-linux-gnu.so
7ad48d565000-7ad48d566000 rw-p 0001d000 fb:70 3686904                    /home/ubuntu/task2/env/lib/python3.11/site-packages/scipy/stats/_qmc_cy.cpython-311-x86_64-linux-gnu.so
7ad48d566000-7ad48d567000 rw-p 00000000 00:00 0 
7ad48d567000-7ad48d56c000 r--p 00000000 fb:70 3686914                    /home/ubuntu/task2/env/lib/python3.11/site-packages/scipy/stats/_sobol.cpython-311-x86_64-linux-gnu.so
7ad48d56c000-7ad48d593000 r-xp 00005000 fb:70 3686914                    /home/ubuntu/task2/env/lib/python3.11/site-packages/scipy/stats/_sobol.cpython-311-x86_64-linux-gnu.so
7ad48d593000-7ad48d59a000 r--p 0002c000 fb:70 3686914                    /home/ubuntu/task2/env/lib/python3.11/site-packages/scipy/stats/_sobol.cpython-311-x86_64-linux-gnu.so
7ad48d59a000-7ad48d59b000 ---p 00033000 fb:70 3686914                    /home/ubuntu/task2/env/lib/python3.11/site-packages/scipy/stats/_sobol.cpython-311-x86_64-linux-gnu.so
7ad48d59b000-7ad48d59c000 r--p 00033000 fb:70 3686914                    /home/ubuntu/task2/env/lib/python3.11/site-packages/scipy/stats/_sobol.cpython-311-x86_64-linux-gnu.so
7ad48d59c000-7ad48d59d000 rw-p 00034000 fb:70 3686914                    /home/ubuntu/task2/env/lib/python3.11/site-packages/scipy/stats/_sobol.cpython-311-x86_64-linux-gnu.so
7ad48d59d000-7ad48d59e000 rw-p 00000000 00:00 0 
7ad48d59e000-7ad48d5a3000 r--p 00000000 fb:70 3686551                    /home/ubuntu/task2/env/lib/python3.11/site-packages/scipy/sparse/csgraph/_reordering.cpython-311-x86_64-linux-gnu.so
7ad48d5a3000-7ad48d5bd000 r-xp 00005000 fb:70 3686551                    /home/ubuntu/task2/env/lib/python3.11/site-packages/scipy/sparse/csgraph/_reordering.cpython-311-x86_64-linux-gnu.so
7ad48d5bd000-7ad48d5c4000 r--p 0001f000 fb:70 3686551                    /home/ubuntu/task2/env/lib/python3.11/site-packages/scipy/sparse/csgraph/_reordering.cpython-311-x86_64-linux-gnu.so
7ad48d5c4000-7ad48d5c5000 ---p 00026000 fb:70 3686551                    /home/ubuntu/task2/env/lib/python3.11/site-packages/scipy/sparse/csgraph/_reordering.cpython-311-x86_64-linux-gnu.so
7ad48d5c5000-7ad48d5c6000 r--p 00026000 fb:70 3686551                    /home/ubuntu/task2/env/lib/python3.11/site-packages/scipy/sparse/csgraph/_reordering.cpython-311-x86_64-linux-gnu.so
7ad48d5c6000-7ad48d5c7000 rw-p 00027000 fb:70 3686551                    /home/ubuntu/task2/env/lib/python3.11/site-packages/scipy/sparse/csgraph/_reordering.cpython-311-x86_64-linux-gnu.so
7ad48d5c7000-7ad48d5c8000 rw-p 00000000 00:00 0 
7ad48d5c8000-7ad48d5cc000 r--p 00000000 fb:70 3686549                    /home/ubuntu/task2/env/lib/python3.11/site-packages/scipy/sparse/csgraph/_matching.cpython-311-x86_64-linux-gnu.so
7ad48d5cc000-7ad48d5ea000 r-xp 00004000 fb:70 3686549                    /home/ubuntu/task2/env/lib/python3.11/site-packages/scipy/sparse/csgraph/_matching.cpython-311-x86_64-linux-gnu.so
7ad48d5ea000-7ad48d5f5000 r--p 00022000 fb:70 3686549                    /home/ubuntu/task2/env/lib/python3.11/site-packages/scipy/sparse/csgraph/_matching.cpython-311-x86_64-linux-gnu.so
7ad48d5f5000-7ad48d5f6000 r--p 0002c000 fb:70 3686549                    /home/ubuntu/task2/env/lib/python3.11/site-packages/scipy/sparse/csgraph/_matching.cpython-311-x86_64-linux-gnu.so
7ad48d5f6000-7ad48d5f7000 rw-p 0002d000 fb:70 3686549                    /home/ubuntu/task2/env/lib/python3.11/site-packages/scipy/sparse/csgraph/_matching.cpython-311-x86_64-linux-gnu.so
7ad48d5f7000-7ad48d5f8000 rw-p 00000000 00:00 0 
7ad48d5f8000-7ad48d5fc000 r--p 00000000 fb:70 3686547                    /home/ubuntu/task2/env/lib/python3.11/site-packages/scipy/sparse/csgraph/_flow.cpython-311-x86_64-linux-gnu.so
7ad48d5fc000-7ad48d619000 r-xp 00004000 fb:70 3686547                    /home/ubuntu/task2/env/lib/python3.11/site-packages/scipy/sparse/csgraph/_flow.cpython-311-x86_64-linux-gnu.so
7ad48d619000-7ad48d622000 r--p 00021000 fb:70 3686547                    /home/ubuntu/task2/env/lib/python3.11/site-packages/scipy/sparse/csgraph/_flow.cpython-311-x86_64-linux-gnu.so
7ad48d622000-7ad48d623000 ---p 0002a000 fb:70 3686547                    /home/ubuntu/task2/env/lib/python3.11/site-packages/scipy/sparse/csgraph/_flow.cpython-311-x86_64-linux-gnu.so
7ad48d623000-7ad48d624000 r--p 0002a000 fb:70 3686547                    /home/ubuntu/task2/env/lib/python3.11/site-packages/scipy/sparse/csgraph/_flow.cpython-311-x86_64-linux-gnu.so
7ad48d624000-7ad48d625000 rw-p 0002b000 fb:70 3686547                    /home/ubuntu/task2/env/lib/python3.11/site-packages/scipy/sparse/csgraph/_flow.cpython-311-x86_64-linux-gnu.so
7ad48d625000-7ad48d626000 rw-p 00000000 00:00 0 
7ad48d626000-7ad48d62b000 r--p 00000000 fb:70 3686554                    /home/ubuntu/task2/env/lib/python3.11/site-packages/scipy/sparse/csgraph/_traversal.cpython-311-x86_64-linux-gnu.so
7ad48d62b000-7ad48d682000 r-xp 00005000 fb:70 3686554                    /home/ubuntu/task2/env/lib/python3.11/site-packages/scipy/sparse/csgraph/_traversal.cpython-311-x86_64-linux-gnu.so
7ad48d682000-7ad48d690000 r--p 0005c000 fb:70 3686554                    /home/ubuntu/task2/env/lib/python3.11/site-packages/scipy/sparse/csgraph/_traversal.cpython-311-x86_64-linux-gnu.so
7ad48d690000-7ad48d691000 r--p 00069000 fb:70 3686554                    /home/ubuntu/task2/env/lib/python3.11/site-packages/scipy/sparse/csgraph/_traversal.cpython-311-x86_64-linux-gnu.so
7ad48d691000-7ad48d693000 rw-p 0006a000 fb:70 3686554                    /home/ubuntu/task2/env/lib/python3.11/site-packages/scipy/sparse/csgraph/_traversal.cpython-311-x86_64-linux-gnu.so
7ad48d693000-7ad48d699000 r--p 00000000 fb:70 3686552                    /home/ubuntu/task2/env/lib/python3.11/site-packages/scipy/sparse/csgraph/_shortest_path.cpython-311-x86_64-linux-gnu.so
7ad48d699000-7ad48d6e5000 r-xp 00006000 fb:70 3686552                    /home/ubuntu/task2/env/lib/python3.11/site-packages/scipy/sparse/csgraph/_shortest_path.cpython-311-x86_64-linux-gnu.so
7ad48d6e5000-7ad48d6fb000 r--p 00052000 fb:70 3686552                    /home/ubuntu/task2/env/lib/python3.11/site-packages/scipy/sparse/csgraph/_shortest_path.cpython-311-x86_64-linux-gnu.so
7ad48d6fb000-7ad48d6fd000 r--p 00067000 fb:70 3686552                    /home/ubuntu/task2/env/lib/python3.11/site-packages/scipy/sparse/csgraph/_shortest_path.cpython-311-x86_64-linux-gnu.so
7ad48d6fd000-7ad48d6ff000 rw-p 00069000 fb:70 3686552                    /home/ubuntu/task2/env/lib/python3.11/site-packages/scipy/sparse/csgraph/_shortest_path.cpython-311-x86_64-linux-gnu.so
7ad48d6ff000-7ad48da00000 rw-p 00000000 00:00 0 
7ad48da00000-7ad48da11000 r--p 00000000 fb:70 3686777                    /home/ubuntu/task2/env/lib/python3.11/site-packages/scipy/special/cython_special.cpython-311-x86_64-linux-gnu.so
7ad48da11000-7ad48dc96000 r-xp 00011000 fb:70 3686777                    /home/ubuntu/task2/env/lib/python3.11/site-packages/scipy/special/cython_special.cpython-311-x86_64-linux-gnu.so
7ad48dc96000-7ad48dcdf000 r--p 00296000 fb:70 3686777                    /home/ubuntu/task2/env/lib/python3.11/site-packages/scipy/special/cython_special.cpython-311-x86_64-linux-gnu.so
7ad48dcdf000-7ad48dce0000 ---p 002df000 fb:70 3686777                    /home/ubuntu/task2/env/lib/python3.11/site-packages/scipy/special/cython_special.cpython-311-x86_64-linux-gnu.so
7ad48dce0000-7ad48dce3000 r--p 002df000 fb:70 3686777                    /home/ubuntu/task2/env/lib/python3.11/site-packages/scipy/special/cython_special.cpython-311-x86_64-linux-gnu.so
7ad48dce3000-7ad48dce9000 rw-p 002e2000 fb:70 3686777                    /home/ubuntu/task2/env/lib/python3.11/site-packages/scipy/special/cython_special.cpython-311-x86_64-linux-gnu.so
7ad48dce9000-7ad48dceb000 rw-p 00000000 00:00 0 
7ad48dcee000-7ad48dcf0000 r--p 00000000 fb:70 3690930                    /home/ubuntu/task2/env/lib/python3.11/site-packages/sklearn/utils/_heap.cpython-311-x86_64-linux-gnu.so
7ad48dcf0000-7ad48dcf1000 r-xp 00002000 fb:70 3690930                    /home/ubuntu/task2/env/lib/python3.11/site-packages/sklearn/utils/_heap.cpython-311-x86_64-linux-gnu.so
7ad48dcf1000-7ad48dcf2000 r--p 00003000 fb:70 3690930                    /home/ubuntu/task2/env/lib/python3.11/site-packages/sklearn/utils/_heap.cpython-311-x86_64-linux-gnu.so
7ad48dcf2000-7ad48dcf3000 r--p 00003000 fb:70 3690930                    /home/ubuntu/task2/env/lib/python3.11/site-packages/sklearn/utils/_heap.cpython-311-x86_64-linux-gnu.so
7ad48dcf3000-7ad48dcf4000 rw-p 00004000 fb:70 3690930                    /home/ubuntu/task2/env/lib/python3.11/site-packages/sklearn/utils/_heap.cpython-311-x86_64-linux-gnu.so
7ad48dcf4000-7ad48dcf8000 r--p 00000000 fb:70 3686550                    /home/ubuntu/task2/env/lib/python3.11/site-packages/scipy/sparse/csgraph/_min_spanning_tree.cpython-311-x86_64-linux-gnu.so
7ad48dcf8000-7ad48dd06000 r-xp 00004000 fb:70 3686550                    /home/ubuntu/task2/env/lib/python3.11/site-packages/scipy/sparse/csgraph/_min_spanning_tree.cpython-311-x86_64-linux-gnu.so
7ad48dd06000-7ad48dd0c000 r--p 00012000 fb:70 3686550                    /home/ubuntu/task2/env/lib/python3.11/site-packages/scipy/sparse/csgraph/_min_spanning_tree.cpython-311-x86_64-linux-gnu.so
7ad48dd0c000-7ad48dd0d000 r--p 00017000 fb:70 3686550                    /home/ubuntu/task2/env/lib/python3.11/site-packages/scipy/sparse/csgraph/_min_spanning_tree.cpython-311-x86_64-linux-gnu.so
7ad48dd0d000-7ad48dd0e000 rw-p 00018000 fb:70 3686550                    /home/ubuntu/task2/env/lib/python3.11/site-packages/scipy/sparse/csgraph/_min_spanning_tree.cpython-311-x86_64-linux-gnu.so
7ad48dd0e000-7ad48dd12000 r--p 00000000 fb:70 3686553                    /home/ubuntu/task2/env/lib/python3.11/site-packages/scipy/sparse/csgraph/_tools.cpython-311-x86_64-linux-gnu.so
7ad48dd12000-7ad48dd2e000 r-xp 00004000 fb:70 3686553                    /home/ubuntu/task2/env/lib/python3.11/site-packages/scipy/sparse/csgraph/_tools.cpython-311-x86_64-linux-gnu.so
7ad48dd2e000-7ad48dd39000 r--p 00020000 fb:70 3686553                    /home/ubuntu/task2/env/lib/python3.11/site-packages/scipy/sparse/csgraph/_tools.cpython-311-x86_64-linux-gnu.so
7ad48dd39000-7ad48dd3a000 ---p 0002b000 fb:70 3686553                    /home/ubuntu/task2/env/lib/python3.11/site-packages/scipy/sparse/csgraph/_tools.cpython-311-x86_64-linux-gnu.so
7ad48dd3a000-7ad48dd3b000 r--p 0002b000 fb:70 3686553                    /home/ubuntu/task2/env/lib/python3.11/site-packages/scipy/sparse/csgraph/_tools.cpython-311-x86_64-linux-gnu.so
7ad48dd3b000-7ad48dd3c000 rw-p 0002c000 fb:70 3686553                    /home/ubuntu/task2/env/lib/python3.11/site-packages/scipy/sparse/csgraph/_tools.cpython-311-x86_64-linux-gnu.so
7ad48dd3c000-7ad48dd3d000 rw-p 00000000 00:00 0 
7ad48dd3d000-7ad48dd41000 r--p 00000000 fb:70 3686867                    /home/ubuntu/task2/env/lib/python3.11/site-packages/scipy/stats/_ansari_swilk_statistics.cpython-311-x86_64-linux-gnu.so
7ad48dd41000-7ad48dd50000 r-xp 00004000 fb:70 3686867                    /home/ubuntu/task2/env/lib/python3.11/site-packages/scipy/stats/_ansari_swilk_statistics.cpython-311-x86_64-linux-gnu.so
7ad48dd50000-7ad48dd55000 r--p 00013000 fb:70 3686867                    /home/ubuntu/task2/env/lib/python3.11/site-packages/scipy/stats/_ansari_swilk_statistics.cpython-311-x86_64-linux-gnu.so
7ad48dd55000-7ad48dd56000 ---p 00018000 fb:70 3686867                    /home/ubuntu/task2/env/lib/python3.11/site-packages/scipy/stats/_ansari_swilk_statistics.cpython-311-x86_64-linux-gnu.so
7ad48dd56000-7ad48dd57000 r--p 00018000 fb:70 3686867                    /home/ubuntu/task2/env/lib/python3.11/site-packages/scipy/stats/_ansari_swilk_statistics.cpython-311-x86_64-linux-gnu.so
7ad48dd57000-7ad48dd58000 rw-p 00019000 fb:70 3686867                    /home/ubuntu/task2/env/lib/python3.11/site-packages/scipy/stats/_ansari_swilk_statistics.cpython-311-x86_64-linux-gnu.so
7ad48dd58000-7ad48dd59000 rw-p 00000000 00:00 0 
7ad48dd59000-7ad48dd5d000 r--p 00000000 fb:70 3686921                    /home/ubuntu/task2/env/lib/python3.11/site-packages/scipy/stats/_stats_pythran.cpython-311-x86_64-linux-gnu.so
7ad48dd5d000-7ad48dd77000 r-xp 00004000 fb:70 3686921                    /home/ubuntu/task2/env/lib/python3.11/site-packages/scipy/stats/_stats_pythran.cpython-311-x86_64-linux-gnu.so
7ad48dd77000-7ad48dd7d000 r--p 0001e000 fb:70 3686921                    /home/ubuntu/task2/env/lib/python3.11/site-packages/scipy/stats/_stats_pythran.cpython-311-x86_64-linux-gnu.so
7ad48dd7d000-7ad48dd7e000 r--p 00023000 fb:70 3686921                    /home/ubuntu/task2/env/lib/python3.11/site-packages/scipy/stats/_stats_pythran.cpython-311-x86_64-linux-gnu.so
7ad48dd7e000-7ad48dd7f000 rw-p 00024000 fb:70 3686921                    /home/ubuntu/task2/env/lib/python3.11/site-packages/scipy/stats/_stats_pythran.cpython-311-x86_64-linux-gnu.so
7ad48dd7f000-7ad48dd85000 r--p 00000000 fb:70 3686869                    /home/ubuntu/task2/env/lib/python3.11/site-packages/scipy/stats/_biasedurn.cpython-311-x86_64-linux-gnu.so
7ad48dd85000-7ad48ddad000 r-xp 00006000 fb:70 3686869                    /home/ubuntu/task2/env/lib/python3.11/site-packages/scipy/stats/_biasedurn.cpython-311-x86_64-linux-gnu.so
7ad48ddad000-7ad48ddb9000 r--p 0002e000 fb:70 3686869                    /home/ubuntu/task2/env/lib/python3.11/site-packages/scipy/stats/_biasedurn.cpython-311-x86_64-linux-gnu.so
7ad48ddb9000-7ad48ddba000 r--p 00039000 fb:70 3686869                    /home/ubuntu/task2/env/lib/python3.11/site-packages/scipy/stats/_biasedurn.cpython-311-x86_64-linux-gnu.so
7ad48ddba000-7ad48ddbd000 rw-p 0003a000 fb:70 3686869                    /home/ubuntu/task2/env/lib/python3.11/site-packages/scipy/stats/_biasedurn.cpython-311-x86_64-linux-gnu.so
7ad48ddbd000-7ad48ddc0000 rw-p 00000000 00:00 0 
7ad48ddc0000-7ad48ddc6000 r--p 00000000 fb:70 3686917                    /home/ubuntu/task2/env/lib/python3.11/site-packages/scipy/stats/_stats.cpython-311-x86_64-linux-gnu.so
7ad48ddc6000-7ad48de35000 r-xp 00006000 fb:70 3686917                    /home/ubuntu/task2/env/lib/python3.11/site-packages/scipy/stats/_stats.cpython-311-x86_64-linux-gnu.so
7ad48de35000-7ad48de40000 r--p 00075000 fb:70 3686917                    /home/ubuntu/task2/env/lib/python3.11/site-packages/scipy/stats/_stats.cpython-311-x86_64-linux-gnu.so
7ad48de40000-7ad48de41000 ---p 00080000 fb:70 3686917                    /home/ubuntu/task2/env/lib/python3.11/site-packages/scipy/stats/_stats.cpython-311-x86_64-linux-gnu.so
7ad48de41000-7ad48de43000 r--p 00080000 fb:70 3686917                    /home/ubuntu/task2/env/lib/python3.11/site-packages/scipy/stats/_stats.cpython-311-x86_64-linux-gnu.so
7ad48de43000-7ad48de45000 rw-p 00082000 fb:70 3686917                    /home/ubuntu/task2/env/lib/python3.11/site-packages/scipy/stats/_stats.cpython-311-x86_64-linux-gnu.so
7ad48de45000-7ad48de46000 rw-p 00000000 00:00 0 
7ad48de46000-7ad48de4a000 r--p 00000000 fb:70 3685818                    /home/ubuntu/task2/env/lib/python3.11/site-packages/scipy/interpolate/_rgi_cython.cpython-311-x86_64-linux-gnu.so
7ad48de4a000-7ad48de5d000 r-xp 00004000 fb:70 3685818                    /home/ubuntu/task2/env/lib/python3.11/site-packages/scipy/interpolate/_rgi_cython.cpython-311-x86_64-linux-gnu.so
7ad48de5d000-7ad48de62000 r--p 00017000 fb:70 3685818                    /home/ubuntu/task2/env/lib/python3.11/site-packages/scipy/interpolate/_rgi_cython.cpython-311-x86_64-linux-gnu.so
7ad48de62000-7ad48de63000 ---p 0001c000 fb:70 3685818                    /home/ubuntu/task2/env/lib/python3.11/site-packages/scipy/interpolate/_rgi_cython.cpython-311-x86_64-linux-gnu.so
7ad48de63000-7ad48de64000 r--p 0001c000 fb:70 3685818                    /home/ubuntu/task2/env/lib/python3.11/site-packages/scipy/interpolate/_rgi_cython.cpython-311-x86_64-linux-gnu.so
7ad48de64000-7ad48de65000 rw-p 0001d000 fb:70 3685818                    /home/ubuntu/task2/env/lib/python3.11/site-packages/scipy/interpolate/_rgi_cython.cpython-311-x86_64-linux-gnu.so
7ad48de65000-7ad48de66000 rw-p 00000000 00:00 0 
7ad48de66000-7ad48de6a000 r--p 00000000 fb:70 3685816                    /home/ubuntu/task2/env/lib/python3.11/site-packages/scipy/interpolate/_rbfinterp_pythran.cpython-311-x86_64-linux-gnu.so
7ad48de6a000-7ad48de95000 r-xp 00004000 fb:70 3685816                    /home/ubuntu/task2/env/lib/python3.11/site-packages/scipy/interpolate/_rbfinterp_pythran.cpython-311-x86_64-linux-gnu.so
7ad48de95000-7ad48de9b000 r--p 0002f000 fb:70 3685816                    /home/ubuntu/task2/env/lib/python3.11/site-packages/scipy/interpolate/_rbfinterp_pythran.cpython-311-x86_64-linux-gnu.so
7ad48de9b000-7ad48de9c000 r--p 00034000 fb:70 3685816                    /home/ubuntu/task2/env/lib/python3.11/site-packages/scipy/interpolate/_rbfinterp_pythran.cpython-311-x86_64-linux-gnu.so
7ad48de9c000-7ad48de9d000 rw-p 00035000 fb:70 3685816                    /home/ubuntu/task2/env/lib/python3.11/site-packages/scipy/interpolate/_rbfinterp_pythran.cpython-311-x86_64-linux-gnu.so
7ad48de9d000-7ad48dea3000 r--p 00000000 fb:70 3685807                    /home/ubuntu/task2/env/lib/python3.11/site-packages/scipy/interpolate/_interpnd.cpython-311-x86_64-linux-gnu.so
7ad48dea3000-7ad48ded3000 r-xp 00006000 fb:70 3685807                    /home/ubuntu/task2/env/lib/python3.11/site-packages/scipy/interpolate/_interpnd.cpython-311-x86_64-linux-gnu.so
7ad48ded3000-7ad48dedd000 r--p 00036000 fb:70 3685807                    /home/ubuntu/task2/env/lib/python3.11/site-packages/scipy/interpolate/_interpnd.cpython-311-x86_64-linux-gnu.so
7ad48dedd000-7ad48dedf000 r--p 0003f000 fb:70 3685807                    /home/ubuntu/task2/env/lib/python3.11/site-packages/scipy/interpolate/_interpnd.cpython-311-x86_64-linux-gnu.so
7ad48dedf000-7ad48dee1000 rw-p 00041000 fb:70 3685807                    /home/ubuntu/task2/env/lib/python3.11/site-packages/scipy/interpolate/_interpnd.cpython-311-x86_64-linux-gnu.so
7ad48dee1000-7ad48dee6000 r--p 00000000 fb:70 3685813                    /home/ubuntu/task2/env/lib/python3.11/site-packages/scipy/interpolate/_ppoly.cpython-311-x86_64-linux-gnu.so
7ad48dee6000-7ad48df19000 r-xp 00005000 fb:70 3685813                    /home/ubuntu/task2/env/lib/python3.11/site-packages/scipy/interpolate/_ppoly.cpython-311-x86_64-linux-gnu.so
7ad48df19000-7ad48df22000 r--p 00038000 fb:70 3685813                    /home/ubuntu/task2/env/lib/python3.11/site-packages/scipy/interpolate/_ppoly.cpython-311-x86_64-linux-gnu.so
7ad48df22000-7ad48df23000 ---p 00041000 fb:70 3685813                    /home/ubuntu/task2/env/lib/python3.11/site-packages/scipy/interpolate/_ppoly.cpython-311-x86_64-linux-gnu.so
7ad48df23000-7ad48df24000 r--p 00041000 fb:70 3685813                    /home/ubuntu/task2/env/lib/python3.11/site-packages/scipy/interpolate/_ppoly.cpython-311-x86_64-linux-gnu.so
7ad48df24000-7ad48df25000 rw-p 00042000 fb:70 3685813                    /home/ubuntu/task2/env/lib/python3.11/site-packages/scipy/interpolate/_ppoly.cpython-311-x86_64-linux-gnu.so
7ad48df25000-7ad48df26000 rw-p 00000000 00:00 0 
7ad48df26000-7ad48df29000 r--p 00000000 fb:70 3685801                    /home/ubuntu/task2/env/lib/python3.11/site-packages/scipy/interpolate/_dierckx.cpython-311-x86_64-linux-gnu.so
7ad48df29000-7ad48df37000 r-xp 00003000 fb:70 3685801                    /home/ubuntu/task2/env/lib/python3.11/site-packages/scipy/interpolate/_dierckx.cpython-311-x86_64-linux-gnu.so
7ad48df37000-7ad48df3c000 r--p 00011000 fb:70 3685801                    /home/ubuntu/task2/env/lib/python3.11/site-packages/scipy/interpolate/_dierckx.cpython-311-x86_64-linux-gnu.so
7ad48df3c000-7ad48df3d000 r--p 00015000 fb:70 3685801                    /home/ubuntu/task2/env/lib/python3.11/site-packages/scipy/interpolate/_dierckx.cpython-311-x86_64-linux-gnu.so
7ad48df3d000-7ad48df40000 rw-p 00016000 fb:70 3685801                    /home/ubuntu/task2/env/lib/python3.11/site-packages/scipy/interpolate/_dierckx.cpython-311-x86_64-linux-gnu.so
7ad48df40000-7ad48df43000 rw-p 00023000 fb:70 3685801                    /home/ubuntu/task2/env/lib/python3.11/site-packages/scipy/interpolate/_dierckx.cpython-311-x86_64-linux-gnu.so
7ad48df43000-7ad48df47000 r--p 00000000 fb:70 3685800                    /home/ubuntu/task2/env/lib/python3.11/site-packages/scipy/interpolate/_dfitpack.cpython-311-x86_64-linux-gnu.so
7ad48df47000-7ad48df80000 r-xp 00004000 fb:70 3685800                    /home/ubuntu/task2/env/lib/python3.11/site-packages/scipy/interpolate/_dfitpack.cpython-311-x86_64-linux-gnu.so
7ad48df80000-7ad48df8b000 r--p 0003d000 fb:70 3685800                    /home/ubuntu/task2/env/lib/python3.11/site-packages/scipy/interpolate/_dfitpack.cpython-311-x86_64-linux-gnu.so
7ad48df8b000-7ad48df8c000 r--p 00047000 fb:70 3685800                    /home/ubuntu/task2/env/lib/python3.11/site-packages/scipy/interpolate/_dfitpack.cpython-311-x86_64-linux-gnu.so
7ad48df8c000-7ad48df94000 rw-p 00048000 fb:70 3685800                    /home/ubuntu/task2/env/lib/python3.11/site-packages/scipy/interpolate/_dfitpack.cpython-311-x86_64-linux-gnu.so
7ad48df94000-7ad48df97000 rw-p 00053000 fb:70 3685800                    /home/ubuntu/task2/env/lib/python3.11/site-packages/scipy/interpolate/_dfitpack.cpython-311-x86_64-linux-gnu.so
7ad48df97000-7ad48df98000 r--p 00000000 fb:70 3685802                    /home/ubuntu/task2/env/lib/python3.11/site-packages/scipy/interpolate/_fitpack.cpython-311-x86_64-linux-gnu.so
7ad48df98000-7ad48dfa8000 r-xp 00001000 fb:70 3685802                    /home/ubuntu/task2/env/lib/python3.11/site-packages/scipy/interpolate/_fitpack.cpython-311-x86_64-linux-gnu.so
7ad48dfa8000-7ad48dfaa000 r--p 00011000 fb:70 3685802                    /home/ubuntu/task2/env/lib/python3.11/site-packages/scipy/interpolate/_fitpack.cpython-311-x86_64-linux-gnu.so
7ad48dfaa000-7ad48dfab000 r--p 00012000 fb:70 3685802                    /home/ubuntu/task2/env/lib/python3.11/site-packages/scipy/interpolate/_fitpack.cpython-311-x86_64-linux-gnu.so
7ad48dfab000-7ad48dfac000 rw-p 00013000 fb:70 3685802                    /home/ubuntu/task2/env/lib/python3.11/site-packages/scipy/interpolate/_fitpack.cpython-311-x86_64-linux-gnu.so
7ad48dfac000-7ad48dfae000 rw-p 00015000 fb:70 3685802                    /home/ubuntu/task2/env/lib/python3.11/site-packages/scipy/interpolate/_fitpack.cpython-311-x86_64-linux-gnu.so
7ad48dfae000-7ad48e1ae000 rw-p 00000000 00:00 0 
7ad48e1ae000-7ad48e1ca000 r--p 00000000 fb:70 3685747                    /home/ubuntu/task2/env/lib/python3.11/site-packages/scipy/integrate/_lsoda.cpython-311-x86_64-linux-gnu.so
7ad48e1ca000-7ad48e1e5000 r-xp 0001c000 fb:70 3685747                    /home/ubuntu/task2/env/lib/python3.11/site-packages/scipy/integrate/_lsoda.cpython-311-x86_64-linux-gnu.so
7ad48e1e5000-7ad48e1f4000 r--p 00037000 fb:70 3685747                    /home/ubuntu/task2/env/lib/python3.11/site-packages/scipy/integrate/_lsoda.cpython-311-x86_64-linux-gnu.so
7ad48e1f4000-7ad48e1f5000 ---p 00046000 fb:70 3685747                    /home/ubuntu/task2/env/lib/python3.11/site-packages/scipy/integrate/_lsoda.cpython-311-x86_64-linux-gnu.so
7ad48e1f5000-7ad48e1f6000 r--p 00046000 fb:70 3685747                    /home/ubuntu/task2/env/lib/python3.11/site-packages/scipy/integrate/_lsoda.cpython-311-x86_64-linux-gnu.so
7ad48e1f6000-7ad48e1fb000 rw-p 00047000 fb:70 3685747                    /home/ubuntu/task2/env/lib/python3.11/site-packages/scipy/integrate/_lsoda.cpython-311-x86_64-linux-gnu.so
7ad48e1fb000-7ad48e213000 rw-p 00067000 fb:70 3685747                    /home/ubuntu/task2/env/lib/python3.11/site-packages/scipy/integrate/_lsoda.cpython-311-x86_64-linux-gnu.so
7ad48e213000-7ad48e216000 r--p 00000000 fb:70 3685745                    /home/ubuntu/task2/env/lib/python3.11/site-packages/scipy/integrate/_dop.cpython-311-x86_64-linux-gnu.so
7ad48e216000-7ad48e224000 r-xp 00003000 fb:70 3685745                    /home/ubuntu/task2/env/lib/python3.11/site-packages/scipy/integrate/_dop.cpython-311-x86_64-linux-gnu.so
7ad48e224000-7ad48e228000 r--p 00011000 fb:70 3685745                    /home/ubuntu/task2/env/lib/python3.11/site-packages/scipy/integrate/_dop.cpython-311-x86_64-linux-gnu.so
7ad48e228000-7ad48e229000 r--p 00014000 fb:70 3685745                    /home/ubuntu/task2/env/lib/python3.11/site-packages/scipy/integrate/_dop.cpython-311-x86_64-linux-gnu.so
7ad48e229000-7ad48e22b000 rw-p 00015000 fb:70 3685745                    /home/ubuntu/task2/env/lib/python3.11/site-packages/scipy/integrate/_dop.cpython-311-x86_64-linux-gnu.so
7ad48e22b000-7ad48e22e000 rw-p 0001a000 fb:70 3685745                    /home/ubuntu/task2/env/lib/python3.11/site-packages/scipy/integrate/_dop.cpython-311-x86_64-linux-gnu.so
7ad48e22e000-7ad48e24a000 r--p 00000000 fb:70 3685758                    /home/ubuntu/task2/env/lib/python3.11/site-packages/scipy/integrate/_vode.cpython-311-x86_64-linux-gnu.so
7ad48e24a000-7ad48e26f000 r-xp 0001c000 fb:70 3685758                    /home/ubuntu/task2/env/lib/python3.11/site-packages/scipy/integrate/_vode.cpython-311-x86_64-linux-gnu.so
7ad48e26f000-7ad48e280000 r--p 00041000 fb:70 3685758                    /home/ubuntu/task2/env/lib/python3.11/site-packages/scipy/integrate/_vode.cpython-311-x86_64-linux-gnu.so
7ad48e280000-7ad48e281000 r--p 00051000 fb:70 3685758                    /home/ubuntu/task2/env/lib/python3.11/site-packages/scipy/integrate/_vode.cpython-311-x86_64-linux-gnu.so
7ad48e281000-7ad48e286000 rw-p 00052000 fb:70 3685758                    /home/ubuntu/task2/env/lib/python3.11/site-packages/scipy/integrate/_vode.cpython-311-x86_64-linux-gnu.so
7ad48e286000-7ad48e29e000 rw-p 00073000 fb:70 3685758                    /home/ubuntu/task2/env/lib/python3.11/site-packages/scipy/integrate/_vode.cpython-311-x86_64-linux-gnu.so
7ad48e29e000-7ad48e2a0000 r--p 00000000 fb:70 3685752                    /home/ubuntu/task2/env/lib/python3.11/site-packages/scipy/integrate/_quadpack.cpython-311-x86_64-linux-gnu.so
7ad48e2a0000-7ad48e2b4000 r-xp 00002000 fb:70 3685752                    /home/ubuntu/task2/env/lib/python3.11/site-packages/scipy/integrate/_quadpack.cpython-311-x86_64-linux-gnu.so
7ad48e2b4000-7ad48e2b7000 r--p 00016000 fb:70 3685752                    /home/ubuntu/task2/env/lib/python3.11/site-packages/scipy/integrate/_quadpack.cpython-311-x86_64-linux-gnu.so
7ad48e2b7000-7ad48e2b8000 r--p 00018000 fb:70 3685752                    /home/ubuntu/task2/env/lib/python3.11/site-packages/scipy/integrate/_quadpack.cpython-311-x86_64-linux-gnu.so
7ad48e2b8000-7ad48e2b9000 rw-p 00019000 fb:70 3685752                    /home/ubuntu/task2/env/lib/python3.11/site-packages/scipy/integrate/_quadpack.cpython-311-x86_64-linux-gnu.so
7ad48e2b9000-7ad48e2d4000 r--p 00000000 fb:70 3685749                    /home/ubuntu/task2/env/lib/python3.11/site-packages/scipy/integrate/_odepack.cpython-311-x86_64-linux-gnu.so
7ad48e2d4000-7ad48e2ec000 r-xp 0001b000 fb:70 3685749                    /home/ubuntu/task2/env/lib/python3.11/site-packages/scipy/integrate/_odepack.cpython-311-x86_64-linux-gnu.so
7ad48e2ec000-7ad48e2fa000 r--p 00033000 fb:70 3685749                    /home/ubuntu/task2/env/lib/python3.11/site-packages/scipy/integrate/_odepack.cpython-311-x86_64-linux-gnu.so
7ad48e2fa000-7ad48e2fb000 r--p 00040000 fb:70 3685749                    /home/ubuntu/task2/env/lib/python3.11/site-packages/scipy/integrate/_odepack.cpython-311-x86_64-linux-gnu.so
7ad48e2fb000-7ad48e2ff000 rw-p 00041000 fb:70 3685749                    /home/ubuntu/task2/env/lib/python3.11/site-packages/scipy/integrate/_odepack.cpython-311-x86_64-linux-gnu.so
7ad48e2ff000-7ad48e300000 rw-p 00000000 00:00 0 
7ad48e300000-7ad48e316000 rw-p 0005f000 fb:70 3685749                    /home/ubuntu/task2/env/lib/python3.11/site-packages/scipy/integrate/_odepack.cpython-311-x86_64-linux-gnu.so
7ad48e316000-7ad48e31b000 r--p 00000000 fb:70 3686320                    /home/ubuntu/task2/env/lib/python3.11/site-packages/scipy/optimize/_pava_pybind.cpython-311-x86_64-linux-gnu.so
7ad48e31b000-7ad48e335000 r-xp 00005000 fb:70 3686320                    /home/ubuntu/task2/env/lib/python3.11/site-packages/scipy/optimize/_pava_pybind.cpython-311-x86_64-linux-gnu.so
7ad48e335000-7ad48e33e000 r--p 0001f000 fb:70 3686320                    /home/ubuntu/task2/env/lib/python3.11/site-packages/scipy/optimize/_pava_pybind.cpython-311-x86_64-linux-gnu.so
7ad48e33e000-7ad48e33f000 r--p 00027000 fb:70 3686320                    /home/ubuntu/task2/env/lib/python3.11/site-packages/scipy/optimize/_pava_pybind.cpython-311-x86_64-linux-gnu.so
7ad48e33f000-7ad48e340000 rw-p 00028000 fb:70 3686320                    /home/ubuntu/task2/env/lib/python3.11/site-packages/scipy/optimize/_pava_pybind.cpython-311-x86_64-linux-gnu.so
7ad48e340000-7ad48e347000 r--p 00000000 fb:70 3685704                    /home/ubuntu/task2/env/lib/python3.11/site-packages/scipy/fft/_pocketfft/pypocketfft.cpython-311-x86_64-linux-gnu.so
7ad48e347000-7ad48e421000 r-xp 00007000 fb:70 3685704                    /home/ubuntu/task2/env/lib/python3.11/site-packages/scipy/fft/_pocketfft/pypocketfft.cpython-311-x86_64-linux-gnu.so
7ad48e421000-7ad48e43b000 r--p 000e1000 fb:70 3685704                    /home/ubuntu/task2/env/lib/python3.11/site-packages/scipy/fft/_pocketfft/pypocketfft.cpython-311-x86_64-linux-gnu.so
7ad48e43b000-7ad48e43c000 ---p 000fb000 fb:70 3685704                    /home/ubuntu/task2/env/lib/python3.11/site-packages/scipy/fft/_pocketfft/pypocketfft.cpython-311-x86_64-linux-gnu.so
7ad48e43c000-7ad48e43d000 r--p 000fb000 fb:70 3685704                    /home/ubuntu/task2/env/lib/python3.11/site-packages/scipy/fft/_pocketfft/pypocketfft.cpython-311-x86_64-linux-gnu.so
7ad48e43d000-7ad48e43e000 rw-p 000fc000 fb:70 3685704                    /home/ubuntu/task2/env/lib/python3.11/site-packages/scipy/fft/_pocketfft/pypocketfft.cpython-311-x86_64-linux-gnu.so
7ad48e43e000-7ad48e540000 rw-p 00000000 00:00 0 
7ad48e540000-7ad48e546000 r--p 00000000 fb:70 3686142                    /home/ubuntu/task2/env/lib/python3.11/site-packages/scipy/linalg/_decomp_interpolative.cpython-311-x86_64-linux-gnu.so
7ad48e546000-7ad48e5ee000 r-xp 00006000 fb:70 3686142                    /home/ubuntu/task2/env/lib/python3.11/site-packages/scipy/linalg/_decomp_interpolative.cpython-311-x86_64-linux-gnu.so
7ad48e5ee000-7ad48e5fb000 r--p 000ae000 fb:70 3686142                    /home/ubuntu/task2/env/lib/python3.11/site-packages/scipy/linalg/_decomp_interpolative.cpython-311-x86_64-linux-gnu.so
7ad48e5fb000-7ad48e5fd000 r--p 000ba000 fb:70 3686142                    /home/ubuntu/task2/env/lib/python3.11/site-packages/scipy/linalg/_decomp_interpolative.cpython-311-x86_64-linux-gnu.so
7ad48e5fd000-7ad48e5fe000 rw-p 000bc000 fb:70 3686142                    /home/ubuntu/task2/env/lib/python3.11/site-packages/scipy/linalg/_decomp_interpolative.cpython-311-x86_64-linux-gnu.so
7ad48e5fe000-7ad48e600000 rw-p 00000000 00:00 0 
7ad48e600000-7ad48e612000 r--p 00000000 fb:70 3686353                    /home/ubuntu/task2/env/lib/python3.11/site-packages/scipy/optimize/_highspy/_core.cpython-311-x86_64-linux-gnu.so
7ad48e612000-7ad48e9ff000 r-xp 00012000 fb:70 3686353                    /home/ubuntu/task2/env/lib/python3.11/site-packages/scipy/optimize/_highspy/_core.cpython-311-x86_64-linux-gnu.so
7ad48e9ff000-7ad48eaa0000 r--p 003ff000 fb:70 3686353                    /home/ubuntu/task2/env/lib/python3.11/site-packages/scipy/optimize/_highspy/_core.cpython-311-x86_64-linux-gnu.so
7ad48eaa0000-7ad48eaa5000 r--p 0049f000 fb:70 3686353                    /home/ubuntu/task2/env/lib/python3.11/site-packages/scipy/optimize/_highspy/_core.cpython-311-x86_64-linux-gnu.so
7ad48eaa5000-7ad48eaa6000 rw-p 004a4000 fb:70 3686353                    /home/ubuntu/task2/env/lib/python3.11/site-packages/scipy/optimize/_highspy/_core.cpython-311-x86_64-linux-gnu.so
7ad48eaa6000-7ad48eaab000 rw-p 00000000 00:00 0 
7ad48eaaf000-7ad48eab4000 r--p 00000000 fb:70 3686284                    /home/ubuntu/task2/env/lib/python3.11/site-packages/scipy/optimize/_bglu_dense.cpython-311-x86_64-linux-gnu.so
7ad48eab4000-7ad48ead2000 r-xp 00005000 fb:70 3686284                    /home/ubuntu/task2/env/lib/python3.11/site-packages/scipy/optimize/_bglu_dense.cpython-311-x86_64-linux-gnu.so
7ad48ead2000-7ad48eada000 r--p 00023000 fb:70 3686284                    /home/ubuntu/task2/env/lib/python3.11/site-packages/scipy/optimize/_bglu_dense.cpython-311-x86_64-linux-gnu.so
7ad48eada000-7ad48eadb000 ---p 0002b000 fb:70 3686284                    /home/ubuntu/task2/env/lib/python3.11/site-packages/scipy/optimize/_bglu_dense.cpython-311-x86_64-linux-gnu.so
7ad48eadb000-7ad48eadc000 r--p 0002b000 fb:70 3686284                    /home/ubuntu/task2/env/lib/python3.11/site-packages/scipy/optimize/_bglu_dense.cpython-311-x86_64-linux-gnu.so
7ad48eadc000-7ad48eade000 rw-p 0002c000 fb:70 3686284                    /home/ubuntu/task2/env/lib/python3.11/site-packages/scipy/optimize/_bglu_dense.cpython-311-x86_64-linux-gnu.so
7ad48eade000-7ad48eadf000 rw-p 00000000 00:00 0 
7ad48eadf000-7ad48eae5000 r--p 00000000 fb:70 3686354                    /home/ubuntu/task2/env/lib/python3.11/site-packages/scipy/optimize/_highspy/_highs_options.cpython-311-x86_64-linux-gnu.so
7ad48eae5000-7ad48eb1b000 r-xp 00006000 fb:70 3686354                    /home/ubuntu/task2/env/lib/python3.11/site-packages/scipy/optimize/_highspy/_highs_options.cpython-311-x86_64-linux-gnu.so
7ad48eb1b000-7ad48eb2c000 r--p 0003c000 fb:70 3686354                    /home/ubuntu/task2/env/lib/python3.11/site-packages/scipy/optimize/_highspy/_highs_options.cpython-311-x86_64-linux-gnu.so
7ad48eb2c000-7ad48eb2d000 ---p 0004d000 fb:70 3686354                    /home/ubuntu/task2/env/lib/python3.11/site-packages/scipy/optimize/_highspy/_highs_options.cpython-311-x86_64-linux-gnu.so
7ad48eb2d000-7ad48eb2e000 r--p 0004d000 fb:70 3686354                    /home/ubuntu/task2/env/lib/python3.11/site-packages/scipy/optimize/_highspy/_highs_options.cpython-311-x86_64-linux-gnu.so
7ad48eb2e000-7ad48eb2f000 rw-p 0004e000 fb:70 3686354                    /home/ubuntu/task2/env/lib/python3.11/site-packages/scipy/optimize/_highspy/_highs_options.cpython-311-x86_64-linux-gnu.so
7ad48eb2f000-7ad48eb4a000 r--p 00000000 fb:70 3686327                    /home/ubuntu/task2/env/lib/python3.11/site-packages/scipy/optimize/_slsqplib.cpython-311-x86_64-linux-gnu.so
7ad48eb4a000-7ad48eb5e000 r-xp 0001b000 fb:70 3686327                    /home/ubuntu/task2/env/lib/python3.11/site-packages/scipy/optimize/_slsqplib.cpython-311-x86_64-linux-gnu.so
7ad48eb5e000-7ad48eb6b000 r--p 0002f000 fb:70 3686327                    /home/ubuntu/task2/env/lib/python3.11/site-packages/scipy/optimize/_slsqplib.cpython-311-x86_64-linux-gnu.so
7ad48eb6b000-7ad48eb6c000 r--p 0003b000 fb:70 3686327                    /home/ubuntu/task2/env/lib/python3.11/site-packages/scipy/optimize/_slsqplib.cpython-311-x86_64-linux-gnu.so
7ad48eb6c000-7ad48eb70000 rw-p 0003c000 fb:70 3686327                    /home/ubuntu/task2/env/lib/python3.11/site-packages/scipy/optimize/_slsqplib.cpython-311-x86_64-linux-gnu.so
7ad48eb70000-7ad48eb86000 rw-p 0005a000 fb:70 3686327                    /home/ubuntu/task2/env/lib/python3.11/site-packages/scipy/optimize/_slsqplib.cpython-311-x86_64-linux-gnu.so
7ad48eb86000-7ad48eba1000 r--p 00000000 fb:70 3686300                    /home/ubuntu/task2/env/lib/python3.11/site-packages/scipy/optimize/_lbfgsb.cpython-311-x86_64-linux-gnu.so
7ad48eba1000-7ad48ebb6000 r-xp 0001b000 fb:70 3686300                    /home/ubuntu/task2/env/lib/python3.11/site-packages/scipy/optimize/_lbfgsb.cpython-311-x86_64-linux-gnu.so
7ad48ebb6000-7ad48ebc2000 r--p 00030000 fb:70 3686300                    /home/ubuntu/task2/env/lib/python3.11/site-packages/scipy/optimize/_lbfgsb.cpython-311-x86_64-linux-gnu.so
7ad48ebc2000-7ad48ebc3000 ---p 0003c000 fb:70 3686300                    /home/ubuntu/task2/env/lib/python3.11/site-packages/scipy/optimize/_lbfgsb.cpython-311-x86_64-linux-gnu.so
7ad48ebc3000-7ad48ebc4000 r--p 0003c000 fb:70 3686300                    /home/ubuntu/task2/env/lib/python3.11/site-packages/scipy/optimize/_lbfgsb.cpython-311-x86_64-linux-gnu.so
7ad48ebc4000-7ad48ebc8000 rw-p 0003d000 fb:70 3686300                    /home/ubuntu/task2/env/lib/python3.11/site-packages/scipy/optimize/_lbfgsb.cpython-311-x86_64-linux-gnu.so
7ad48ebc8000-7ad48ebde000 rw-p 0005b000 fb:70 3686300                    /home/ubuntu/task2/env/lib/python3.11/site-packages/scipy/optimize/_lbfgsb.cpython-311-x86_64-linux-gnu.so
7ad48ebde000-7ad48edde000 rw-p 00000000 00:00 0 
7ad48edde000-7ad48ede7000 r--p 00000000 fb:70 3686732                    /home/ubuntu/task2/env/lib/python3.11/site-packages/scipy/spatial/transform/_rotation.cpython-311-x86_64-linux-gnu.so
7ad48ede7000-7ad48ee68000 r-xp 00009000 fb:70 3686732                    /home/ubuntu/task2/env/lib/python3.11/site-packages/scipy/spatial/transform/_rotation.cpython-311-x86_64-linux-gnu.so
7ad48ee68000-7ad48ee97000 r--p 0008a000 fb:70 3686732                    /home/ubuntu/task2/env/lib/python3.11/site-packages/scipy/spatial/transform/_rotation.cpython-311-x86_64-linux-gnu.so
7ad48ee97000-7ad48ee98000 ---p 000b9000 fb:70 3686732                    /home/ubuntu/task2/env/lib/python3.11/site-packages/scipy/spatial/transform/_rotation.cpython-311-x86_64-linux-gnu.so
7ad48ee98000-7ad48ee9b000 r--p 000b9000 fb:70 3686732                    /home/ubuntu/task2/env/lib/python3.11/site-packages/scipy/spatial/transform/_rotation.cpython-311-x86_64-linux-gnu.so
7ad48ee9b000-7ad48ee9e000 rw-p 000bc000 fb:70 3686732                    /home/ubuntu/task2/env/lib/python3.11/site-packages/scipy/spatial/transform/_rotation.cpython-311-x86_64-linux-gnu.so
7ad48ee9e000-7ad48eea0000 rw-p 00000000 00:00 0 
7ad48eea0000-7ad48eea6000 r--p 00000000 fb:70 3686670                    /home/ubuntu/task2/env/lib/python3.11/site-packages/scipy/spatial/_distance_pybind.cpython-311-x86_64-linux-gnu.so
7ad48eea6000-7ad48ef0c000 r-xp 00006000 fb:70 3686670                    /home/ubuntu/task2/env/lib/python3.11/site-packages/scipy/spatial/_distance_pybind.cpython-311-x86_64-linux-gnu.so
7ad48ef0c000-7ad48ef1d000 r--p 0006c000 fb:70 3686670                    /home/ubuntu/task2/env/lib/python3.11/site-packages/scipy/spatial/_distance_pybind.cpython-311-x86_64-linux-gnu.so
7ad48ef1d000-7ad48ef1e000 r--p 0007c000 fb:70 3686670                    /home/ubuntu/task2/env/lib/python3.11/site-packages/scipy/spatial/_distance_pybind.cpython-311-x86_64-linux-gnu.so
7ad48ef1e000-7ad48ef1f000 rw-p 0007d000 fb:70 3686670                    /home/ubuntu/task2/env/lib/python3.11/site-packages/scipy/spatial/_distance_pybind.cpython-311-x86_64-linux-gnu.so
7ad48ef1f000-7ad48ef27000 r--p 00000000 fb:70 3686677                    /home/ubuntu/task2/env/lib/python3.11/site-packages/scipy/spatial/_qhull.cpython-311-x86_64-linux-gnu.so
7ad48ef27000-7ad48efc4000 r-xp 00008000 fb:70 3686677                    /home/ubuntu/task2/env/lib/python3.11/site-packages/scipy/spatial/_qhull.cpython-311-x86_64-linux-gnu.so
7ad48efc4000-7ad48effa000 r--p 000a5000 fb:70 3686677                    /home/ubuntu/task2/env/lib/python3.11/site-packages/scipy/spatial/_qhull.cpython-311-x86_64-linux-gnu.so
7ad48effa000-7ad48effb000 ---p 000db000 fb:70 3686677                    /home/ubuntu/task2/env/lib/python3.11/site-packages/scipy/spatial/_qhull.cpython-311-x86_64-linux-gnu.so
7ad48effb000-7ad48effd000 r--p 000db000 fb:70 3686677                    /home/ubuntu/task2/env/lib/python3.11/site-packages/scipy/spatial/_qhull.cpython-311-x86_64-linux-gnu.so
7ad48effd000-7ad48efff000 rw-p 000dd000 fb:70 3686677                    /home/ubuntu/task2/env/lib/python3.11/site-packages/scipy/spatial/_qhull.cpython-311-x86_64-linux-gnu.so
7ad48efff000-7ad48f000000 rw-p 00000000 00:00 0 
7ad48f000000-7ad48f03b000 r-xp 00000000 fb:70 3687017                    /home/ubuntu/task2/env/lib/python3.11/site-packages/scipy.libs/libquadmath-96973f99.so.0.0.0
7ad48f03b000-7ad48f23a000 ---p 0003b000 fb:70 3687017                    /home/ubuntu/task2/env/lib/python3.11/site-packages/scipy.libs/libquadmath-96973f99.so.0.0.0
7ad48f23a000-7ad48f23b000 r--p 0003a000 fb:70 3687017                    /home/ubuntu/task2/env/lib/python3.11/site-packages/scipy.libs/libquadmath-96973f99.so.0.0.0
7ad48f23b000-7ad48f23d000 rw-p 0003b000 fb:70 3687017                    /home/ubuntu/task2/env/lib/python3.11/site-packages/scipy.libs/libquadmath-96973f99.so.0.0.0
7ad48f23e000-7ad48f242000 r--p 00000000 fb:70 3693702                    /home/ubuntu/task2/env/lib/python3.11/site-packages/pandas/_libs/indexing.cpython-311-x86_64-linux-gnu.so
7ad48f242000-7ad48f24a000 r-xp 00004000 fb:70 3693702                    /home/ubuntu/task2/env/lib/python3.11/site-packages/pandas/_libs/indexing.cpython-311-x86_64-linux-gnu.so
7ad48f24a000-7ad48f24d000 r--p 0000c000 fb:70 3693702                    /home/ubuntu/task2/env/lib/python3.11/site-packages/pandas/_libs/indexing.cpython-311-x86_64-linux-gnu.so
7ad48f24d000-7ad48f24e000 r--p 0000e000 fb:70 3693702                    /home/ubuntu/task2/env/lib/python3.11/site-packages/pandas/_libs/indexing.cpython-311-x86_64-linux-gnu.so
7ad48f24e000-7ad48f24f000 rw-p 0000f000 fb:70 3693702                    /home/ubuntu/task2/env/lib/python3.11/site-packages/pandas/_libs/indexing.cpython-311-x86_64-linux-gnu.so
7ad48f24f000-7ad48f253000 r--p 00000000 fb:70 3685529                    /home/ubuntu/task2/env/lib/python3.11/site-packages/scipy/_lib/_uarray/_uarray.cpython-311-x86_64-linux-gnu.so
7ad48f253000-7ad48f266000 r-xp 00004000 fb:70 3685529                    /home/ubuntu/task2/env/lib/python3.11/site-packages/scipy/_lib/_uarray/_uarray.cpython-311-x86_64-linux-gnu.so
7ad48f266000-7ad48f26c000 r--p 00017000 fb:70 3685529                    /home/ubuntu/task2/env/lib/python3.11/site-packages/scipy/_lib/_uarray/_uarray.cpython-311-x86_64-linux-gnu.so
7ad48f26c000-7ad48f26d000 r--p 0001c000 fb:70 3685529                    /home/ubuntu/task2/env/lib/python3.11/site-packages/scipy/_lib/_uarray/_uarray.cpython-311-x86_64-linux-gnu.so
7ad48f26d000-7ad48f26e000 rw-p 0001d000 fb:70 3685529                    /home/ubuntu/task2/env/lib/python3.11/site-packages/scipy/_lib/_uarray/_uarray.cpython-311-x86_64-linux-gnu.so
7ad48f26e000-7ad48f273000 r--p 00000000 fb:70 3686372                    /home/ubuntu/task2/env/lib/python3.11/site-packages/scipy/optimize/_trlib/_trlib.cpython-311-x86_64-linux-gnu.so
7ad48f273000-7ad48f294000 r-xp 00005000 fb:70 3686372                    /home/ubuntu/task2/env/lib/python3.11/site-packages/scipy/optimize/_trlib/_trlib.cpython-311-x86_64-linux-gnu.so
7ad48f294000-7ad48f29b000 r--p 00026000 fb:70 3686372                    /home/ubuntu/task2/env/lib/python3.11/site-packages/scipy/optimize/_trlib/_trlib.cpython-311-x86_64-linux-gnu.so
7ad48f29b000-7ad48f29c000 ---p 0002d000 fb:70 3686372                    /home/ubuntu/task2/env/lib/python3.11/site-packages/scipy/optimize/_trlib/_trlib.cpython-311-x86_64-linux-gnu.so
7ad48f29c000-7ad48f29d000 r--p 0002d000 fb:70 3686372                    /home/ubuntu/task2/env/lib/python3.11/site-packages/scipy/optimize/_trlib/_trlib.cpython-311-x86_64-linux-gnu.so
7ad48f29d000-7ad48f29e000 rw-p 0002e000 fb:70 3686372                    /home/ubuntu/task2/env/lib/python3.11/site-packages/scipy/optimize/_trlib/_trlib.cpython-311-x86_64-linux-gnu.so
7ad48f29e000-7ad48f29f000 rw-p 00000000 00:00 0 
7ad48f29f000-7ad48f2a2000 rw-p 00035000 fb:70 3686372                    /home/ubuntu/task2/env/lib/python3.11/site-packages/scipy/optimize/_trlib/_trlib.cpython-311-x86_64-linux-gnu.so
7ad48f2a2000-7ad48f2ab000 r--p 00000000 fb:70 3686669                    /home/ubuntu/task2/env/lib/python3.11/site-packages/scipy/spatial/_ckdtree.cpython-311-x86_64-linux-gnu.so
7ad48f2ab000-7ad48f338000 r-xp 00009000 fb:70 3686669                    /home/ubuntu/task2/env/lib/python3.11/site-packages/scipy/spatial/_ckdtree.cpython-311-x86_64-linux-gnu.so
7ad48f338000-7ad48f355000 r--p 00096000 fb:70 3686669                    /home/ubuntu/task2/env/lib/python3.11/site-packages/scipy/spatial/_ckdtree.cpython-311-x86_64-linux-gnu.so
7ad48f355000-7ad48f356000 ---p 000b3000 fb:70 3686669                    /home/ubuntu/task2/env/lib/python3.11/site-packages/scipy/spatial/_ckdtree.cpython-311-x86_64-linux-gnu.so
7ad48f356000-7ad48f358000 r--p 000b3000 fb:70 3686669                    /home/ubuntu/task2/env/lib/python3.11/site-packages/scipy/spatial/_ckdtree.cpython-311-x86_64-linux-gnu.so
7ad48f358000-7ad48f35b000 rw-p 000b5000 fb:70 3686669                    /home/ubuntu/task2/env/lib/python3.11/site-packages/scipy/spatial/_ckdtree.cpython-311-x86_64-linux-gnu.so
7ad48f35b000-7ad48f35c000 rw-p 00000000 00:00 0 
7ad48f35c000-7ad48f379000 r--p 00000000 fb:70 3686634                    /home/ubuntu/task2/env/lib/python3.11/site-packages/scipy/sparse/linalg/_propack/_zpropack.cpython-311-x86_64-linux-gnu.so
7ad48f379000-7ad48f398000 r-xp 0001d000 fb:70 3686634                    /home/ubuntu/task2/env/lib/python3.11/site-packages/scipy/sparse/linalg/_propack/_zpropack.cpython-311-x86_64-linux-gnu.so
7ad48f398000-7ad48f3a8000 r--p 0003c000 fb:70 3686634                    /home/ubuntu/task2/env/lib/python3.11/site-packages/scipy/sparse/linalg/_propack/_zpropack.cpython-311-x86_64-linux-gnu.so
7ad48f3a8000-7ad48f3a9000 ---p 0004c000 fb:70 3686634                    /home/ubuntu/task2/env/lib/python3.11/site-packages/scipy/sparse/linalg/_propack/_zpropack.cpython-311-x86_64-linux-gnu.so
7ad48f3a9000-7ad48f3aa000 r--p 0004c000 fb:70 3686634                    /home/ubuntu/task2/env/lib/python3.11/site-packages/scipy/sparse/linalg/_propack/_zpropack.cpython-311-x86_64-linux-gnu.so
7ad48f3aa000-7ad48f3b2000 rw-p 0004d000 fb:70 3686634                    /home/ubuntu/task2/env/lib/python3.11/site-packages/scipy/sparse/linalg/_propack/_zpropack.cpython-311-x86_64-linux-gnu.so
7ad48f3b2000-7ad48f3e8000 rw-p 00000000 00:00 0 
7ad48f3e8000-7ad48f400000 rw-p 00071000 fb:70 3686634                    /home/ubuntu/task2/env/lib/python3.11/site-packages/scipy/sparse/linalg/_propack/_zpropack.cpython-311-x86_64-linux-gnu.so
7ad48f400000-7ad48f676000 r-xp 00000000 fb:70 3687015                    /home/ubuntu/task2/env/lib/python3.11/site-packages/scipy.libs/libgfortran-040039e1.so.5.0.0
7ad48f676000-7ad48f875000 ---p 00276000 fb:70 3687015                    /home/ubuntu/task2/env/lib/python3.11/site-packages/scipy.libs/libgfortran-040039e1.so.5.0.0
7ad48f875000-7ad48f876000 r--p 00275000 fb:70 3687015                    /home/ubuntu/task2/env/lib/python3.11/site-packages/scipy.libs/libgfortran-040039e1.so.5.0.0
7ad48f876000-7ad48f878000 rw-p 00276000 fb:70 3687015                    /home/ubuntu/task2/env/lib/python3.11/site-packages/scipy.libs/libgfortran-040039e1.so.5.0.0
7ad48f878000-7ad48f88d000 rw-p 0027b000 fb:70 3687015                    /home/ubuntu/task2/env/lib/python3.11/site-packages/scipy.libs/libgfortran-040039e1.so.5.0.0
7ad48f891000-7ad48f898000 r--p 00000000 fb:70 3686731                    /home/ubuntu/task2/env/lib/python3.11/site-packages/scipy/spatial/transform/_rigid_transform.cpython-311-x86_64-linux-gnu.so
7ad48f898000-7ad48f8cb000 r-xp 00007000 fb:70 3686731                    /home/ubuntu/task2/env/lib/python3.11/site-packages/scipy/spatial/transform/_rigid_transform.cpython-311-x86_64-linux-gnu.so
7ad48f8cb000-7ad48f8e9000 r--p 0003a000 fb:70 3686731                    /home/ubuntu/task2/env/lib/python3.11/site-packages/scipy/spatial/transform/_rigid_transform.cpython-311-x86_64-linux-gnu.so
7ad48f8e9000-7ad48f8eb000 r--p 00057000 fb:70 3686731                    /home/ubuntu/task2/env/lib/python3.11/site-packages/scipy/spatial/transform/_rigid_transform.cpython-311-x86_64-linux-gnu.so
7ad48f8eb000-7ad48f8ed000 rw-p 00059000 fb:70 3686731                    /home/ubuntu/task2/env/lib/python3.11/site-packages/scipy/spatial/transform/_rigid_transform.cpython-311-x86_64-linux-gnu.so
7ad48f8ed000-7ad48f8ee000 rw-p 00000000 00:00 0 
7ad48f8ee000-7ad48f90b000 r--p 00000000 fb:70 3686631                    /home/ubuntu/task2/env/lib/python3.11/site-packages/scipy/sparse/linalg/_propack/_cpropack.cpython-311-x86_64-linux-gnu.so
7ad48f90b000-7ad48f92d000 r-xp 0001d000 fb:70 3686631                    /home/ubuntu/task2/env/lib/python3.11/site-packages/scipy/sparse/linalg/_propack/_cpropack.cpython-311-x86_64-linux-gnu.so
7ad48f92d000-7ad48f93d000 r--p 0003f000 fb:70 3686631                    /home/ubuntu/task2/env/lib/python3.11/site-packages/scipy/sparse/linalg/_propack/_cpropack.cpython-311-x86_64-linux-gnu.so
7ad48f93d000-7ad48f93e000 ---p 0004f000 fb:70 3686631                    /home/ubuntu/task2/env/lib/python3.11/site-packages/scipy/sparse/linalg/_propack/_cpropack.cpython-311-x86_64-linux-gnu.so
7ad48f93e000-7ad48f93f000 r--p 0004f000 fb:70 3686631                    /home/ubuntu/task2/env/lib/python3.11/site-packages/scipy/sparse/linalg/_propack/_cpropack.cpython-311-x86_64-linux-gnu.so
7ad48f93f000-7ad48f947000 rw-p 00050000 fb:70 3686631                    /home/ubuntu/task2/env/lib/python3.11/site-packages/scipy/sparse/linalg/_propack/_cpropack.cpython-311-x86_64-linux-gnu.so
7ad48f947000-7ad48f962000 rw-p 00000000 00:00 0 
7ad48f962000-7ad48f97a000 rw-p 00074000 fb:70 3686631                    /home/ubuntu/task2/env/lib/python3.11/site-packages/scipy/sparse/linalg/_propack/_cpropack.cpython-311-x86_64-linux-gnu.so
7ad48f97a000-7ad48f997000 r--p 00000000 fb:70 3686632                    /home/ubuntu/task2/env/lib/python3.11/site-packages/scipy/sparse/linalg/_propack/_dpropack.cpython-311-x86_64-linux-gnu.so
7ad48f997000-7ad48f9b2000 r-xp 0001d000 fb:70 3686632                    /home/ubuntu/task2/env/lib/python3.11/site-packages/scipy/sparse/linalg/_propack/_dpropack.cpython-311-x86_64-linux-gnu.so
7ad48f9b2000-7ad48f9c2000 r--p 00038000 fb:70 3686632                    /home/ubuntu/task2/env/lib/python3.11/site-packages/scipy/sparse/linalg/_propack/_dpropack.cpython-311-x86_64-linux-gnu.so
7ad48f9c2000-7ad48f9c3000 r--p 00047000 fb:70 3686632                    /home/ubuntu/task2/env/lib/python3.11/site-packages/scipy/sparse/linalg/_propack/_dpropack.cpython-311-x86_64-linux-gnu.so
7ad48f9c3000-7ad48f9cb000 rw-p 00048000 fb:70 3686632                    /home/ubuntu/task2/env/lib/python3.11/site-packages/scipy/sparse/linalg/_propack/_dpropack.cpython-311-x86_64-linux-gnu.so
7ad48f9cb000-7ad48f9e3000 rw-p 0006b000 fb:70 3686632                    /home/ubuntu/task2/env/lib/python3.11/site-packages/scipy/sparse/linalg/_propack/_dpropack.cpython-311-x86_64-linux-gnu.so
7ad48f9e3000-7ad48fa00000 r--p 00000000 fb:70 3686633                    /home/ubuntu/task2/env/lib/python3.11/site-packages/scipy/sparse/linalg/_propack/_spropack.cpython-311-x86_64-linux-gnu.so
7ad48fa00000-7ad48fa1b000 r-xp 0001d000 fb:70 3686633                    /home/ubuntu/task2/env/lib/python3.11/site-packages/scipy/sparse/linalg/_propack/_spropack.cpython-311-x86_64-linux-gnu.so
7ad48fa1b000-7ad48fa2b000 r--p 00038000 fb:70 3686633                    /home/ubuntu/task2/env/lib/python3.11/site-packages/scipy/sparse/linalg/_propack/_spropack.cpython-311-x86_64-linux-gnu.so
7ad48fa2b000-7ad48fa2c000 r--p 00047000 fb:70 3686633                    /home/ubuntu/task2/env/lib/python3.11/site-packages/scipy/sparse/linalg/_propack/_spropack.cpython-311-x86_64-linux-gnu.so
7ad48fa2c000-7ad48fa34000 rw-p 00048000 fb:70 3686633                    /home/ubuntu/task2/env/lib/python3.11/site-packages/scipy/sparse/linalg/_propack/_spropack.cpython-311-x86_64-linux-gnu.so
7ad48fa34000-7ad48fa4c000 rw-p 0006b000 fb:70 3686633                    /home/ubuntu/task2/env/lib/python3.11/site-packages/scipy/sparse/linalg/_propack/_spropack.cpython-311-x86_64-linux-gnu.so
7ad48fa4c000-7ad48fa6a000 r--p 00000000 fb:70 3686597                    /home/ubuntu/task2/env/lib/python3.11/site-packages/scipy/sparse/linalg/_eigen/arpack/_arpack.cpython-311-x86_64-linux-gnu.so
7ad48fa6a000-7ad48fac3000 r-xp 0001e000 fb:70 3686597                    /home/ubuntu/task2/env/lib/python3.11/site-packages/scipy/sparse/linalg/_eigen/arpack/_arpack.cpython-311-x86_64-linux-gnu.so
7ad48fac3000-7ad48fade000 r--p 00077000 fb:70 3686597                    /home/ubuntu/task2/env/lib/python3.11/site-packages/scipy/sparse/linalg/_eigen/arpack/_arpack.cpython-311-x86_64-linux-gnu.so
7ad48fade000-7ad48fadf000 ---p 00092000 fb:70 3686597                    /home/ubuntu/task2/env/lib/python3.11/site-packages/scipy/sparse/linalg/_eigen/arpack/_arpack.cpython-311-x86_64-linux-gnu.so
7ad48fadf000-7ad48fae0000 r--p 00092000 fb:70 3686597                    /home/ubuntu/task2/env/lib/python3.11/site-packages/scipy/sparse/linalg/_eigen/arpack/_arpack.cpython-311-x86_64-linux-gnu.so
7ad48fae0000-7ad48faee000 rw-p 00093000 fb:70 3686597                    /home/ubuntu/task2/env/lib/python3.11/site-packages/scipy/sparse/linalg/_eigen/arpack/_arpack.cpython-311-x86_64-linux-gnu.so
7ad48faee000-7ad48faef000 rw-p 00000000 00:00 0 
7ad48faef000-7ad48fb07000 rw-p 000c1000 fb:70 3686597                    /home/ubuntu/task2/env/lib/python3.11/site-packages/scipy/sparse/linalg/_eigen/arpack/_arpack.cpython-311-x86_64-linux-gnu.so
7ad48fb07000-7ad48fc07000 rw-p 00000000 00:00 0 
7ad48fc07000-7ad48fc23000 r--p 00000000 fb:70 3686585                    /home/ubuntu/task2/env/lib/python3.11/site-packages/scipy/sparse/linalg/_dsolve/_superlu.cpython-311-x86_64-linux-gnu.so
7ad48fc23000-7ad48fc7c000 r-xp 0001c000 fb:70 3686585                    /home/ubuntu/task2/env/lib/python3.11/site-packages/scipy/sparse/linalg/_dsolve/_superlu.cpython-311-x86_64-linux-gnu.so
7ad48fc7c000-7ad48fc92000 r--p 00075000 fb:70 3686585                    /home/ubuntu/task2/env/lib/python3.11/site-packages/scipy/sparse/linalg/_dsolve/_superlu.cpython-311-x86_64-linux-gnu.so
7ad48fc92000-7ad48fc93000 r--p 0008a000 fb:70 3686585                    /home/ubuntu/task2/env/lib/python3.11/site-packages/scipy/sparse/linalg/_dsolve/_superlu.cpython-311-x86_64-linux-gnu.so
7ad48fc93000-7ad48fc98000 rw-p 0008b000 fb:70 3686585                    /home/ubuntu/task2/env/lib/python3.11/site-packages/scipy/sparse/linalg/_dsolve/_superlu.cpython-311-x86_64-linux-gnu.so
7ad48fc98000-7ad48fcb0000 rw-p 000af000 fb:70 3686585                    /home/ubuntu/task2/env/lib/python3.11/site-packages/scipy/sparse/linalg/_dsolve/_superlu.cpython-311-x86_64-linux-gnu.so
7ad48fcb0000-7ad48fcb5000 r--p 00000000 fb:70 3686152                    /home/ubuntu/task2/env/lib/python3.11/site-packages/scipy/linalg/_decomp_update.cpython-311-x86_64-linux-gnu.so
7ad48fcb5000-7ad48fcec000 r-xp 00005000 fb:70 3686152                    /home/ubuntu/task2/env/lib/python3.11/site-packages/scipy/linalg/_decomp_update.cpython-311-x86_64-linux-gnu.so
7ad48fcec000-7ad48fcfc000 r--p 0003c000 fb:70 3686152                    /home/ubuntu/task2/env/lib/python3.11/site-packages/scipy/linalg/_decomp_update.cpython-311-x86_64-linux-gnu.so
7ad48fcfc000-7ad48fcfd000 ---p 0004c000 fb:70 3686152                    /home/ubuntu/task2/env/lib/python3.11/site-packages/scipy/linalg/_decomp_update.cpython-311-x86_64-linux-gnu.so
7ad48fcfd000-7ad48fcfe000 r--p 0004c000 fb:70 3686152                    /home/ubuntu/task2/env/lib/python3.11/site-packages/scipy/linalg/_decomp_update.cpython-311-x86_64-linux-gnu.so
7ad48fcfe000-7ad48fcff000 rw-p 0004d000 fb:70 3686152                    /home/ubuntu/task2/env/lib/python3.11/site-packages/scipy/linalg/_decomp_update.cpython-311-x86_64-linux-gnu.so
7ad48fcff000-7ad48fe00000 rw-p 00000000 00:00 0 
7ad48fe00000-7ad48fe3e000 r--p 00000000 fb:70 3686155                    /home/ubuntu/task2/env/lib/python3.11/site-packages/scipy/linalg/_flapack.cpython-311-x86_64-linux-gnu.so
7ad48fe3e000-7ad48ff39000 r-xp 0003e000 fb:70 3686155                    /home/ubuntu/task2/env/lib/python3.11/site-packages/scipy/linalg/_flapack.cpython-311-x86_64-linux-gnu.so
7ad48ff39000-7ad48ff9e000 r--p 00139000 fb:70 3686155                    /home/ubuntu/task2/env/lib/python3.11/site-packages/scipy/linalg/_flapack.cpython-311-x86_64-linux-gnu.so
7ad48ff9e000-7ad48ff9f000 r--p 0019d000 fb:70 3686155                    /home/ubuntu/task2/env/lib/python3.11/site-packages/scipy/linalg/_flapack.cpython-311-x86_64-linux-gnu.so
7ad48ff9f000-7ad490032000 rw-p 0019e000 fb:70 3686155                    /home/ubuntu/task2/env/lib/python3.11/site-packages/scipy/linalg/_flapack.cpython-311-x86_64-linux-gnu.so
7ad490032000-7ad49004a000 rw-p 0025e000 fb:70 3686155                    /home/ubuntu/task2/env/lib/python3.11/site-packages/scipy/linalg/_flapack.cpython-311-x86_64-linux-gnu.so
7ad49004d000-7ad490051000 r--p 00000000 fb:70 3686315                    /home/ubuntu/task2/env/lib/python3.11/site-packages/scipy/optimize/_moduleTNC.cpython-311-x86_64-linux-gnu.so
7ad490051000-7ad490067000 r-xp 00004000 fb:70 3686315                    /home/ubuntu/task2/env/lib/python3.11/site-packages/scipy/optimize/_moduleTNC.cpython-311-x86_64-linux-gnu.so
7ad490067000-7ad49006b000 r--p 0001a000 fb:70 3686315                    /home/ubuntu/task2/env/lib/python3.11/site-packages/scipy/optimize/_moduleTNC.cpython-311-x86_64-linux-gnu.so
7ad49006b000-7ad49006c000 ---p 0001e000 fb:70 3686315                    /home/ubuntu/task2/env/lib/python3.11/site-packages/scipy/optimize/_moduleTNC.cpython-311-x86_64-linux-gnu.so
7ad49006c000-7ad49006d000 r--p 0001e000 fb:70 3686315                    /home/ubuntu/task2/env/lib/python3.11/site-packages/scipy/optimize/_moduleTNC.cpython-311-x86_64-linux-gnu.so
7ad49006d000-7ad49006e000 rw-p 0001f000 fb:70 3686315                    /home/ubuntu/task2/env/lib/python3.11/site-packages/scipy/optimize/_moduleTNC.cpython-311-x86_64-linux-gnu.so
7ad49006e000-7ad490089000 r--p 00000000 fb:70 3686159                    /home/ubuntu/task2/env/lib/python3.11/site-packages/scipy/linalg/_matfuncs_expm.cpython-311-x86_64-linux-gnu.so
7ad490089000-7ad4900a9000 r-xp 0001b000 fb:70 3686159                    /home/ubuntu/task2/env/lib/python3.11/site-packages/scipy/linalg/_matfuncs_expm.cpython-311-x86_64-linux-gnu.so
7ad4900a9000-7ad4900b7000 r--p 0003b000 fb:70 3686159                    /home/ubuntu/task2/env/lib/python3.11/site-packages/scipy/linalg/_matfuncs_expm.cpython-311-x86_64-linux-gnu.so
7ad4900b7000-7ad4900b8000 r--p 00048000 fb:70 3686159                    /home/ubuntu/task2/env/lib/python3.11/site-packages/scipy/linalg/_matfuncs_expm.cpython-311-x86_64-linux-gnu.so
7ad4900b8000-7ad4900bc000 rw-p 00049000 fb:70 3686159                    /home/ubuntu/task2/env/lib/python3.11/site-packages/scipy/linalg/_matfuncs_expm.cpython-311-x86_64-linux-gnu.so
7ad4900bc000-7ad4900d2000 rw-p 00067000 fb:70 3686159                    /home/ubuntu/task2/env/lib/python3.11/site-packages/scipy/linalg/_matfuncs_expm.cpython-311-x86_64-linux-gnu.so
7ad4900d2000-7ad4900ed000 r--p 00000000 fb:70 3686162                    /home/ubuntu/task2/env/lib/python3.11/site-packages/scipy/linalg/_matfuncs_schur_sqrtm.cpython-311-x86_64-linux-gnu.so
7ad4900ed000-7ad49010a000 r-xp 0001b000 fb:70 3686162                    /home/ubuntu/task2/env/lib/python3.11/site-packages/scipy/linalg/_matfuncs_schur_sqrtm.cpython-311-x86_64-linux-gnu.so
7ad49010a000-7ad490117000 r--p 00038000 fb:70 3686162                    /home/ubuntu/task2/env/lib/python3.11/site-packages/scipy/linalg/_matfuncs_schur_sqrtm.cpython-311-x86_64-linux-gnu.so
7ad490117000-7ad490118000 r--p 00044000 fb:70 3686162                    /home/ubuntu/task2/env/lib/python3.11/site-packages/scipy/linalg/_matfuncs_schur_sqrtm.cpython-311-x86_64-linux-gnu.so
7ad490118000-7ad49011c000 rw-p 00045000 fb:70 3686162                    /home/ubuntu/task2/env/lib/python3.11/site-packages/scipy/linalg/_matfuncs_schur_sqrtm.cpython-311-x86_64-linux-gnu.so
7ad49011c000-7ad490132000 rw-p 00063000 fb:70 3686162                    /home/ubuntu/task2/env/lib/python3.11/site-packages/scipy/linalg/_matfuncs_schur_sqrtm.cpython-311-x86_64-linux-gnu.so
7ad490132000-7ad49014d000 r--p 00000000 fb:70 3686177                    /home/ubuntu/task2/env/lib/python3.11/site-packages/scipy/linalg/cython_lapack.cpython-311-x86_64-linux-gnu.so
7ad49014d000-7ad49016b000 r-xp 0001b000 fb:70 3686177                    /home/ubuntu/task2/env/lib/python3.11/site-packages/scipy/linalg/cython_lapack.cpython-311-x86_64-linux-gnu.so
7ad49016b000-7ad4901c3000 r--p 00039000 fb:70 3686177                    /home/ubuntu/task2/env/lib/python3.11/site-packages/scipy/linalg/cython_lapack.cpython-311-x86_64-linux-gnu.so
7ad4901c3000-7ad4901c4000 r--p 00091000 fb:70 3686177                    /home/ubuntu/task2/env/lib/python3.11/site-packages/scipy/linalg/cython_lapack.cpython-311-x86_64-linux-gnu.so
7ad4901c4000-7ad4901c8000 rw-p 00092000 fb:70 3686177                    /home/ubuntu/task2/env/lib/python3.11/site-packages/scipy/linalg/cython_lapack.cpython-311-x86_64-linux-gnu.so
7ad4901c8000-7ad4901de000 rw-p 000c1000 fb:70 3686177                    /home/ubuntu/task2/env/lib/python3.11/site-packages/scipy/linalg/cython_lapack.cpython-311-x86_64-linux-gnu.so
7ad4901de000-7ad4902de000 rw-p 00000000 00:00 0 
7ad4902de000-7ad4902e2000 r--p 00000000 fb:70 3686760                    /home/ubuntu/task2/env/lib/python3.11/site-packages/scipy/special/_special_ufuncs.cpython-311-x86_64-linux-gnu.so
7ad4902e2000-7ad4903f3000 r-xp 00004000 fb:70 3686760                    /home/ubuntu/task2/env/lib/python3.11/site-packages/scipy/special/_special_ufuncs.cpython-311-x86_64-linux-gnu.so
7ad4903f3000-7ad49043f000 r--p 00115000 fb:70 3686760                    /home/ubuntu/task2/env/lib/python3.11/site-packages/scipy/special/_special_ufuncs.cpython-311-x86_64-linux-gnu.so
7ad49043f000-7ad490440000 r--p 00160000 fb:70 3686760                    /home/ubuntu/task2/env/lib/python3.11/site-packages/scipy/special/_special_ufuncs.cpython-311-x86_64-linux-gnu.so
7ad490440000-7ad490441000 rw-p 00161000 fb:70 3686760                    /home/ubuntu/task2/env/lib/python3.11/site-packages/scipy/special/_special_ufuncs.cpython-311-x86_64-linux-gnu.so
7ad490441000-7ad490447000 r--p 00000000 fb:70 3686770                    /home/ubuntu/task2/env/lib/python3.11/site-packages/scipy/special/_ufuncs_cxx.cpython-311-x86_64-linux-gnu.so
7ad490447000-7ad49058e000 r-xp 00006000 fb:70 3686770                    /home/ubuntu/task2/env/lib/python3.11/site-packages/scipy/special/_ufuncs_cxx.cpython-311-x86_64-linux-gnu.so
7ad49058e000-7ad4905bd000 r--p 0014d000 fb:70 3686770                    /home/ubuntu/task2/env/lib/python3.11/site-packages/scipy/special/_ufuncs_cxx.cpython-311-x86_64-linux-gnu.so
7ad4905bd000-7ad4905be000 ---p 0017c000 fb:70 3686770                    /home/ubuntu/task2/env/lib/python3.11/site-packages/scipy/special/_ufuncs_cxx.cpython-311-x86_64-linux-gnu.so
7ad4905be000-7ad4905bf000 r--p 0017c000 fb:70 3686770                    /home/ubuntu/task2/env/lib/python3.11/site-packages/scipy/special/_ufuncs_cxx.cpython-311-x86_64-linux-gnu.so
7ad4905bf000-7ad4905c0000 rw-p 0017d000 fb:70 3686770                    /home/ubuntu/task2/env/lib/python3.11/site-packages/scipy/special/_ufuncs_cxx.cpython-311-x86_64-linux-gnu.so
7ad4905c0000-7ad4905c1000 rw-p 00000000 00:00 0 
7ad4905c1000-7ad4905c2000 ---p 00000000 00:00 0 
7ad4905c2000-7ad490dc2000 rw-p 00000000 00:00 0 
7ad490dc2000-7ad490dc3000 ---p 00000000 00:00 0 
7ad490dc3000-7ad4915c3000 rw-p 00000000 00:00 0 
7ad4915c3000-7ad4915c4000 ---p 00000000 00:00 0 
7ad4915c4000-7ad491dc4000 rw-p 00000000 00:00 0 
7ad491dc4000-7ad491dc5000 ---p 00000000 00:00 0 
7ad491dc5000-7ad4925c5000 rw-p 00000000 00:00 0 
7ad4925c5000-7ad4925c6000 ---p 00000000 00:00 0 
7ad4925c6000-7ad492dc6000 rw-p 00000000 00:00 0 
7ad492dc6000-7ad492dc7000 ---p 00000000 00:00 0 
7ad492dc7000-7ad4935c7000 rw-p 00000000 00:00 0 
7ad4935c7000-7ad4935c8000 ---p 00000000 00:00 0 
7ad4935c8000-7ad493dc8000 rw-p 00000000 00:00 0 
7ad493dc8000-7ad493dc9000 ---p 00000000 00:00 0 
7ad493dc9000-7ad4945c9000 rw-p 00000000 00:00 0 
7ad4945c9000-7ad4945ca000 ---p 00000000 00:00 0 
7ad4945ca000-7ad494dca000 rw-p 00000000 00:00 0 
7ad494dca000-7ad494dcb000 ---p 00000000 00:00 0 
7ad494dcb000-7ad4955cb000 rw-p 00000000 00:00 0 
7ad4955cb000-7ad4955cc000 ---p 00000000 00:00 0 
7ad4955cc000-7ad495dcc000 rw-p 00000000 00:00 0 
7ad495dcc000-7ad495dcd000 ---p 00000000 00:00 0 
7ad495dcd000-7ad4965cd000 rw-p 00000000 00:00 0 
7ad4965cd000-7ad4965ce000 ---p 00000000 00:00 0 
7ad4965ce000-7ad496dce000 rw-p 00000000 00:00 0 
7ad496dce000-7ad496dcf000 ---p 00000000 00:00 0 
7ad496dcf000-7ad4975cf000 rw-p 00000000 00:00 0 
7ad4975cf000-7ad4975d0000 ---p 00000000 00:00 0 
7ad4975d0000-7ad497dd0000 rw-p 00000000 00:00 0 
7ad497dd0000-7ad497dd1000 ---p 00000000 00:00 0 
7ad497dd1000-7ad4985d1000 rw-p 00000000 00:00 0 
7ad4985d1000-7ad4985d2000 ---p 00000000 00:00 0 
7ad4985d2000-7ad498dd2000 rw-p 00000000 00:00 0 
7ad498dd2000-7ad498dd3000 ---p 00000000 00:00 0 
7ad498dd3000-7ad4995d3000 rw-p 00000000 00:00 0 
7ad4995d3000-7ad4995d4000 ---p 00000000 00:00 0 
7ad4995d4000-7ad499dd4000 rw-p 00000000 00:00 0 
7ad499dd4000-7ad499dd5000 ---p 00000000 00:00 0 
7ad499dd5000-7ad49a5d5000 rw-p 00000000 00:00 0 
7ad49a5d5000-7ad49a5d6000 ---p 00000000 00:00 0 
7ad49a5d6000-7ad49add6000 rw-p 00000000 00:00 0 
7ad49add6000-7ad49add7000 ---p 00000000 00:00 0 
7ad49add7000-7ad49b5d7000 rw-p 00000000 00:00 0 
7ad49b5d7000-7ad49b5d8000 ---p 00000000 00:00 0 
7ad49b5d8000-7ad49bdd8000 rw-p 00000000 00:00 0 
7ad49bdd8000-7ad49bdd9000 ---p 00000000 00:00 0 
7ad49bdd9000-7ad49c5d9000 rw-p 00000000 00:00 0 
7ad49c5d9000-7ad49c5da000 ---p 00000000 00:00 0 
7ad49c5da000-7ad49cdda000 rw-p 00000000 00:00 0 
7ad49cdda000-7ad49cddb000 ---p 00000000 00:00 0 
7ad49cddb000-7ad49d5db000 rw-p 00000000 00:00 0 
7ad49d5db000-7ad49d5dc000 ---p 00000000 00:00 0 
7ad49d5dc000-7ad49dddc000 rw-p 00000000 00:00 0 
7ad49dddc000-7ad49dddd000 ---p 00000000 00:00 0 
7ad49dddd000-7ad49e5dd000 rw-p 00000000 00:00 0 
7ad49e5dd000-7ad49e5de000 ---p 00000000 00:00 0 
7ad49e5de000-7ad49edde000 rw-p 00000000 00:00 0 
7ad49edde000-7ad49eddf000 ---p 00000000 00:00 0 
7ad49eddf000-7ad49f5df000 rw-p 00000000 00:00 0 
7ad49f5df000-7ad49f5e0000 ---p 00000000 00:00 0 
7ad49f5e0000-7ad49fde0000 rw-p 00000000 00:00 0 
7ad49fde0000-7ad49fde1000 ---p 00000000 00:00 0 
7ad49fde1000-7ad4a05e1000 rw-p 00000000 00:00 0 
7ad4a05e1000-7ad4a05e2000 ---p 00000000 00:00 0 
7ad4a05e2000-7ad4a0de2000 rw-p 00000000 00:00 0 
7ad4a0de2000-7ad4a0de3000 ---p 00000000 00:00 0 
7ad4a0de3000-7ad4a15e3000 rw-p 00000000 00:00 0 
7ad4a15e3000-7ad4a15e4000 ---p 00000000 00:00 0 
7ad4a15e4000-7ad4a1de4000 rw-p 00000000 00:00 0 
7ad4a1de4000-7ad4a1de5000 ---p 00000000 00:00 0 
7ad4a1de5000-7ad4a25e5000 rw-p 00000000 00:00 0 
7ad4a25e5000-7ad4a25e6000 ---p 00000000 00:00 0 
7ad4a25e6000-7ad4a2de6000 rw-p 00000000 00:00 0 
7ad4a2de6000-7ad4a2de7000 ---p 00000000 00:00 0 
7ad4a2de7000-7ad4a35e7000 rw-p 00000000 00:00 0 
7ad4a35e7000-7ad4a35e8000 ---p 00000000 00:00 0 
7ad4a35e8000-7ad4a3de8000 rw-p 00000000 00:00 0 
7ad4a3de8000-7ad4a3de9000 ---p 00000000 00:00 0 
7ad4a3de9000-7ad4a45e9000 rw-p 00000000 00:00 0 
7ad4a45e9000-7ad4a45ea000 ---p 00000000 00:00 0 
7ad4a45ea000-7ad4a4dea000 rw-p 00000000 00:00 0 
7ad4a4dea000-7ad4a4deb000 ---p 00000000 00:00 0 
7ad4a4deb000-7ad4a55eb000 rw-p 00000000 00:00 0 
7ad4a55eb000-7ad4a55ec000 ---p 00000000 00:00 0 
7ad4a55ec000-7ad4a5dec000 rw-p 00000000 00:00 0 
7ad4a5dec000-7ad4a5ded000 ---p 00000000 00:00 0 
7ad4a5ded000-7ad4a65ed000 rw-p 00000000 00:00 0 
7ad4a65ed000-7ad4a65ee000 ---p 00000000 00:00 0 
7ad4a65ee000-7ad4a6dee000 rw-p 00000000 00:00 0 
7ad4a6dee000-7ad4a6def000 ---p 00000000 00:00 0 
7ad4a6def000-7ad4a75ef000 rw-p 00000000 00:00 0 
7ad4a75ef000-7ad4a75f0000 ---p 00000000 00:00 0 
7ad4a75f0000-7ad4a7df0000 rw-p 00000000 00:00 0 
7ad4a7df0000-7ad4a7df1000 ---p 00000000 00:00 0 
7ad4a7df1000-7ad4a85f1000 rw-p 00000000 00:00 0 
7ad4a85f1000-7ad4a85f2000 ---p 00000000 00:00 0 
7ad4a85f2000-7ad4a8df2000 rw-p 00000000 00:00 0 
7ad4a8df2000-7ad4a8df3000 ---p 00000000 00:00 0 
7ad4a8df3000-7ad4a95f3000 rw-p 00000000 00:00 0 
7ad4a95f3000-7ad4a95f4000 ---p 00000000 00:00 0 
7ad4a95f4000-7ad4a9df4000 rw-p 00000000 00:00 0 
7ad4a9df4000-7ad4a9df5000 ---p 00000000 00:00 0 
7ad4a9df5000-7ad4aa5f5000 rw-p 00000000 00:00 0 
7ad4aa5f5000-7ad4aa5f6000 ---p 00000000 00:00 0 
7ad4aa5f6000-7ad4aadf6000 rw-p 00000000 00:00 0 
7ad4aadf6000-7ad4aadf7000 ---p 00000000 00:00 0 
7ad4aadf7000-7ad4ab5f7000 rw-p 00000000 00:00 0 
7ad4ab5f7000-7ad4ab5f8000 ---p 00000000 00:00 0 
7ad4ab5f8000-7ad4abdf8000 rw-p 00000000 00:00 0 
7ad4abdf8000-7ad4abdf9000 ---p 00000000 00:00 0 
7ad4abdf9000-7ad4ac5f9000 rw-p 00000000 00:00 0 
7ad4ac5f9000-7ad4ac5fa000 ---p 00000000 00:00 0 
7ad4ac5fa000-7ad4acdfa000 rw-p 00000000 00:00 0 
7ad4acdfa000-7ad4acdfb000 ---p 00000000 00:00 0 
7ad4acdfb000-7ad4ad5fb000 rw-p 00000000 00:00 0 
7ad4ad5fb000-7ad4ad5fc000 ---p 00000000 00:00 0 
7ad4ad5fc000-7ad4addfc000 rw-p 00000000 00:00 0 
7ad4addfc000-7ad4addfd000 ---p 00000000 00:00 0 
7ad4addfd000-7ad4ae5fd000 rw-p 00000000 00:00 0 
7ad4ae5fd000-7ad4ae5fe000 ---p 00000000 00:00 0 
7ad4ae5fe000-7ad4aedfe000 rw-p 00000000 00:00 0 
7ad4aedfe000-7ad4aedff000 ---p 00000000 00:00 0 
7ad4aedff000-7ad4af5ff000 rw-p 00000000 00:00 0 
7ad4af5ff000-7ad4af600000 ---p 00000000 00:00 0 
7ad4af600000-7ad4afe00000 rw-p 00000000 00:00 0 
7ad4afe00000-7ad52fe00000 rw-p 00000000 00:00 0 
7ad52fe00000-7ad52feab000 r--p 00000000 fb:70 3687018                    /home/ubuntu/task2/env/lib/python3.11/site-packages/scipy.libs/libscipy_openblas-68440149.so
7ad52feab000-7ad530fbc000 r-xp 000ab000 fb:70 3687018                    /home/ubuntu/task2/env/lib/python3.11/site-packages/scipy.libs/libscipy_openblas-68440149.so
7ad530fbc000-7ad53116b000 r--p 011bc000 fb:70 3687018                    /home/ubuntu/task2/env/lib/python3.11/site-packages/scipy.libs/libscipy_openblas-68440149.so
7ad53116b000-7ad531171000 r--p 0136a000 fb:70 3687018                    /home/ubuntu/task2/env/lib/python3.11/site-packages/scipy.libs/libscipy_openblas-68440149.so
7ad531171000-7ad53117c000 rw-p 01370000 fb:70 3687018                    /home/ubuntu/task2/env/lib/python3.11/site-packages/scipy.libs/libscipy_openblas-68440149.so
7ad53117c000-7ad531184000 rw-p 00000000 00:00 0 
7ad531184000-7ad53127e000 rw-p 01435000 fb:70 3687018                    /home/ubuntu/task2/env/lib/python3.11/site-packages/scipy.libs/libscipy_openblas-68440149.so
7ad531281000-7ad531285000 r--p 00000000 fb:70 3693696                    /home/ubuntu/task2/env/lib/python3.11/site-packages/pandas/_libs/ops_dispatch.cpython-311-x86_64-linux-gnu.so
7ad531285000-7ad53128b000 r-xp 00004000 fb:70 3693696                    /home/ubuntu/task2/env/lib/python3.11/site-packages/pandas/_libs/ops_dispatch.cpython-311-x86_64-linux-gnu.so
7ad53128b000-7ad53128d000 r--p 0000a000 fb:70 3693696                    /home/ubuntu/task2/env/lib/python3.11/site-packages/pandas/_libs/ops_dispatch.cpython-311-x86_64-linux-gnu.so
7ad53128d000-7ad53128e000 ---p 0000c000 fb:70 3693696                    /home/ubuntu/task2/env/lib/python3.11/site-packages/pandas/_libs/ops_dispatch.cpython-311-x86_64-linux-gnu.so
7ad53128e000-7ad53128f000 r--p 0000c000 fb:70 3693696                    /home/ubuntu/task2/env/lib/python3.11/site-packages/pandas/_libs/ops_dispatch.cpython-311-x86_64-linux-gnu.so
7ad53128f000-7ad531290000 rw-p 0000d000 fb:70 3693696                    /home/ubuntu/task2/env/lib/python3.11/site-packages/pandas/_libs/ops_dispatch.cpython-311-x86_64-linux-gnu.so
7ad531290000-7ad531298000 r--p 00000000 fb:70 3686767                    /home/ubuntu/task2/env/lib/python3.11/site-packages/scipy/special/_ufuncs.cpython-311-x86_64-linux-gnu.so
7ad531298000-7ad53139b000 r-xp 00008000 fb:70 3686767                    /home/ubuntu/task2/env/lib/python3.11/site-packages/scipy/special/_ufuncs.cpython-311-x86_64-linux-gnu.so
7ad53139b000-7ad5313f0000 r--p 0010b000 fb:70 3686767                    /home/ubuntu/task2/env/lib/python3.11/site-packages/scipy/special/_ufuncs.cpython-311-x86_64-linux-gnu.so
7ad5313f0000-7ad5313f1000 ---p 00160000 fb:70 3686767                    /home/ubuntu/task2/env/lib/python3.11/site-packages/scipy/special/_ufuncs.cpython-311-x86_64-linux-gnu.so
7ad5313f1000-7ad5313f3000 r--p 00160000 fb:70 3686767                    /home/ubuntu/task2/env/lib/python3.11/site-packages/scipy/special/_ufuncs.cpython-311-x86_64-linux-gnu.so
7ad5313f3000-7ad5313f4000 rw-p 00162000 fb:70 3686767                    /home/ubuntu/task2/env/lib/python3.11/site-packages/scipy/special/_ufuncs.cpython-311-x86_64-linux-gnu.so
7ad5313f4000-7ad5313fb000 rw-p 00000000 00:00 0 
7ad5313fb000-7ad531400000 rw-p 0018a000 fb:70 3686767                    /home/ubuntu/task2/env/lib/python3.11/site-packages/scipy/special/_ufuncs.cpython-311-x86_64-linux-gnu.so
7ad531400000-7ad531600000 rw-p 00000000 00:00 0 
7ad531600000-7ad531603000 r--p 00000000 fb:70 3686527                    /home/ubuntu/task2/env/lib/python3.11/site-packages/scipy/sparse/_sparsetools.cpython-311-x86_64-linux-gnu.so
7ad531603000-7ad531987000 r-xp 00003000 fb:70 3686527                    /home/ubuntu/task2/env/lib/python3.11/site-packages/scipy/sparse/_sparsetools.cpython-311-x86_64-linux-gnu.so
7ad531987000-7ad5319d1000 r--p 00387000 fb:70 3686527                    /home/ubuntu/task2/env/lib/python3.11/site-packages/scipy/sparse/_sparsetools.cpython-311-x86_64-linux-gnu.so
7ad5319d1000-7ad5319d2000 r--p 003d0000 fb:70 3686527                    /home/ubuntu/task2/env/lib/python3.11/site-packages/scipy/sparse/_sparsetools.cpython-311-x86_64-linux-gnu.so
7ad5319d2000-7ad5319d3000 rw-p 003d1000 fb:70 3686527                    /home/ubuntu/task2/env/lib/python3.11/site-packages/scipy/sparse/_sparsetools.cpython-311-x86_64-linux-gnu.so
7ad5319d7000-7ad5319d9000 r--p 00000000 fb:70 3686313                    /home/ubuntu/task2/env/lib/python3.11/site-packages/scipy/optimize/_minpack.cpython-311-x86_64-linux-gnu.so
7ad5319d9000-7ad5319eb000 r-xp 00002000 fb:70 3686313                    /home/ubuntu/task2/env/lib/python3.11/site-packages/scipy/optimize/_minpack.cpython-311-x86_64-linux-gnu.so
7ad5319eb000-7ad5319ed000 r--p 00014000 fb:70 3686313                    /home/ubuntu/task2/env/lib/python3.11/site-packages/scipy/optimize/_minpack.cpython-311-x86_64-linux-gnu.so
7ad5319ed000-7ad5319ee000 r--p 00015000 fb:70 3686313                    /home/ubuntu/task2/env/lib/python3.11/site-packages/scipy/optimize/_minpack.cpython-311-x86_64-linux-gnu.so
7ad5319ee000-7ad5319ef000 rw-p 00016000 fb:70 3686313                    /home/ubuntu/task2/env/lib/python3.11/site-packages/scipy/optimize/_minpack.cpython-311-x86_64-linux-gnu.so
7ad5319ef000-7ad5319f5000 r--p 00000000 fb:70 3686136                    /home/ubuntu/task2/env/lib/python3.11/site-packages/scipy/linalg/_cythonized_array_utils.cpython-311-x86_64-linux-gnu.so
7ad5319f5000-7ad531a43000 r-xp 00006000 fb:70 3686136                    /home/ubuntu/task2/env/lib/python3.11/site-packages/scipy/linalg/_cythonized_array_utils.cpython-311-x86_64-linux-gnu.so
7ad531a43000-7ad531a50000 r--p 00054000 fb:70 3686136                    /home/ubuntu/task2/env/lib/python3.11/site-packages/scipy/linalg/_cythonized_array_utils.cpython-311-x86_64-linux-gnu.so
7ad531a50000-7ad531a52000 r--p 00060000 fb:70 3686136                    /home/ubuntu/task2/env/lib/python3.11/site-packages/scipy/linalg/_cythonized_array_utils.cpython-311-x86_64-linux-gnu.so
7ad531a52000-7ad531a54000 rw-p 00062000 fb:70 3686136                    /home/ubuntu/task2/env/lib/python3.11/site-packages/scipy/linalg/_cythonized_array_utils.cpython-311-x86_64-linux-gnu.so
7ad531a54000-7ad532c55000 rw-p 00000000 00:00 0 
7ad532f00000-7ad533800000 rw-p 00000000 00:00 0 
7ad533800000-7ad536831000 r--p 00000000 fb:70 3573346                    /home/ubuntu/task2/env/lib/python3.11/site-packages/triton/_C/libtriton.so
7ad536831000-7ad53af5a000 r-xp 03030000 fb:70 3573346                    /home/ubuntu/task2/env/lib/python3.11/site-packages/triton/_C/libtriton.so
7ad53af5a000-7ad53b15d000 r--p 07758000 fb:70 3573346                    /home/ubuntu/task2/env/lib/python3.11/site-packages/triton/_C/libtriton.so
7ad53b15d000-7ad53b17c000 rw-p 0795a000 fb:70 3573346                    /home/ubuntu/task2/env/lib/python3.11/site-packages/triton/_C/libtriton.so
7ad53b17c000-7ad53b1fc000 rw-p 00000000 00:00 0 
7ad53b200000-7ad53b202000 r--p 00000000 fb:70 3686671                    /home/ubuntu/task2/env/lib/python3.11/site-packages/scipy/spatial/_distance_wrap.cpython-311-x86_64-linux-gnu.so
7ad53b202000-7ad53b216000 r-xp 00002000 fb:70 3686671                    /home/ubuntu/task2/env/lib/python3.11/site-packages/scipy/spatial/_distance_wrap.cpython-311-x86_64-linux-gnu.so
7ad53b216000-7ad53b218000 r--p 00016000 fb:70 3686671                    /home/ubuntu/task2/env/lib/python3.11/site-packages/scipy/spatial/_distance_wrap.cpython-311-x86_64-linux-gnu.so
7ad53b218000-7ad53b219000 ---p 00018000 fb:70 3686671                    /home/ubuntu/task2/env/lib/python3.11/site-packages/scipy/spatial/_distance_wrap.cpython-311-x86_64-linux-gnu.so
7ad53b219000-7ad53b21a000 r--p 00018000 fb:70 3686671                    /home/ubuntu/task2/env/lib/python3.11/site-packages/scipy/spatial/_distance_wrap.cpython-311-x86_64-linux-gnu.so
7ad53b21a000-7ad53b21b000 rw-p 00019000 fb:70 3686671                    /home/ubuntu/task2/env/lib/python3.11/site-packages/scipy/spatial/_distance_wrap.cpython-311-x86_64-linux-gnu.so
7ad53b21b000-7ad53b227000 r--p 00000000 fb:70 3681501                    /home/ubuntu/task2/env/lib/python3.11/site-packages/numpy/random/_generator.cpython-311-x86_64-linux-gnu.so
7ad53b227000-7ad53b29e000 r-xp 0000c000 fb:70 3681501                    /home/ubuntu/task2/env/lib/python3.11/site-packages/numpy/random/_generator.cpython-311-x86_64-linux-gnu.so
7ad53b29e000-7ad53b2f8000 r--p 00083000 fb:70 3681501                    /home/ubuntu/task2/env/lib/python3.11/site-packages/numpy/random/_generator.cpython-311-x86_64-linux-gnu.so
7ad53b2f8000-7ad53b2fb000 r--p 000dc000 fb:70 3681501                    /home/ubuntu/task2/env/lib/python3.11/site-packages/numpy/random/_generator.cpython-311-x86_64-linux-gnu.so
7ad53b2fb000-7ad53b2fe000 rw-p 000df000 fb:70 3681501                    /home/ubuntu/task2/env/lib/python3.11/site-packages/numpy/random/_generator.cpython-311-x86_64-linux-gnu.so
7ad53b2fe000-7ad53cc00000 rw-p 00000000 00:00 0 
7ad53cc00000-7ad53cc9a000 r--p 00000000 fb:70 3805816                    /home/ubuntu/task2/env/lib/python3.11/site-packages/tokenizers/tokenizers.abi3.so
7ad53cc9a000-7ad53d0b5000 r-xp 0009a000 fb:70 3805816                    /home/ubuntu/task2/env/lib/python3.11/site-packages/tokenizers/tokenizers.abi3.so
7ad53d0b5000-7ad53d264000 r--p 004b5000 fb:70 3805816                    /home/ubuntu/task2/env/lib/python3.11/site-packages/tokenizers/tokenizers.abi3.so
7ad53d264000-7ad53d2e6000 r--p 00663000 fb:70 3805816                    /home/ubuntu/task2/env/lib/python3.11/site-packages/tokenizers/tokenizers.abi3.so
7ad53d2e6000-7ad53d2ee000 rw-p 006e5000 fb:70 3805816                    /home/ubuntu/task2/env/lib/python3.11/site-packages/tokenizers/tokenizers.abi3.so
7ad53d2ee000-7ad53d2ef000 rw-p 00000000 00:00 0 
7ad53d2f1000-7ad53d2f4000 r--p 00000000 fb:70 3693721                    /home/ubuntu/task2/env/lib/python3.11/site-packages/pandas/_libs/tslibs/base.cpython-311-x86_64-linux-gnu.so
7ad53d2f4000-7ad53d2fb000 r-xp 00003000 fb:70 3693721                    /home/ubuntu/task2/env/lib/python3.11/site-packages/pandas/_libs/tslibs/base.cpython-311-x86_64-linux-gnu.so
7ad53d2fb000-7ad53d2fd000 r--p 0000a000 fb:70 3693721                    /home/ubuntu/task2/env/lib/python3.11/site-packages/pandas/_libs/tslibs/base.cpython-311-x86_64-linux-gnu.so
7ad53d2fd000-7ad53d2fe000 ---p 0000c000 fb:70 3693721                    /home/ubuntu/task2/env/lib/python3.11/site-packages/pandas/_libs/tslibs/base.cpython-311-x86_64-linux-gnu.so
7ad53d2fe000-7ad53d2ff000 r--p 0000c000 fb:70 3693721                    /home/ubuntu/task2/env/lib/python3.11/site-packages/pandas/_libs/tslibs/base.cpython-311-x86_64-linux-gnu.so
7ad53d2ff000-7ad53d300000 rw-p 0000d000 fb:70 3693721                    /home/ubuntu/task2/env/lib/python3.11/site-packages/pandas/_libs/tslibs/base.cpython-311-x86_64-linux-gnu.so
7ad53d300000-7ad53d600000 rw-p 00000000 00:00 0 
7ad53d600000-7ad53d603000 r-xp 00000000 fb:70 3680095                    /home/ubuntu/task2/env/lib/python3.11/site-packages/pillow.libs/libXau-154567c4.so.6.0.0
7ad53d603000-7ad53d802000 ---p 00003000 fb:70 3680095                    /home/ubuntu/task2/env/lib/python3.11/site-packages/pillow.libs/libXau-154567c4.so.6.0.0
7ad53d802000-7ad53d803000 r--p 00002000 fb:70 3680095                    /home/ubuntu/task2/env/lib/python3.11/site-packages/pillow.libs/libXau-154567c4.so.6.0.0
7ad53d803000-7ad53d804000 rw-p 00000000 00:00 0 
7ad53d804000-7ad53d805000 rw-p 00005000 fb:70 3680095                    /home/ubuntu/task2/env/lib/python3.11/site-packages/pillow.libs/libXau-154567c4.so.6.0.0
7ad53d809000-7ad53d830000 r--p 00000000 fb:70 3686154                    /home/ubuntu/task2/env/lib/python3.11/site-packages/scipy/linalg/_fblas.cpython-311-x86_64-linux-gnu.so
7ad53d830000-7ad53d87e000 r-xp 00027000 fb:70 3686154                    /home/ubuntu/task2/env/lib/python3.11/site-packages/scipy/linalg/_fblas.cpython-311-x86_64-linux-gnu.so
7ad53d87e000-7ad53d8a7000 r--p 00075000 fb:70 3686154                    /home/ubuntu/task2/env/lib/python3.11/site-packages/scipy/linalg/_fblas.cpython-311-x86_64-linux-gnu.so
7ad53d8a7000-7ad53d8a8000 r--p 0009d000 fb:70 3686154                    /home/ubuntu/task2/env/lib/python3.11/site-packages/scipy/linalg/_fblas.cpython-311-x86_64-linux-gnu.so
7ad53d8a8000-7ad53d8d1000 rw-p 0009e000 fb:70 3686154                    /home/ubuntu/task2/env/lib/python3.11/site-packages/scipy/linalg/_fblas.cpython-311-x86_64-linux-gnu.so
7ad53d8d1000-7ad53d8e9000 rw-p 000e7000 fb:70 3686154                    /home/ubuntu/task2/env/lib/python3.11/site-packages/scipy/linalg/_fblas.cpython-311-x86_64-linux-gnu.so
7ad53d8e9000-7ad53e9e9000 rw-p 00000000 00:00 0 
7ad53e9e9000-7ad53e9ec000 r--p 00000000 fb:70 3686297                    /home/ubuntu/task2/env/lib/python3.11/site-packages/scipy/optimize/_group_columns.cpython-311-x86_64-linux-gnu.so
7ad53e9ec000-7ad53e9f9000 r-xp 00003000 fb:70 3686297                    /home/ubuntu/task2/env/lib/python3.11/site-packages/scipy/optimize/_group_columns.cpython-311-x86_64-linux-gnu.so
7ad53e9f9000-7ad53e9fc000 r--p 00010000 fb:70 3686297                    /home/ubuntu/task2/env/lib/python3.11/site-packages/scipy/optimize/_group_columns.cpython-311-x86_64-linux-gnu.so
7ad53e9fc000-7ad53e9fd000 r--p 00012000 fb:70 3686297                    /home/ubuntu/task2/env/lib/python3.11/site-packages/scipy/optimize/_group_columns.cpython-311-x86_64-linux-gnu.so
7ad53e9fd000-7ad53e9fe000 rw-p 00013000 fb:70 3686297                    /home/ubuntu/task2/env/lib/python3.11/site-packages/scipy/optimize/_group_columns.cpython-311-x86_64-linux-gnu.so
7ad53e9fe000-7ad53ea02000 r--p 00000000 fb:70 3686673                    /home/ubuntu/task2/env/lib/python3.11/site-packages/scipy/spatial/_hausdorff.cpython-311-x86_64-linux-gnu.so
7ad53ea02000-7ad53ea0d000 r-xp 00004000 fb:70 3686673                    /home/ubuntu/task2/env/lib/python3.11/site-packages/scipy/spatial/_hausdorff.cpython-311-x86_64-linux-gnu.so
7ad53ea0d000-7ad53ea11000 r--p 0000f000 fb:70 3686673                    /home/ubuntu/task2/env/lib/python3.11/site-packages/scipy/spatial/_hausdorff.cpython-311-x86_64-linux-gnu.so
7ad53ea11000-7ad53ea12000 ---p 00013000 fb:70 3686673                    /home/ubuntu/task2/env/lib/python3.11/site-packages/scipy/spatial/_hausdorff.cpython-311-x86_64-linux-gnu.so
7ad53ea12000-7ad53ea13000 r--p 00013000 fb:70 3686673                    /home/ubuntu/task2/env/lib/python3.11/site-packages/scipy/spatial/_hausdorff.cpython-311-x86_64-linux-gnu.so
7ad53ea13000-7ad53ea14000 rw-p 00014000 fb:70 3686673                    /home/ubuntu/task2/env/lib/python3.11/site-packages/scipy/spatial/_hausdorff.cpython-311-x86_64-linux-gnu.so
7ad53ea14000-7ad53ea18000 r--p 00000000 fb:70 3686680                    /home/ubuntu/task2/env/lib/python3.11/site-packages/scipy/spatial/_voronoi.cpython-311-x86_64-linux-gnu.so
7ad53ea18000-7ad53ea21000 r-xp 00004000 fb:70 3686680                    /home/ubuntu/task2/env/lib/python3.11/site-packages/scipy/spatial/_voronoi.cpython-311-x86_64-linux-gnu.so
7ad53ea21000-7ad53ea25000 r--p 0000d000 fb:70 3686680                    /home/ubuntu/task2/env/lib/python3.11/site-packages/scipy/spatial/_voronoi.cpython-311-x86_64-linux-gnu.so
7ad53ea25000-7ad53ea26000 ---p 00011000 fb:70 3686680                    /home/ubuntu/task2/env/lib/python3.11/site-packages/scipy/spatial/_voronoi.cpython-311-x86_64-linux-gnu.so
7ad53ea26000-7ad53ea27000 r--p 00011000 fb:70 3686680                    /home/ubuntu/task2/env/lib/python3.11/site-packages/scipy/spatial/_voronoi.cpython-311-x86_64-linux-gnu.so
7ad53ea27000-7ad53ea28000 rw-p 00012000 fb:70 3686680                    /home/ubuntu/task2/env/lib/python3.11/site-packages/scipy/spatial/_voronoi.cpython-311-x86_64-linux-gnu.so
7ad53ea28000-7ad53ea2a000 r--p 00000000 fb:70 3686750                    /home/ubuntu/task2/env/lib/python3.11/site-packages/scipy/special/_gufuncs.cpython-311-x86_64-linux-gnu.so
7ad53ea2a000-7ad53eab0000 r-xp 00002000 fb:70 3686750                    /home/ubuntu/task2/env/lib/python3.11/site-packages/scipy/special/_gufuncs.cpython-311-x86_64-linux-gnu.so
7ad53eab0000-7ad53eabd000 r--p 00088000 fb:70 3686750                    /home/ubuntu/task2/env/lib/python3.11/site-packages/scipy/special/_gufuncs.cpython-311-x86_64-linux-gnu.so
7ad53eabd000-7ad53eabe000 r--p 00094000 fb:70 3686750                    /home/ubuntu/task2/env/lib/python3.11/site-packages/scipy/special/_gufuncs.cpython-311-x86_64-linux-gnu.so
7ad53eabe000-7ad53eabf000 rw-p 00095000 fb:70 3686750                    /home/ubuntu/task2/env/lib/python3.11/site-packages/scipy/special/_gufuncs.cpython-311-x86_64-linux-gnu.so
7ad53eabf000-7ad53f5bf000 rw-p 00000000 00:00 0 
7ad53f5bf000-7ad53f5c2000 r--p 00000000 08:02 58488189                   /opt/conda/lib/python3.11/lib-dynload/unicodedata.cpython-311-x86_64-linux-gnu.so
7ad53f5c2000-7ad53f5c5000 r-xp 00003000 08:02 58488189                   /opt/conda/lib/python3.11/lib-dynload/unicodedata.cpython-311-x86_64-linux-gnu.so
7ad53f5c5000-7ad53f6d1000 r--p 00006000 08:02 58488189                   /opt/conda/lib/python3.11/lib-dynload/unicodedata.cpython-311-x86_64-linux-gnu.so
7ad53f6d1000-7ad53f6d2000 r--p 00112000 08:02 58488189                   /opt/conda/lib/python3.11/lib-dynload/unicodedata.cpython-311-x86_64-linux-gnu.so
7ad53f6d2000-7ad53f6d3000 rw-p 00113000 08:02 58488189                   /opt/conda/lib/python3.11/lib-dynload/unicodedata.cpython-311-x86_64-linux-gnu.so
7ad53f6d3000-7ad5401d3000 rw-p 00000000 00:00 0 
7ad5401d3000-7ad5402bf000 r--p 00000000 08:02 58486539                   /opt/conda/lib/libcrypto.so.3
7ad5402bf000-7ad54060a000 r-xp 000ec000 08:02 58486539                   /opt/conda/lib/libcrypto.so.3
7ad54060a000-7ad54073b000 r--p 00437000 08:02 58486539                   /opt/conda/lib/libcrypto.so.3
7ad54073b000-7ad5407bb000 r--p 00568000 08:02 58486539                   /opt/conda/lib/libcrypto.so.3
7ad5407bb000-7ad5407be000 rw-p 005e8000 08:02 58486539                   /opt/conda/lib/libcrypto.so.3
7ad5407be000-7ad5407c1000 rw-p 00000000 00:00 0 
7ad5407c1000-7ad5407c2000 ---p 00000000 00:00 0 
7ad5407c2000-7ad540fc2000 rw-p 00000000 00:00 0 
7ad540fc2000-7ad540fc3000 ---p 00000000 00:00 0 
7ad540fc3000-7ad5417c3000 rw-p 00000000 00:00 0 
7ad5417c3000-7ad5417c4000 ---p 00000000 00:00 0 
7ad5417c4000-7ad541fc4000 rw-p 00000000 00:00 0 
7ad541fc4000-7ad541fc5000 ---p 00000000 00:00 0 
7ad541fc5000-7ad5427c5000 rw-p 00000000 00:00 0 
7ad5427c5000-7ad5427c6000 ---p 00000000 00:00 0 
7ad5427c6000-7ad542fc6000 rw-p 00000000 00:00 0 
7ad542fc6000-7ad542fc7000 ---p 00000000 00:00 0 
7ad542fc7000-7ad5437c7000 rw-p 00000000 00:00 0 
7ad5437c7000-7ad5437c8000 ---p 00000000 00:00 0 
7ad5437c8000-7ad543fc8000 rw-p 00000000 00:00 0 
7ad543fc8000-7ad543fc9000 ---p 00000000 00:00 0 
7ad543fc9000-7ad5447c9000 rw-p 00000000 00:00 0 
7ad5447c9000-7ad5447ca000 ---p 00000000 00:00 0 
7ad5447ca000-7ad544fca000 rw-p 00000000 00:00 0 
7ad544fca000-7ad544fcb000 ---p 00000000 00:00 0 
7ad544fcb000-7ad5457cb000 rw-p 00000000 00:00 0 
7ad5457cb000-7ad5457cc000 ---p 00000000 00:00 0 
7ad5457cc000-7ad545fcc000 rw-p 00000000 00:00 0 
7ad545fcc000-7ad545fcd000 ---p 00000000 00:00 0 
7ad545fcd000-7ad5467cd000 rw-p 00000000 00:00 0 
7ad5467cd000-7ad5467ce000 ---p 00000000 00:00 0 
7ad5467ce000-7ad546fce000 rw-p 00000000 00:00 0 
7ad546fce000-7ad546fcf000 ---p 00000000 00:00 0 
7ad546fcf000-7ad5477cf000 rw-p 00000000 00:00 0 
7ad5477cf000-7ad5477d0000 ---p 00000000 00:00 0 
7ad5477d0000-7ad547fd0000 rw-p 00000000 00:00 0 
7ad547fd0000-7ad547fd1000 ---p 00000000 00:00 0 
7ad547fd1000-7ad5487d1000 rw-p 00000000 00:00 0 
7ad5487d1000-7ad5487d2000 ---p 00000000 00:00 0 
7ad5487d2000-7ad548fd2000 rw-p 00000000 00:00 0 
7ad548fd2000-7ad548fd3000 ---p 00000000 00:00 0 
7ad548fd3000-7ad5497d3000 rw-p 00000000 00:00 0 
7ad5497d3000-7ad5497d4000 ---p 00000000 00:00 0 
7ad5497d4000-7ad549fd4000 rw-p 00000000 00:00 0 
7ad549fd4000-7ad549fd5000 ---p 00000000 00:00 0 
7ad549fd5000-7ad54a7d5000 rw-p 00000000 00:00 0 
7ad54a7d5000-7ad54a7d6000 ---p 00000000 00:00 0 
7ad54a7d6000-7ad54afd6000 rw-p 00000000 00:00 0 
7ad54afd6000-7ad54afd7000 ---p 00000000 00:00 0 
7ad54afd7000-7ad54b7d7000 rw-p 00000000 00:00 0 
7ad54b7d7000-7ad54b7d8000 ---p 00000000 00:00 0 
7ad54b7d8000-7ad54bfd8000 rw-p 00000000 00:00 0 
7ad54bfd8000-7ad54bfd9000 ---p 00000000 00:00 0 
7ad54bfd9000-7ad54c7d9000 rw-p 00000000 00:00 0 
7ad54c7d9000-7ad54c7da000 ---p 00000000 00:00 0 
7ad54c7da000-7ad54cfda000 rw-p 00000000 00:00 0 
7ad54cfda000-7ad54cfdb000 ---p 00000000 00:00 0 
7ad54cfdb000-7ad54d7db000 rw-p 00000000 00:00 0 
7ad54d7db000-7ad54d7dc000 ---p 00000000 00:00 0 
7ad54d7dc000-7ad54dfdc000 rw-p 00000000 00:00 0 
7ad54dfdc000-7ad54dfdd000 ---p 00000000 00:00 0 
7ad54dfdd000-7ad54e7dd000 rw-p 00000000 00:00 0 
7ad54e7dd000-7ad54e7de000 ---p 00000000 00:00 0 
7ad54e7de000-7ad54efde000 rw-p 00000000 00:00 0 
7ad54efde000-7ad54efdf000 ---p 00000000 00:00 0 
7ad54efdf000-7ad54f7df000 rw-p 00000000 00:00 0 
7ad54f7df000-7ad54f7e0000 ---p 00000000 00:00 0 
7ad54f7e0000-7ad54ffe0000 rw-p 00000000 00:00 0 
7ad54ffe0000-7ad54ffe1000 ---p 00000000 00:00 0 
7ad54ffe1000-7ad5507e1000 rw-p 00000000 00:00 0 
7ad5507e1000-7ad5507e2000 ---p 00000000 00:00 0 
7ad5507e2000-7ad550fe2000 rw-p 00000000 00:00 0 
7ad550fe2000-7ad550fe3000 ---p 00000000 00:00 0 
7ad550fe3000-7ad5517e3000 rw-p 00000000 00:00 0 
7ad5517e3000-7ad5517e4000 ---p 00000000 00:00 0 
7ad5517e4000-7ad551fe4000 rw-p 00000000 00:00 0 
7ad551fe4000-7ad551fe5000 ---p 00000000 00:00 0 
7ad551fe5000-7ad5527e5000 rw-p 00000000 00:00 0 
7ad5527e5000-7ad5527e6000 ---p 00000000 00:00 0 
7ad5527e6000-7ad552fe6000 rw-p 00000000 00:00 0 
7ad552fe6000-7ad552fe7000 ---p 00000000 00:00 0 
7ad552fe7000-7ad5537e7000 rw-p 00000000 00:00 0 
7ad5537e7000-7ad5537e8000 ---p 00000000 00:00 0 
7ad5537e8000-7ad553fe8000 rw-p 00000000 00:00 0 
7ad553fe8000-7ad553fe9000 ---p 00000000 00:00 0 
7ad553fe9000-7ad5547e9000 rw-p 00000000 00:00 0 
7ad5547e9000-7ad5547ea000 ---p 00000000 00:00 0 
7ad5547ea000-7ad554fea000 rw-p 00000000 00:00 0 
7ad554fea000-7ad554feb000 ---p 00000000 00:00 0 
7ad554feb000-7ad5557eb000 rw-p 00000000 00:00 0 
7ad5557eb000-7ad5557ec000 ---p 00000000 00:00 0 
7ad5557ec000-7ad555fec000 rw-p 00000000 00:00 0 
7ad555fec000-7ad555fed000 ---p 00000000 00:00 0 
7ad555fed000-7ad5567ed000 rw-p 00000000 00:00 0 
7ad5567ed000-7ad5567ee000 ---p 00000000 00:00 0 
7ad5567ee000-7ad556fee000 rw-p 00000000 00:00 0 
7ad556fee000-7ad556fef000 ---p 00000000 00:00 0 
7ad556fef000-7ad5577ef000 rw-p 00000000 00:00 0 
7ad5577ef000-7ad5577f0000 ---p 00000000 00:00 0 
7ad5577f0000-7ad557ff0000 rw-p 00000000 00:00 0 
7ad557ff0000-7ad557ff1000 ---p 00000000 00:00 0 
7ad557ff1000-7ad5587f1000 rw-p 00000000 00:00 0 
7ad5587f1000-7ad5587f2000 ---p 00000000 00:00 0 
7ad5587f2000-7ad558ff2000 rw-p 00000000 00:00 0 
7ad558ff2000-7ad558ff3000 ---p 00000000 00:00 0 
7ad558ff3000-7ad5597f3000 rw-p 00000000 00:00 0 
7ad5597f3000-7ad5597f4000 ---p 00000000 00:00 0 
7ad5597f4000-7ad559ff4000 rw-p 00000000 00:00 0 
7ad559ff4000-7ad559ff5000 ---p 00000000 00:00 0 
7ad559ff5000-7ad55a7f5000 rw-p 00000000 00:00 0 
7ad55a7f5000-7ad55a7f6000 ---p 00000000 00:00 0 
7ad55a7f6000-7ad55aff6000 rw-p 00000000 00:00 0 
7ad55aff6000-7ad55aff7000 ---p 00000000 00:00 0 
7ad55aff7000-7ad55b7f7000 rw-p 00000000 00:00 0 
7ad55b7f7000-7ad55b7f8000 ---p 00000000 00:00 0 
7ad55b7f8000-7ad55bff8000 rw-p 00000000 00:00 0 
7ad55bff8000-7ad55bff9000 ---p 00000000 00:00 0 
7ad55bff9000-7ad55c7f9000 rw-p 00000000 00:00 0 
7ad55c7f9000-7ad55c7fa000 ---p 00000000 00:00 0 
7ad55c7fa000-7ad55cffa000 rw-p 00000000 00:00 0 
7ad55cffa000-7ad55cffb000 ---p 00000000 00:00 0 
7ad55cffb000-7ad55d7fb000 rw-p 00000000 00:00 0 
7ad55d7fb000-7ad55d7fc000 ---p 00000000 00:00 0 
7ad55d7fc000-7ad55dffc000 rw-p 00000000 00:00 0 
7ad55dffc000-7ad55dffd000 ---p 00000000 00:00 0 
7ad55dffd000-7ad55e7fd000 rw-p 00000000 00:00 0 
7ad55e7fd000-7ad55e7fe000 ---p 00000000 00:00 0 
7ad55e7fe000-7ad55effe000 rw-p 00000000 00:00 0 
7ad55effe000-7ad55efff000 ---p 00000000 00:00 0 
7ad55efff000-7ad55f7ff000 rw-p 00000000 00:00 0 
7ad55f7ff000-7ad55f800000 ---p 00000000 00:00 0 
7ad55f800000-7ad560000000 rw-p 00000000 00:00 0 
7ad560000000-7ad5e0000000 rw-p 00000000 00:00 0 
7ad5e0000000-7ad5e003b000 r-xp 00000000 fb:70 3681756                    /home/ubuntu/task2/env/lib/python3.11/site-packages/numpy.libs/libquadmath-96973f99-934c22de.so.0.0.0
7ad5e003b000-7ad5e023a000 ---p 0003b000 fb:70 3681756                    /home/ubuntu/task2/env/lib/python3.11/site-packages/numpy.libs/libquadmath-96973f99-934c22de.so.0.0.0
7ad5e023a000-7ad5e023b000 r--p 0003a000 fb:70 3681756                    /home/ubuntu/task2/env/lib/python3.11/site-packages/numpy.libs/libquadmath-96973f99-934c22de.so.0.0.0
7ad5e023b000-7ad5e023e000 rw-p 0003b000 fb:70 3681756                    /home/ubuntu/task2/env/lib/python3.11/site-packages/numpy.libs/libquadmath-96973f99-934c22de.so.0.0.0
7ad5e023e000-7ad5e0241000 r--p 00000000 fb:70 3686941                    /home/ubuntu/task2/env/lib/python3.11/site-packages/scipy/stats/_levy_stable/levyst.cpython-311-x86_64-linux-gnu.so
7ad5e0241000-7ad5e0247000 r-xp 00003000 fb:70 3686941                    /home/ubuntu/task2/env/lib/python3.11/site-packages/scipy/stats/_levy_stable/levyst.cpython-311-x86_64-linux-gnu.so
7ad5e0247000-7ad5e0249000 r--p 00009000 fb:70 3686941                    /home/ubuntu/task2/env/lib/python3.11/site-packages/scipy/stats/_levy_stable/levyst.cpython-311-x86_64-linux-gnu.so
7ad5e0249000-7ad5e024a000 ---p 0000b000 fb:70 3686941                    /home/ubuntu/task2/env/lib/python3.11/site-packages/scipy/stats/_levy_stable/levyst.cpython-311-x86_64-linux-gnu.so
7ad5e024a000-7ad5e024b000 r--p 0000b000 fb:70 3686941                    /home/ubuntu/task2/env/lib/python3.11/site-packages/scipy/stats/_levy_stable/levyst.cpython-311-x86_64-linux-gnu.so
7ad5e024b000-7ad5e024c000 rw-p 0000c000 fb:70 3686941                    /home/ubuntu/task2/env/lib/python3.11/site-packages/scipy/stats/_levy_stable/levyst.cpython-311-x86_64-linux-gnu.so
7ad5e024c000-7ad5e0252000 r--p 00000000 fb:70 3686174                    /home/ubuntu/task2/env/lib/python3.11/site-packages/scipy/linalg/cython_blas.cpython-311-x86_64-linux-gnu.so
7ad5e0252000-7ad5e0263000 r-xp 00006000 fb:70 3686174                    /home/ubuntu/task2/env/lib/python3.11/site-packages/scipy/linalg/cython_blas.cpython-311-x86_64-linux-gnu.so
7ad5e0263000-7ad5e026e000 r--p 00017000 fb:70 3686174                    /home/ubuntu/task2/env/lib/python3.11/site-packages/scipy/linalg/cython_blas.cpython-311-x86_64-linux-gnu.so
7ad5e026e000-7ad5e026f000 ---p 00022000 fb:70 3686174                    /home/ubuntu/task2/env/lib/python3.11/site-packages/scipy/linalg/cython_blas.cpython-311-x86_64-linux-gnu.so
7ad5e026f000-7ad5e0270000 r--p 00022000 fb:70 3686174                    /home/ubuntu/task2/env/lib/python3.11/site-packages/scipy/linalg/cython_blas.cpython-311-x86_64-linux-gnu.so
7ad5e0270000-7ad5e0272000 rw-p 00023000 fb:70 3686174                    /home/ubuntu/task2/env/lib/python3.11/site-packages/scipy/linalg/cython_blas.cpython-311-x86_64-linux-gnu.so
7ad5e0272000-7ad5e0277000 rw-p 0002d000 fb:70 3686174                    /home/ubuntu/task2/env/lib/python3.11/site-packages/scipy/linalg/cython_blas.cpython-311-x86_64-linux-gnu.so
7ad5e0277000-7ad5e027d000 r--p 00000000 fb:70 3686517                    /home/ubuntu/task2/env/lib/python3.11/site-packages/scipy/sparse/_csparsetools.cpython-311-x86_64-linux-gnu.so
7ad5e027d000-7ad5e02f0000 r-xp 00006000 fb:70 3686517                    /home/ubuntu/task2/env/lib/python3.11/site-packages/scipy/sparse/_csparsetools.cpython-311-x86_64-linux-gnu.so
7ad5e02f0000-7ad5e02fb000 r--p 00079000 fb:70 3686517                    /home/ubuntu/task2/env/lib/python3.11/site-packages/scipy/sparse/_csparsetools.cpython-311-x86_64-linux-gnu.so
7ad5e02fb000-7ad5e02fd000 r--p 00083000 fb:70 3686517                    /home/ubuntu/task2/env/lib/python3.11/site-packages/scipy/sparse/_csparsetools.cpython-311-x86_64-linux-gnu.so
7ad5e02fd000-7ad5e02ff000 rw-p 00085000 fb:70 3686517                    /home/ubuntu/task2/env/lib/python3.11/site-packages/scipy/sparse/_csparsetools.cpython-311-x86_64-linux-gnu.so
7ad5e02ff000-7ad5e0400000 rw-p 00000000 00:00 0 
7ad5e0400000-7ad5e0676000 r-xp 00000000 fb:70 3681755                    /home/ubuntu/task2/env/lib/python3.11/site-packages/numpy.libs/libgfortran-040039e1-0352e75f.so.5.0.0
7ad5e0676000-7ad5e0875000 ---p 00276000 fb:70 3681755                    /home/ubuntu/task2/env/lib/python3.11/site-packages/numpy.libs/libgfortran-040039e1-0352e75f.so.5.0.0
7ad5e0875000-7ad5e0876000 r--p 00275000 fb:70 3681755                    /home/ubuntu/task2/env/lib/python3.11/site-packages/numpy.libs/libgfortran-040039e1-0352e75f.so.5.0.0
7ad5e0876000-7ad5e0878000 rw-p 00276000 fb:70 3681755                    /home/ubuntu/task2/env/lib/python3.11/site-packages/numpy.libs/libgfortran-040039e1-0352e75f.so.5.0.0
7ad5e0878000-7ad5e08b1000 rw-p 0027b000 fb:70 3681755                    /home/ubuntu/task2/env/lib/python3.11/site-packages/numpy.libs/libgfortran-040039e1-0352e75f.so.5.0.0
7ad5e08b2000-7ad5e08b5000 r--p 00000000 fb:70 3686361                    /home/ubuntu/task2/env/lib/python3.11/site-packages/scipy/optimize/_lsq/givens_elimination.cpython-311-x86_64-linux-gnu.so
7ad5e08b5000-7ad5e08bc000 r-xp 00003000 fb:70 3686361                    /home/ubuntu/task2/env/lib/python3.11/site-packages/scipy/optimize/_lsq/givens_elimination.cpython-311-x86_64-linux-gnu.so
7ad5e08bc000-7ad5e08c0000 r--p 0000a000 fb:70 3686361                    /home/ubuntu/task2/env/lib/python3.11/site-packages/scipy/optimize/_lsq/givens_elimination.cpython-311-x86_64-linux-gnu.so
7ad5e08c0000-7ad5e08c1000 r--p 0000d000 fb:70 3686361                    /home/ubuntu/task2/env/lib/python3.11/site-packages/scipy/optimize/_lsq/givens_elimination.cpython-311-x86_64-linux-gnu.so
7ad5e08c1000-7ad5e08c2000 rw-p 0000e000 fb:70 3686361                    /home/ubuntu/task2/env/lib/python3.11/site-packages/scipy/optimize/_lsq/givens_elimination.cpython-311-x86_64-linux-gnu.so
7ad5e08c2000-7ad5e08c5000 r--p 00000000 fb:70 3686157                    /home/ubuntu/task2/env/lib/python3.11/site-packages/scipy/linalg/_linalg_pythran.cpython-311-x86_64-linux-gnu.so
7ad5e08c5000-7ad5e08d9000 r-xp 00003000 fb:70 3686157                    /home/ubuntu/task2/env/lib/python3.11/site-packages/scipy/linalg/_linalg_pythran.cpython-311-x86_64-linux-gnu.so
7ad5e08d9000-7ad5e08dd000 r--p 00017000 fb:70 3686157                    /home/ubuntu/task2/env/lib/python3.11/site-packages/scipy/linalg/_linalg_pythran.cpython-311-x86_64-linux-gnu.so
7ad5e08dd000-7ad5e08de000 r--p 0001a000 fb:70 3686157                    /home/ubuntu/task2/env/lib/python3.11/site-packages/scipy/linalg/_linalg_pythran.cpython-311-x86_64-linux-gnu.so
7ad5e08de000-7ad5e08df000 rw-p 0001b000 fb:70 3686157                    /home/ubuntu/task2/env/lib/python3.11/site-packages/scipy/linalg/_linalg_pythran.cpython-311-x86_64-linux-gnu.so
7ad5e08df000-7ad5e08e3000 r--p 00000000 fb:70 3686168                    /home/ubuntu/task2/env/lib/python3.11/site-packages/scipy/linalg/_solve_toeplitz.cpython-311-x86_64-linux-gnu.so
7ad5e08e3000-7ad5e08f7000 r-xp 00004000 fb:70 3686168                    /home/ubuntu/task2/env/lib/python3.11/site-packages/scipy/linalg/_solve_toeplitz.cpython-311-x86_64-linux-gnu.so
7ad5e08f7000-7ad5e08fd000 r--p 00018000 fb:70 3686168                    /home/ubuntu/task2/env/lib/python3.11/site-packages/scipy/linalg/_solve_toeplitz.cpython-311-x86_64-linux-gnu.so
7ad5e08fd000-7ad5e08fe000 r--p 0001d000 fb:70 3686168                    /home/ubuntu/task2/env/lib/python3.11/site-packages/scipy/linalg/_solve_toeplitz.cpython-311-x86_64-linux-gnu.so
7ad5e08fe000-7ad5e08ff000 rw-p 0001e000 fb:70 3686168                    /home/ubuntu/task2/env/lib/python3.11/site-packages/scipy/linalg/_solve_toeplitz.cpython-311-x86_64-linux-gnu.so
7ad5e08ff000-7ad5e0a00000 rw-p 00000000 00:00 0 
7ad5e0a00000-7ad5e0acf000 r--p 00000000 fb:70 3681757                    /home/ubuntu/task2/env/lib/python3.11/site-packages/numpy.libs/libscipy_openblas64_-56d6093b.so
7ad5e0acf000-7ad5e1dca000 r-xp 000cf000 fb:70 3681757                    /home/ubuntu/task2/env/lib/python3.11/site-packages/numpy.libs/libscipy_openblas64_-56d6093b.so
7ad5e1dca000-7ad5e1fb2000 r--p 013ca000 fb:70 3681757                    /home/ubuntu/task2/env/lib/python3.11/site-packages/numpy.libs/libscipy_openblas64_-56d6093b.so
7ad5e1fb2000-7ad5e1fb3000 ---p 015b2000 fb:70 3681757                    /home/ubuntu/task2/env/lib/python3.11/site-packages/numpy.libs/libscipy_openblas64_-56d6093b.so
7ad5e1fb3000-7ad5e1fbb000 r--p 015b2000 fb:70 3681757                    /home/ubuntu/task2/env/lib/python3.11/site-packages/numpy.libs/libscipy_openblas64_-56d6093b.so
7ad5e1fbb000-7ad5e1fca000 rw-p 015ba000 fb:70 3681757                    /home/ubuntu/task2/env/lib/python3.11/site-packages/numpy.libs/libscipy_openblas64_-56d6093b.so
7ad5e1fca000-7ad5e1fd3000 rw-p 00000000 00:00 0 
7ad5e1fd3000-7ad5e1fd7000 ---p 015d3000 fb:70 3681757                    /home/ubuntu/task2/env/lib/python3.11/site-packages/numpy.libs/libscipy_openblas64_-56d6093b.so
7ad5e1fd7000-7ad5e210e000 rw-p 016a6000 fb:70 3681757                    /home/ubuntu/task2/env/lib/python3.11/site-packages/numpy.libs/libscipy_openblas64_-56d6093b.so
7ad5e210f000-7ad5e2113000 r--p 00000000 fb:70 3686145                    /home/ubuntu/task2/env/lib/python3.11/site-packages/scipy/linalg/_decomp_lu_cython.cpython-311-x86_64-linux-gnu.so
7ad5e2113000-7ad5e2123000 r-xp 00004000 fb:70 3686145                    /home/ubuntu/task2/env/lib/python3.11/site-packages/scipy/linalg/_decomp_lu_cython.cpython-311-x86_64-linux-gnu.so
7ad5e2123000-7ad5e2127000 r--p 00014000 fb:70 3686145                    /home/ubuntu/task2/env/lib/python3.11/site-packages/scipy/linalg/_decomp_lu_cython.cpython-311-x86_64-linux-gnu.so
7ad5e2127000-7ad5e2128000 ---p 00018000 fb:70 3686145                    /home/ubuntu/task2/env/lib/python3.11/site-packages/scipy/linalg/_decomp_lu_cython.cpython-311-x86_64-linux-gnu.so
7ad5e2128000-7ad5e2129000 r--p 00018000 fb:70 3686145                    /home/ubuntu/task2/env/lib/python3.11/site-packages/scipy/linalg/_decomp_lu_cython.cpython-311-x86_64-linux-gnu.so
7ad5e2129000-7ad5e212a000 rw-p 00019000 fb:70 3686145                    /home/ubuntu/task2/env/lib/python3.11/site-packages/scipy/linalg/_decomp_lu_cython.cpython-311-x86_64-linux-gnu.so
7ad5e212a000-7ad5e2138000 r--p 00000000 fb:70 3573377                    /home/ubuntu/task2/env/lib/python3.11/site-packages/safetensors/_safetensors_rust.abi3.so
7ad5e2138000-7ad5e21cc000 r-xp 0000e000 fb:70 3573377                    /home/ubuntu/task2/env/lib/python3.11/site-packages/safetensors/_safetensors_rust.abi3.so
7ad5e21cc000-7ad5e21f6000 r--p 000a2000 fb:70 3573377                    /home/ubuntu/task2/env/lib/python3.11/site-packages/safetensors/_safetensors_rust.abi3.so
7ad5e21f6000-7ad5e21f7000 ---p 000cc000 fb:70 3573377                    /home/ubuntu/task2/env/lib/python3.11/site-packages/safetensors/_safetensors_rust.abi3.so
7ad5e21f7000-7ad5e21ff000 r--p 000cc000 fb:70 3573377                    /home/ubuntu/task2/env/lib/python3.11/site-packages/safetensors/_safetensors_rust.abi3.so
7ad5e21ff000-7ad5e2200000 rw-p 000d4000 fb:70 3573377                    /home/ubuntu/task2/env/lib/python3.11/site-packages/safetensors/_safetensors_rust.abi3.so
7ad5e2200000-7ad5e222b000 r--p 00000000 fb:70 3680688                    /home/ubuntu/task2/env/lib/python3.11/site-packages/numpy/_core/_multiarray_umath.cpython-311-x86_64-linux-gnu.so
7ad5e222b000-7ad5e2a13000 r-xp 0002b000 fb:70 3680688                    /home/ubuntu/task2/env/lib/python3.11/site-packages/numpy/_core/_multiarray_umath.cpython-311-x86_64-linux-gnu.so
7ad5e2a13000-7ad5e2ba4000 r--p 00813000 fb:70 3680688                    /home/ubuntu/task2/env/lib/python3.11/site-packages/numpy/_core/_multiarray_umath.cpython-311-x86_64-linux-gnu.so
7ad5e2ba4000-7ad5e2ba7000 r--p 009a3000 fb:70 3680688                    /home/ubuntu/task2/env/lib/python3.11/site-packages/numpy/_core/_multiarray_umath.cpython-311-x86_64-linux-gnu.so
7ad5e2ba7000-7ad5e2bca000 rw-p 009a6000 fb:70 3680688                    /home/ubuntu/task2/env/lib/python3.11/site-packages/numpy/_core/_multiarray_umath.cpython-311-x86_64-linux-gnu.so
7ad5e2bca000-7ad5e2be1000 rw-p 00000000 00:00 0 
7ad5e2be1000-7ad5e2bec000 rw-p 00a42000 fb:70 3680688                    /home/ubuntu/task2/env/lib/python3.11/site-packages/numpy/_core/_multiarray_umath.cpython-311-x86_64-linux-gnu.so
7ad5e2bee000-7ad5e2bf2000 r--p 00000000 fb:70 3685523                    /home/ubuntu/task2/env/lib/python3.11/site-packages/scipy/_lib/messagestream.cpython-311-x86_64-linux-gnu.so
7ad5e2bf2000-7ad5e2bfa000 r-xp 00004000 fb:70 3685523                    /home/ubuntu/task2/env/lib/python3.11/site-packages/scipy/_lib/messagestream.cpython-311-x86_64-linux-gnu.so
7ad5e2bfa000-7ad5e2bfd000 r--p 0000c000 fb:70 3685523                    /home/ubuntu/task2/env/lib/python3.11/site-packages/scipy/_lib/messagestream.cpython-311-x86_64-linux-gnu.so
7ad5e2bfd000-7ad5e2bfe000 r--p 0000e000 fb:70 3685523                    /home/ubuntu/task2/env/lib/python3.11/site-packages/scipy/_lib/messagestream.cpython-311-x86_64-linux-gnu.so
7ad5e2bfe000-7ad5e2bff000 rw-p 0000f000 fb:70 3685523                    /home/ubuntu/task2/env/lib/python3.11/site-packages/scipy/_lib/messagestream.cpython-311-x86_64-linux-gnu.so
7ad5e2bff000-7ad5e2c00000 rw-p 00000000 00:00 0 
7ad5e2c00000-7ad5e2dc5000 r--p 00000000 08:02 184289808                  /usr/lib/x86_64-linux-gnu/libcuda.so.575.57.08
7ad5e2dc5000-7ad5e3c5c000 r-xp 001c5000 08:02 184289808                  /usr/lib/x86_64-linux-gnu/libcuda.so.575.57.08
7ad5e3c5c000-7ad5e8239000 r--p 0105c000 08:02 184289808                  /usr/lib/x86_64-linux-gnu/libcuda.so.575.57.08
7ad5e8239000-7ad5e823a000 ---p 05639000 08:02 184289808                  /usr/lib/x86_64-linux-gnu/libcuda.so.575.57.08
7ad5e823a000-7ad5e8367000 r--p 05639000 08:02 184289808                  /usr/lib/x86_64-linux-gnu/libcuda.so.575.57.08
7ad5e8367000-7ad5e840b000 rw-p 05766000 08:02 184289808                  /usr/lib/x86_64-linux-gnu/libcuda.so.575.57.08
7ad5e840b000-7ad5e847b000 rw-p 00000000 00:00 0 
7ad5e8480000-7ad5e8485000 r--p 00000000 fb:70 3686759                    /home/ubuntu/task2/env/lib/python3.11/site-packages/scipy/special/_specfun.cpython-311-x86_64-linux-gnu.so
7ad5e8485000-7ad5e84ac000 r-xp 00005000 fb:70 3686759                    /home/ubuntu/task2/env/lib/python3.11/site-packages/scipy/special/_specfun.cpython-311-x86_64-linux-gnu.so
7ad5e84ac000-7ad5e84b2000 r--p 0002c000 fb:70 3686759                    /home/ubuntu/task2/env/lib/python3.11/site-packages/scipy/special/_specfun.cpython-311-x86_64-linux-gnu.so
7ad5e84b2000-7ad5e84b3000 r--p 00031000 fb:70 3686759                    /home/ubuntu/task2/env/lib/python3.11/site-packages/scipy/special/_specfun.cpython-311-x86_64-linux-gnu.so
7ad5e84b3000-7ad5e84b4000 rw-p 00032000 fb:70 3686759                    /home/ubuntu/task2/env/lib/python3.11/site-packages/scipy/special/_specfun.cpython-311-x86_64-linux-gnu.so
7ad5e84b4000-7ad5e84b5000 rw-p 00000000 00:00 0 
7ad5e84b5000-7ad5e84b9000 r--p 00000000 fb:70 3686749                    /home/ubuntu/task2/env/lib/python3.11/site-packages/scipy/special/_ellip_harm_2.cpython-311-x86_64-linux-gnu.so
7ad5e84b9000-7ad5e84cb000 r-xp 00004000 fb:70 3686749                    /home/ubuntu/task2/env/lib/python3.11/site-packages/scipy/special/_ellip_harm_2.cpython-311-x86_64-linux-gnu.so
7ad5e84cb000-7ad5e84ce000 r--p 00016000 fb:70 3686749                    /home/ubuntu/task2/env/lib/python3.11/site-packages/scipy/special/_ellip_harm_2.cpython-311-x86_64-linux-gnu.so
7ad5e84ce000-7ad5e84cf000 ---p 00019000 fb:70 3686749                    /home/ubuntu/task2/env/lib/python3.11/site-packages/scipy/special/_ellip_harm_2.cpython-311-x86_64-linux-gnu.so
7ad5e84cf000-7ad5e84d0000 r--p 00019000 fb:70 3686749                    /home/ubuntu/task2/env/lib/python3.11/site-packages/scipy/special/_ellip_harm_2.cpython-311-x86_64-linux-gnu.so
7ad5e84d0000-7ad5e84d1000 rw-p 0001a000 fb:70 3686749                    /home/ubuntu/task2/env/lib/python3.11/site-packages/scipy/special/_ellip_harm_2.cpython-311-x86_64-linux-gnu.so
7ad5e84d1000-7ad5e84d4000 rw-p 00020000 fb:70 3686749                    /home/ubuntu/task2/env/lib/python3.11/site-packages/scipy/special/_ellip_harm_2.cpython-311-x86_64-linux-gnu.so
7ad5e84d4000-7ad5e84d9000 r--p 00000000 fb:70 3685494                    /home/ubuntu/task2/env/lib/python3.11/site-packages/scipy/_cyutility.cpython-311-x86_64-linux-gnu.so
7ad5e84d9000-7ad5e84f6000 r-xp 00005000 fb:70 3685494                    /home/ubuntu/task2/env/lib/python3.11/site-packages/scipy/_cyutility.cpython-311-x86_64-linux-gnu.so
7ad5e84f6000-7ad5e84fc000 r--p 00022000 fb:70 3685494                    /home/ubuntu/task2/env/lib/python3.11/site-packages/scipy/_cyutility.cpython-311-x86_64-linux-gnu.so
7ad5e84fc000-7ad5e84fd000 ---p 00028000 fb:70 3685494                    /home/ubuntu/task2/env/lib/python3.11/site-packages/scipy/_cyutility.cpython-311-x86_64-linux-gnu.so
7ad5e84fd000-7ad5e84fe000 r--p 00028000 fb:70 3685494                    /home/ubuntu/task2/env/lib/python3.11/site-packages/scipy/_cyutility.cpython-311-x86_64-linux-gnu.so
7ad5e84fe000-7ad5e8500000 rw-p 00029000 fb:70 3685494                    /home/ubuntu/task2/env/lib/python3.11/site-packages/scipy/_cyutility.cpython-311-x86_64-linux-gnu.so
7ad5e8500000-7ad5e8600000 rw-p 00000000 00:00 0 
7ad5e8600000-7ad5f7ae3000 r-xp 00000000 fb:70 3680338                    /home/ubuntu/task2/env/lib/python3.11/site-packages/nvidia/nccl/lib/libnccl.so.2
7ad5f7ae3000-7ad5f7ce3000 ---p 0f4e3000 fb:70 3680338                    /home/ubuntu/task2/env/lib/python3.11/site-packages/nvidia/nccl/lib/libnccl.so.2
7ad5f7ce3000-7ad5f7ced000 r--p 0f4e3000 fb:70 3680338                    /home/ubuntu/task2/env/lib/python3.11/site-packages/nvidia/nccl/lib/libnccl.so.2
7ad5f7ced000-7ad5f7d00000 rw-p 0f4ed000 fb:70 3680338                    /home/ubuntu/task2/env/lib/python3.11/site-packages/nvidia/nccl/lib/libnccl.so.2
7ad5f7d00000-7ad5f7d32000 rw-p 00000000 00:00 0 
7ad5f7d34000-7ad5f7d36000 r--p 00000000 08:02 58488171                   /opt/conda/lib/python3.11/lib-dynload/_zoneinfo.cpython-311-x86_64-linux-gnu.so
7ad5f7d36000-7ad5f7d3b000 r-xp 00002000 08:02 58488171                   /opt/conda/lib/python3.11/lib-dynload/_zoneinfo.cpython-311-x86_64-linux-gnu.so
7ad5f7d3b000-7ad5f7d3c000 r--p 00007000 08:02 58488171                   /opt/conda/lib/python3.11/lib-dynload/_zoneinfo.cpython-311-x86_64-linux-gnu.so
7ad5f7d3c000-7ad5f7d3d000 r--p 00008000 08:02 58488171                   /opt/conda/lib/python3.11/lib-dynload/_zoneinfo.cpython-311-x86_64-linux-gnu.so
7ad5f7d3d000-7ad5f7d3e000 rw-p 00009000 08:02 58488171                   /opt/conda/lib/python3.11/lib-dynload/_zoneinfo.cpython-311-x86_64-linux-gnu.so
7ad5f7d3e000-7ad5f7d41000 r--p 00000000 fb:70 3686747                    /home/ubuntu/task2/env/lib/python3.11/site-packages/scipy/special/_comb.cpython-311-x86_64-linux-gnu.so
7ad5f7d41000-7ad5f7d47000 r-xp 00003000 fb:70 3686747                    /home/ubuntu/task2/env/lib/python3.11/site-packages/scipy/special/_comb.cpython-311-x86_64-linux-gnu.so
7ad5f7d47000-7ad5f7d49000 r--p 00009000 fb:70 3686747                    /home/ubuntu/task2/env/lib/python3.11/site-packages/scipy/special/_comb.cpython-311-x86_64-linux-gnu.so
7ad5f7d49000-7ad5f7d4a000 r--p 0000a000 fb:70 3686747                    /home/ubuntu/task2/env/lib/python3.11/site-packages/scipy/special/_comb.cpython-311-x86_64-linux-gnu.so
7ad5f7d4a000-7ad5f7d4b000 rw-p 0000b000 fb:70 3686747                    /home/ubuntu/task2/env/lib/python3.11/site-packages/scipy/special/_comb.cpython-311-x86_64-linux-gnu.so
7ad5f7d4b000-7ad5f7d54000 r--p 00000000 fb:70 3681517                    /home/ubuntu/task2/env/lib/python3.11/site-packages/numpy/random/mtrand.cpython-311-x86_64-linux-gnu.so
7ad5f7d54000-7ad5f7da4000 r-xp 00009000 fb:70 3681517                    /home/ubuntu/task2/env/lib/python3.11/site-packages/numpy/random/mtrand.cpython-311-x86_64-linux-gnu.so
7ad5f7da4000-7ad5f7df9000 r--p 00059000 fb:70 3681517                    /home/ubuntu/task2/env/lib/python3.11/site-packages/numpy/random/mtrand.cpython-311-x86_64-linux-gnu.so
7ad5f7df9000-7ad5f7dfc000 r--p 000ad000 fb:70 3681517                    /home/ubuntu/task2/env/lib/python3.11/site-packages/numpy/random/mtrand.cpython-311-x86_64-linux-gnu.so
7ad5f7dfc000-7ad5f7dfe000 rw-p 000b0000 fb:70 3681517                    /home/ubuntu/task2/env/lib/python3.11/site-packages/numpy/random/mtrand.cpython-311-x86_64-linux-gnu.so
7ad5f7dfe000-7ad5f7e00000 rw-p 00000000 00:00 0 
7ad5f7e00000-7ad611669000 r-xp 00000000 fb:70 3680622                    /home/ubuntu/task2/env/lib/python3.11/site-packages/nvidia/cublas/lib/libcublasLt.so.12
7ad611669000-7ad611869000 ---p 19869000 fb:70 3680622                    /home/ubuntu/task2/env/lib/python3.11/site-packages/nvidia/cublas/lib/libcublasLt.so.12
7ad611869000-7ad611aa7000 r--p 19869000 fb:70 3680622                    /home/ubuntu/task2/env/lib/python3.11/site-packages/nvidia/cublas/lib/libcublasLt.so.12
7ad611aa7000-7ad61545b000 rw-p 19aa7000 fb:70 3680622                    /home/ubuntu/task2/env/lib/python3.11/site-packages/nvidia/cublas/lib/libcublasLt.so.12
7ad61545b000-7ad61962c000 rw-p 00000000 00:00 0 
7ad619630000-7ad619634000 r--p 00000000 fb:70 3685505                    /home/ubuntu/task2/env/lib/python3.11/site-packages/scipy/_lib/_ccallback_c.cpython-311-x86_64-linux-gnu.so
7ad619634000-7ad619640000 r-xp 00004000 fb:70 3685505                    /home/ubuntu/task2/env/lib/python3.11/site-packages/scipy/_lib/_ccallback_c.cpython-311-x86_64-linux-gnu.so
7ad619640000-7ad619643000 r--p 00010000 fb:70 3685505                    /home/ubuntu/task2/env/lib/python3.11/site-packages/scipy/_lib/_ccallback_c.cpython-311-x86_64-linux-gnu.so
7ad619643000-7ad619644000 r--p 00012000 fb:70 3685505                    /home/ubuntu/task2/env/lib/python3.11/site-packages/scipy/_lib/_ccallback_c.cpython-311-x86_64-linux-gnu.so
7ad619644000-7ad619645000 rw-p 00013000 fb:70 3685505                    /home/ubuntu/task2/env/lib/python3.11/site-packages/scipy/_lib/_ccallback_c.cpython-311-x86_64-linux-gnu.so
7ad619645000-7ad619646000 rw-p 00000000 00:00 0 
7ad619646000-7ad61964a000 r--p 00000000 08:02 58486551                   /opt/conda/lib/libexpat.so.1.10.1
7ad61964a000-7ad619666000 r-xp 00004000 08:02 58486551                   /opt/conda/lib/libexpat.so.1.10.1
7ad619666000-7ad61966e000 r--p 00020000 08:02 58486551                   /opt/conda/lib/libexpat.so.1.10.1
7ad61966e000-7ad619670000 r--p 00028000 08:02 58486551                   /opt/conda/lib/libexpat.so.1.10.1
7ad619670000-7ad619671000 rw-p 0002a000 08:02 58486551                   /opt/conda/lib/libexpat.so.1.10.1
7ad619671000-7ad619676000 r--p 00000000 08:02 58488182                   /opt/conda/lib/python3.11/lib-dynload/pyexpat.cpython-311-x86_64-linux-gnu.so
7ad619676000-7ad61967b000 r-xp 00005000 08:02 58488182                   /opt/conda/lib/python3.11/lib-dynload/pyexpat.cpython-311-x86_64-linux-gnu.so
7ad61967b000-7ad61967f000 r--p 0000a000 08:02 58488182                   /opt/conda/lib/python3.11/lib-dynload/pyexpat.cpython-311-x86_64-linux-gnu.so
7ad61967f000-7ad619680000 r--p 0000d000 08:02 58488182                   /opt/conda/lib/python3.11/lib-dynload/pyexpat.cpython-311-x86_64-linux-gnu.so
7ad619680000-7ad619682000 rw-p 0000e000 08:02 58488182                   /opt/conda/lib/python3.11/lib-dynload/pyexpat.cpython-311-x86_64-linux-gnu.so
7ad619682000-7ad619684000 r--p 00000000 fb:70 3681298                    /home/ubuntu/task2/env/lib/python3.11/site-packages/numpy/fft/_pocketfft_umath.cpython-311-x86_64-linux-gnu.so
7ad619684000-7ad6196f8000 r-xp 00002000 fb:70 3681298                    /home/ubuntu/task2/env/lib/python3.11/site-packages/numpy/fft/_pocketfft_umath.cpython-311-x86_64-linux-gnu.so
7ad6196f8000-7ad6196fe000 r--p 00076000 fb:70 3681298                    /home/ubuntu/task2/env/lib/python3.11/site-packages/numpy/fft/_pocketfft_umath.cpython-311-x86_64-linux-gnu.so
7ad6196fe000-7ad6196ff000 r--p 0007b000 fb:70 3681298                    /home/ubuntu/task2/env/lib/python3.11/site-packages/numpy/fft/_pocketfft_umath.cpython-311-x86_64-linux-gnu.so
7ad6196ff000-7ad619700000 rw-p 0007c000 fb:70 3681298                    /home/ubuntu/task2/env/lib/python3.11/site-packages/numpy/fft/_pocketfft_umath.cpython-311-x86_64-linux-gnu.so
7ad619700000-7ad619800000 rw-p 00000000 00:00 0 
7ad619800000-7ad61ff28000 r-xp 00000000 fb:70 3680621                    /home/ubuntu/task2/env/lib/python3.11/site-packages/nvidia/cublas/lib/libcublas.so.12
7ad61ff28000-7ad620128000 ---p 06728000 fb:70 3680621                    /home/ubuntu/task2/env/lib/python3.11/site-packages/nvidia/cublas/lib/libcublas.so.12
7ad620128000-7ad620134000 r--p 06728000 fb:70 3680621                    /home/ubuntu/task2/env/lib/python3.11/site-packages/nvidia/cublas/lib/libcublas.so.12
7ad620134000-7ad62013b000 rw-p 06734000 fb:70 3680621                    /home/ubuntu/task2/env/lib/python3.11/site-packages/nvidia/cublas/lib/libcublas.so.12
7ad62013b000-7ad620147000 rw-p 00000000 00:00 0 
7ad620147000-7ad620149000 r--p 00000000 fb:70 3693687                    /home/ubuntu/task2/env/lib/python3.11/site-packages/pandas/_libs/pandas_parser.cpython-311-x86_64-linux-gnu.so
7ad620149000-7ad62014f000 r-xp 00002000 fb:70 3693687                    /home/ubuntu/task2/env/lib/python3.11/site-packages/pandas/_libs/pandas_parser.cpython-311-x86_64-linux-gnu.so
7ad62014f000-7ad620151000 r--p 00008000 fb:70 3693687                    /home/ubuntu/task2/env/lib/python3.11/site-packages/pandas/_libs/pandas_parser.cpython-311-x86_64-linux-gnu.so
7ad620151000-7ad620152000 r--p 00009000 fb:70 3693687                    /home/ubuntu/task2/env/lib/python3.11/site-packages/pandas/_libs/pandas_parser.cpython-311-x86_64-linux-gnu.so
7ad620152000-7ad620153000 rw-p 0000a000 fb:70 3693687                    /home/ubuntu/task2/env/lib/python3.11/site-packages/pandas/_libs/pandas_parser.cpython-311-x86_64-linux-gnu.so
7ad620153000-7ad620157000 r--p 00000000 08:02 58488136                   /opt/conda/lib/python3.11/lib-dynload/_elementtree.cpython-311-x86_64-linux-gnu.so
7ad620157000-7ad620160000 r-xp 00004000 08:02 58488136                   /opt/conda/lib/python3.11/lib-dynload/_elementtree.cpython-311-x86_64-linux-gnu.so
7ad620160000-7ad620164000 r--p 0000d000 08:02 58488136                   /opt/conda/lib/python3.11/lib-dynload/_elementtree.cpython-311-x86_64-linux-gnu.so
7ad620164000-7ad620165000 r--p 00010000 08:02 58488136                   /opt/conda/lib/python3.11/lib-dynload/_elementtree.cpython-311-x86_64-linux-gnu.so
7ad620165000-7ad620167000 rw-p 00011000 08:02 58488136                   /opt/conda/lib/python3.11/lib-dynload/_elementtree.cpython-311-x86_64-linux-gnu.so
7ad620167000-7ad62016b000 r--p 00000000 fb:70 3681495                    /home/ubuntu/task2/env/lib/python3.11/site-packages/numpy/random/_bounded_integers.cpython-311-x86_64-linux-gnu.so
7ad62016b000-7ad6201a9000 r-xp 00004000 fb:70 3681495                    /home/ubuntu/task2/env/lib/python3.11/site-packages/numpy/random/_bounded_integers.cpython-311-x86_64-linux-gnu.so
7ad6201a9000-7ad6201b1000 r--p 00042000 fb:70 3681495                    /home/ubuntu/task2/env/lib/python3.11/site-packages/numpy/random/_bounded_integers.cpython-311-x86_64-linux-gnu.so
7ad6201b1000-7ad6201b2000 r--p 0004a000 fb:70 3681495                    /home/ubuntu/task2/env/lib/python3.11/site-packages/numpy/random/_bounded_integers.cpython-311-x86_64-linux-gnu.so
7ad6201b2000-7ad6201b3000 rw-p 0004b000 fb:70 3681495                    /home/ubuntu/task2/env/lib/python3.11/site-packages/numpy/random/_bounded_integers.cpython-311-x86_64-linux-gnu.so
7ad6201b3000-7ad6201b4000 rw-p 00000000 00:00 0 
7ad6201b4000-7ad6201bb000 r--p 00000000 08:02 58488135                   /opt/conda/lib/python3.11/lib-dynload/_decimal.cpython-311-x86_64-linux-gnu.so
7ad6201bb000-7ad6201ec000 r-xp 00007000 08:02 58488135                   /opt/conda/lib/python3.11/lib-dynload/_decimal.cpython-311-x86_64-linux-gnu.so
7ad6201ec000-7ad6201fc000 r--p 00038000 08:02 58488135                   /opt/conda/lib/python3.11/lib-dynload/_decimal.cpython-311-x86_64-linux-gnu.so
7ad6201fc000-7ad6201fd000 r--p 00048000 08:02 58488135                   /opt/conda/lib/python3.11/lib-dynload/_decimal.cpython-311-x86_64-linux-gnu.so
7ad6201fd000-7ad620200000 rw-p 00049000 08:02 58488135                   /opt/conda/lib/python3.11/lib-dynload/_decimal.cpython-311-x86_64-linux-gnu.so
7ad620200000-7ad6249cf000 r-xp 00000000 fb:70 3680375                    /home/ubuntu/task2/env/lib/python3.11/site-packages/nvidia/curand/lib/libcurand.so.10
7ad6249cf000-7ad624bcf000 ---p 047cf000 fb:70 3680375                    /home/ubuntu/task2/env/lib/python3.11/site-packages/nvidia/curand/lib/libcurand.so.10
7ad624bcf000-7ad624bd5000 r--p 047cf000 fb:70 3680375                    /home/ubuntu/task2/env/lib/python3.11/site-packages/nvidia/curand/lib/libcurand.so.10
7ad624bd5000-7ad626001000 rw-p 047d5000 fb:70 3680375                    /home/ubuntu/task2/env/lib/python3.11/site-packages/nvidia/curand/lib/libcurand.so.10
7ad626001000-7ad626639000 rw-p 00000000 00:00 0 
7ad626639000-7ad62663b000 r--p 00000000 fb:70 3693699                    /home/ubuntu/task2/env/lib/python3.11/site-packages/pandas/_libs/pandas_datetime.cpython-311-x86_64-linux-gnu.so
7ad62663b000-7ad626640000 r-xp 00002000 fb:70 3693699                    /home/ubuntu/task2/env/lib/python3.11/site-packages/pandas/_libs/pandas_datetime.cpython-311-x86_64-linux-gnu.so
7ad626640000-7ad626642000 r--p 00007000 fb:70 3693699                    /home/ubuntu/task2/env/lib/python3.11/site-packages/pandas/_libs/pandas_datetime.cpython-311-x86_64-linux-gnu.so
7ad626642000-7ad626643000 r--p 00008000 fb:70 3693699                    /home/ubuntu/task2/env/lib/python3.11/site-packages/pandas/_libs/pandas_datetime.cpython-311-x86_64-linux-gnu.so
7ad626643000-7ad626644000 rw-p 00009000 fb:70 3693699                    /home/ubuntu/task2/env/lib/python3.11/site-packages/pandas/_libs/pandas_datetime.cpython-311-x86_64-linux-gnu.so
7ad626644000-7ad626648000 r--p 00000000 fb:70 3681498                    /home/ubuntu/task2/env/lib/python3.11/site-packages/numpy/random/_common.cpython-311-x86_64-linux-gnu.so
7ad626648000-7ad626679000 r-xp 00004000 fb:70 3681498                    /home/ubuntu/task2/env/lib/python3.11/site-packages/numpy/random/_common.cpython-311-x86_64-linux-gnu.so
7ad626679000-7ad62667d000 r--p 00035000 fb:70 3681498                    /home/ubuntu/task2/env/lib/python3.11/site-packages/numpy/random/_common.cpython-311-x86_64-linux-gnu.so
7ad62667d000-7ad62667e000 r--p 00039000 fb:70 3681498                    /home/ubuntu/task2/env/lib/python3.11/site-packages/numpy/random/_common.cpython-311-x86_64-linux-gnu.so
7ad62667e000-7ad62667f000 rw-p 0003a000 fb:70 3681498                    /home/ubuntu/task2/env/lib/python3.11/site-packages/numpy/random/_common.cpython-311-x86_64-linux-gnu.so
7ad62667f000-7ad626680000 rw-p 00000000 00:00 0 
7ad626680000-7ad626684000 r--p 00000000 fb:70 3680102                    /home/ubuntu/task2/env/lib/python3.11/site-packages/pillow.libs/liblzma-64b7ab39.so.5.8.1
7ad626684000-7ad6266b1000 r-xp 00004000 fb:70 3680102                    /home/ubuntu/task2/env/lib/python3.11/site-packages/pillow.libs/liblzma-64b7ab39.so.5.8.1
7ad6266b1000-7ad6266be000 r--p 00031000 fb:70 3680102                    /home/ubuntu/task2/env/lib/python3.11/site-packages/pillow.libs/liblzma-64b7ab39.so.5.8.1
7ad6266be000-7ad6266bf000 r--p 0003e000 fb:70 3680102                    /home/ubuntu/task2/env/lib/python3.11/site-packages/pillow.libs/liblzma-64b7ab39.so.5.8.1
7ad6266bf000-7ad6266c2000 rw-p 0003f000 fb:70 3680102                    /home/ubuntu/task2/env/lib/python3.11/site-packages/pillow.libs/liblzma-64b7ab39.so.5.8.1
7ad6266c2000-7ad6266ce000 r--p 00000000 fb:70 3680110                    /home/ubuntu/task2/env/lib/python3.11/site-packages/pillow.libs/libxcb-55eab65a.so.1.1.0
7ad6266ce000-7ad6266e9000 r-xp 0000c000 fb:70 3680110                    /home/ubuntu/task2/env/lib/python3.11/site-packages/pillow.libs/libxcb-55eab65a.so.1.1.0
7ad6266e9000-7ad6266f3000 r--p 00027000 fb:70 3680110                    /home/ubuntu/task2/env/lib/python3.11/site-packages/pillow.libs/libxcb-55eab65a.so.1.1.0
7ad6266f3000-7ad6266f4000 r--p 00030000 fb:70 3680110                    /home/ubuntu/task2/env/lib/python3.11/site-packages/pillow.libs/libxcb-55eab65a.so.1.1.0
7ad6266f4000-7ad6266f5000 rw-p 00031000 fb:70 3680110                    /home/ubuntu/task2/env/lib/python3.11/site-packages/pillow.libs/libxcb-55eab65a.so.1.1.0
7ad6266f5000-7ad626700000 rw-p 00033000 fb:70 3680110                    /home/ubuntu/task2/env/lib/python3.11/site-packages/pillow.libs/libxcb-55eab65a.so.1.1.0
7ad626700000-7ad626800000 rw-p 00000000 00:00 0 
7ad626800000-7ad626d7a000 r-xp 00000000 fb:70 3688268                    /home/ubuntu/task2/env/lib/python3.11/site-packages/nvidia/cufft/lib/libcufft.so.11
7ad626d7a000-7ad626f79000 ---p 0057a000 fb:70 3688268                    /home/ubuntu/task2/env/lib/python3.11/site-packages/nvidia/cufft/lib/libcufft.so.11
7ad626f79000-7ad626f86000 r--p 00579000 fb:70 3688268                    /home/ubuntu/task2/env/lib/python3.11/site-packages/nvidia/cufft/lib/libcufft.so.11
7ad626f86000-7ad637363000 rw-p 00586000 fb:70 3688268                    /home/ubuntu/task2/env/lib/python3.11/site-packages/nvidia/cufft/lib/libcufft.so.11
7ad637363000-7ad6376aa000 rw-p 00000000 00:00 0 
7ad6376aa000-7ad637800000 ---p 10eaa000 fb:70 3688268                    /home/ubuntu/task2/env/lib/python3.11/site-packages/nvidia/cufft/lib/libcufft.so.11
7ad637800000-7ad637801000 rw-p 10a00000 fb:70 3688268                    /home/ubuntu/task2/env/lib/python3.11/site-packages/nvidia/cufft/lib/libcufft.so.11
7ad637801000-7ad637807000 r--p 00000000 fb:70 3681513                    /home/ubuntu/task2/env/lib/python3.11/site-packages/numpy/random/bit_generator.cpython-311-x86_64-linux-gnu.so
7ad637807000-7ad637826000 r-xp 00006000 fb:70 3681513                    /home/ubuntu/task2/env/lib/python3.11/site-packages/numpy/random/bit_generator.cpython-311-x86_64-linux-gnu.so
7ad637826000-7ad637830000 r--p 00025000 fb:70 3681513                    /home/ubuntu/task2/env/lib/python3.11/site-packages/numpy/random/bit_generator.cpython-311-x86_64-linux-gnu.so
7ad637830000-7ad637831000 r--p 0002f000 fb:70 3681513                    /home/ubuntu/task2/env/lib/python3.11/site-packages/numpy/random/bit_generator.cpython-311-x86_64-linux-gnu.so
7ad637831000-7ad637833000 rw-p 00030000 fb:70 3681513                    /home/ubuntu/task2/env/lib/python3.11/site-packages/numpy/random/bit_generator.cpython-311-x86_64-linux-gnu.so
7ad637833000-7ad637834000 rw-p 00000000 00:00 0 
7ad637834000-7ad63783a000 r--p 00000000 fb:70 3680100                    /home/ubuntu/task2/env/lib/python3.11/site-packages/pillow.libs/libjpeg-b82026ff.so.62.4.0
7ad63783a000-7ad6378d1000 r-xp 00006000 fb:70 3680100                    /home/ubuntu/task2/env/lib/python3.11/site-packages/pillow.libs/libjpeg-b82026ff.so.62.4.0
7ad6378d1000-7ad6378fa000 r--p 0009d000 fb:70 3680100                    /home/ubuntu/task2/env/lib/python3.11/site-packages/pillow.libs/libjpeg-b82026ff.so.62.4.0
7ad6378fa000-7ad6378fb000 r--p 000c6000 fb:70 3680100                    /home/ubuntu/task2/env/lib/python3.11/site-packages/pillow.libs/libjpeg-b82026ff.so.62.4.0
7ad6378fb000-7ad637900000 rw-p 000c7000 fb:70 3680100                    /home/ubuntu/task2/env/lib/python3.11/site-packages/pillow.libs/libjpeg-b82026ff.so.62.4.0
7ad637900000-7ad637a00000 rw-p 00000000 00:00 0 
7ad637a00000-7ad6491ba000 r-xp 00000000 fb:70 3688244                    /home/ubuntu/task2/env/lib/python3.11/site-packages/nvidia/cusparse/lib/libcusparse.so.12
7ad6491ba000-7ad6493ba000 ---p 117ba000 fb:70 3688244                    /home/ubuntu/task2/env/lib/python3.11/site-packages/nvidia/cusparse/lib/libcusparse.so.12
7ad6493ba000-7ad6493c9000 r--p 117ba000 fb:70 3688244                    /home/ubuntu/task2/env/lib/python3.11/site-packages/nvidia/cusparse/lib/libcusparse.so.12
7ad6493c9000-7ad6493e5000 rw-p 117c9000 fb:70 3688244                    /home/ubuntu/task2/env/lib/python3.11/site-packages/nvidia/cusparse/lib/libcusparse.so.12
7ad6493e5000-7ad6493ea000 rw-p 00000000 00:00 0 
7ad6493ea000-7ad649400000 ---p 119ea000 fb:70 3688244                    /home/ubuntu/task2/env/lib/python3.11/site-packages/nvidia/cusparse/lib/libcusparse.so.12
7ad649400000-7ad649405000 rw-p 11800000 fb:70 3688244                    /home/ubuntu/task2/env/lib/python3.11/site-packages/nvidia/cusparse/lib/libcusparse.so.12
7ad649406000-7ad64942a000 r--p 00000000 08:02 58486721                   /opt/conda/lib/libssl.so.3
7ad64942a000-7ad6494c2000 r-xp 00024000 08:02 58486721                   /opt/conda/lib/libssl.so.3
7ad6494c2000-7ad6494f2000 r--p 000bc000 08:02 58486721                   /opt/conda/lib/libssl.so.3
7ad6494f2000-7ad6494fc000 r--p 000ec000 08:02 58486721                   /opt/conda/lib/libssl.so.3
7ad6494fc000-7ad649500000 rw-p 000f6000 08:02 58486721                   /opt/conda/lib/libssl.so.3
7ad649500000-7ad649600000 rw-p 00000000 00:00 0 
7ad649600000-7ad6496bb000 r--p 00000000 fb:70 3680592                    /home/ubuntu/task2/env/lib/python3.11/site-packages/nvidia/cuda_cupti/lib/libcupti.so.12
7ad6496bb000-7ad649b58000 r-xp 000bb000 fb:70 3680592                    /home/ubuntu/task2/env/lib/python3.11/site-packages/nvidia/cuda_cupti/lib/libcupti.so.12
7ad649b58000-7ad649caf000 r--p 00558000 fb:70 3680592                    /home/ubuntu/task2/env/lib/python3.11/site-packages/nvidia/cuda_cupti/lib/libcupti.so.12
7ad649caf000-7ad649cfc000 r--p 006ae000 fb:70 3680592                    /home/ubuntu/task2/env/lib/python3.11/site-packages/nvidia/cuda_cupti/lib/libcupti.so.12
7ad649cfc000-7ad649db3000 rw-p 006fb000 fb:70 3680592                    /home/ubuntu/task2/env/lib/python3.11/site-packages/nvidia/cuda_cupti/lib/libcupti.so.12
7ad649db3000-7ad649df4000 rw-p 00000000 00:00 0 
7ad649df5000-7ad649df6000 r--p 00000000 fb:70 3686293                    /home/ubuntu/task2/env/lib/python3.11/site-packages/scipy/optimize/_direct.cpython-311-x86_64-linux-gnu.so
7ad649df6000-7ad649dfc000 r-xp 00001000 fb:70 3686293                    /home/ubuntu/task2/env/lib/python3.11/site-packages/scipy/optimize/_direct.cpython-311-x86_64-linux-gnu.so
7ad649dfc000-7ad649dfe000 r--p 00007000 fb:70 3686293                    /home/ubuntu/task2/env/lib/python3.11/site-packages/scipy/optimize/_direct.cpython-311-x86_64-linux-gnu.so
7ad649dfe000-7ad649dff000 r--p 00008000 fb:70 3686293                    /home/ubuntu/task2/env/lib/python3.11/site-packages/scipy/optimize/_direct.cpython-311-x86_64-linux-gnu.so
7ad649dff000-7ad649e00000 rw-p 00009000 fb:70 3686293                    /home/ubuntu/task2/env/lib/python3.11/site-packages/scipy/optimize/_direct.cpython-311-x86_64-linux-gnu.so
7ad649e00000-7ad649e2e000 r--p 00000000 fb:70 3680396                    /home/ubuntu/task2/env/lib/python3.11/site-packages/nvidia/cufile/lib/libcufile.so.0
7ad649e2e000-7ad64a011000 r-xp 0002e000 fb:70 3680396                    /home/ubuntu/task2/env/lib/python3.11/site-packages/nvidia/cufile/lib/libcufile.so.0
7ad64a011000-7ad64a0b3000 r--p 00211000 fb:70 3680396                    /home/ubuntu/task2/env/lib/python3.11/site-packages/nvidia/cufile/lib/libcufile.so.0
7ad64a0b3000-7ad64a0b4000 ---p 002b3000 fb:70 3680396                    /home/ubuntu/task2/env/lib/python3.11/site-packages/nvidia/cufile/lib/libcufile.so.0
7ad64a0b4000-7ad64a0b9000 r--p 002b3000 fb:70 3680396                    /home/ubuntu/task2/env/lib/python3.11/site-packages/nvidia/cufile/lib/libcufile.so.0
7ad64a0b9000-7ad64a0c1000 rw-p 002b8000 fb:70 3680396                    /home/ubuntu/task2/env/lib/python3.11/site-packages/nvidia/cufile/lib/libcufile.so.0
7ad64a0c1000-7ad64a0cc000 rw-p 00000000 00:00 0 
7ad64a0cc000-7ad64a0d8000 rw-p 002db000 fb:70 3680396                    /home/ubuntu/task2/env/lib/python3.11/site-packages/nvidia/cufile/lib/libcufile.so.0
7ad64a0db000-7ad64a0dc000 r--p 00000000 fb:70 3686246                    /home/ubuntu/task2/env/lib/python3.11/site-packages/scipy/ndimage/_rank_filter_1d.cpython-311-x86_64-linux-gnu.so
7ad64a0dc000-7ad64a0df000 r-xp 00001000 fb:70 3686246                    /home/ubuntu/task2/env/lib/python3.11/site-packages/scipy/ndimage/_rank_filter_1d.cpython-311-x86_64-linux-gnu.so
7ad64a0df000-7ad64a0e0000 r--p 00004000 fb:70 3686246                    /home/ubuntu/task2/env/lib/python3.11/site-packages/scipy/ndimage/_rank_filter_1d.cpython-311-x86_64-linux-gnu.so
7ad64a0e0000-7ad64a0e1000 r--p 00004000 fb:70 3686246                    /home/ubuntu/task2/env/lib/python3.11/site-packages/scipy/ndimage/_rank_filter_1d.cpython-311-x86_64-linux-gnu.so
7ad64a0e1000-7ad64a0e2000 rw-p 00005000 fb:70 3686246                    /home/ubuntu/task2/env/lib/python3.11/site-packages/scipy/ndimage/_rank_filter_1d.cpython-311-x86_64-linux-gnu.so
7ad64a0e2000-7ad64a0e6000 r--p 00000000 fb:70 3681503                    /home/ubuntu/task2/env/lib/python3.11/site-packages/numpy/random/_mt19937.cpython-311-x86_64-linux-gnu.so
7ad64a0e6000-7ad64a0f7000 r-xp 00004000 fb:70 3681503                    /home/ubuntu/task2/env/lib/python3.11/site-packages/numpy/random/_mt19937.cpython-311-x86_64-linux-gnu.so
7ad64a0f7000-7ad64a0fd000 r--p 00015000 fb:70 3681503                    /home/ubuntu/task2/env/lib/python3.11/site-packages/numpy/random/_mt19937.cpython-311-x86_64-linux-gnu.so
7ad64a0fd000-7ad64a0fe000 r--p 0001b000 fb:70 3681503                    /home/ubuntu/task2/env/lib/python3.11/site-packages/numpy/random/_mt19937.cpython-311-x86_64-linux-gnu.so
7ad64a0fe000-7ad64a0ff000 rw-p 0001c000 fb:70 3681503                    /home/ubuntu/task2/env/lib/python3.11/site-packages/numpy/random/_mt19937.cpython-311-x86_64-linux-gnu.so
7ad64a0ff000-7ad64a200000 rw-p 00000000 00:00 0 
7ad64a200000-7ad657b29000 r-xp 00000000 fb:70 3672921                    /home/ubuntu/task2/env/lib/python3.11/site-packages/cusparselt/lib/libcusparseLt.so.0
7ad657b29000-7ad657d29000 ---p 0d929000 fb:70 3672921                    /home/ubuntu/task2/env/lib/python3.11/site-packages/cusparselt/lib/libcusparseLt.so.0
7ad657d29000-7ad657d56000 r--p 0d929000 fb:70 3672921                    /home/ubuntu/task2/env/lib/python3.11/site-packages/cusparselt/lib/libcusparseLt.so.0
7ad657d56000-7ad657d5f000 rw-p 0d956000 fb:70 3672921                    /home/ubuntu/task2/env/lib/python3.11/site-packages/cusparselt/lib/libcusparseLt.so.0
7ad657d5f000-7ad657f4f000 rw-p 00000000 00:00 0 
7ad657f4f000-7ad658854000 rw-p 0d95f000 fb:70 3672921                    /home/ubuntu/task2/env/lib/python3.11/site-packages/cusparselt/lib/libcusparseLt.so.0
7ad658857000-7ad65885b000 r--p 00000000 fb:70 3681507                    /home/ubuntu/task2/env/lib/python3.11/site-packages/numpy/random/_philox.cpython-311-x86_64-linux-gnu.so
7ad65885b000-7ad658869000 r-xp 00004000 fb:70 3681507                    /home/ubuntu/task2/env/lib/python3.11/site-packages/numpy/random/_philox.cpython-311-x86_64-linux-gnu.so
7ad658869000-7ad65886e000 r--p 00012000 fb:70 3681507                    /home/ubuntu/task2/env/lib/python3.11/site-packages/numpy/random/_philox.cpython-311-x86_64-linux-gnu.so
7ad65886e000-7ad65886f000 r--p 00016000 fb:70 3681507                    /home/ubuntu/task2/env/lib/python3.11/site-packages/numpy/random/_philox.cpython-311-x86_64-linux-gnu.so
7ad65886f000-7ad658870000 rw-p 00017000 fb:70 3681507                    /home/ubuntu/task2/env/lib/python3.11/site-packages/numpy/random/_philox.cpython-311-x86_64-linux-gnu.so
7ad658870000-7ad658871000 rw-p 00000000 00:00 0 
7ad658871000-7ad658879000 r--p 00000000 fb:70 3680103                    /home/ubuntu/task2/env/lib/python3.11/site-packages/pillow.libs/libopenjp2-56811f71.so.2.5.3
7ad658879000-7ad6588e8000 r-xp 00008000 fb:70 3680103                    /home/ubuntu/task2/env/lib/python3.11/site-packages/pillow.libs/libopenjp2-56811f71.so.2.5.3
7ad6588e8000-7ad6588fb000 r--p 00077000 fb:70 3680103                    /home/ubuntu/task2/env/lib/python3.11/site-packages/pillow.libs/libopenjp2-56811f71.so.2.5.3
7ad6588fb000-7ad6588fc000 r--p 0008a000 fb:70 3680103                    /home/ubuntu/task2/env/lib/python3.11/site-packages/pillow.libs/libopenjp2-56811f71.so.2.5.3
7ad6588fc000-7ad6588fd000 rw-p 0008b000 fb:70 3680103                    /home/ubuntu/task2/env/lib/python3.11/site-packages/pillow.libs/libopenjp2-56811f71.so.2.5.3
7ad6588fd000-7ad658900000 rw-p 0008d000 fb:70 3680103                    /home/ubuntu/task2/env/lib/python3.11/site-packages/pillow.libs/libopenjp2-56811f71.so.2.5.3
7ad658900000-7ad658a00000 rw-p 00000000 00:00 0 
7ad658a00000-7ad658a1e000 r-xp 00000000 fb:70 3688303                    /home/ubuntu/task2/env/lib/python3.11/site-packages/nvidia/cudnn/lib/libcudnn.so.9
7ad658a1e000-7ad658c1d000 ---p 0001e000 fb:70 3688303                    /home/ubuntu/task2/env/lib/python3.11/site-packages/nvidia/cudnn/lib/libcudnn.so.9
7ad658c1d000-7ad658c1e000 r--p 0001d000 fb:70 3688303                    /home/ubuntu/task2/env/lib/python3.11/site-packages/nvidia/cudnn/lib/libcudnn.so.9
7ad658c1e000-7ad658c1f000 rw-p 0001e000 fb:70 3688303                    /home/ubuntu/task2/env/lib/python3.11/site-packages/nvidia/cudnn/lib/libcudnn.so.9
7ad658c1f000-7ad658c20000 r--p 00000000 fb:70 3695439                    /home/ubuntu/task2/env/lib/python3.11/site-packages/onnxruntime/capi/libonnxruntime_providers_shared.so
7ad658c20000-7ad658c21000 r-xp 00001000 fb:70 3695439                    /home/ubuntu/task2/env/lib/python3.11/site-packages/onnxruntime/capi/libonnxruntime_providers_shared.so
7ad658c21000-7ad658c22000 r--p 00002000 fb:70 3695439                    /home/ubuntu/task2/env/lib/python3.11/site-packages/onnxruntime/capi/libonnxruntime_providers_shared.so
7ad658c22000-7ad658c23000 r--p 00002000 fb:70 3695439                    /home/ubuntu/task2/env/lib/python3.11/site-packages/onnxruntime/capi/libonnxruntime_providers_shared.so
7ad658c23000-7ad658c24000 rw-p 00000000 00:00 0 
7ad658c24000-7ad658c25000 r--p 00000000 fb:70 3686310                    /home/ubuntu/task2/env/lib/python3.11/site-packages/scipy/optimize/_lsap.cpython-311-x86_64-linux-gnu.so
7ad658c25000-7ad658c27000 r-xp 00001000 fb:70 3686310                    /home/ubuntu/task2/env/lib/python3.11/site-packages/scipy/optimize/_lsap.cpython-311-x86_64-linux-gnu.so
7ad658c27000-7ad658c29000 r--p 00003000 fb:70 3686310                    /home/ubuntu/task2/env/lib/python3.11/site-packages/scipy/optimize/_lsap.cpython-311-x86_64-linux-gnu.so
7ad658c29000-7ad658c2a000 r--p 00004000 fb:70 3686310                    /home/ubuntu/task2/env/lib/python3.11/site-packages/scipy/optimize/_lsap.cpython-311-x86_64-linux-gnu.so
7ad658c2a000-7ad658c2b000 rw-p 00005000 fb:70 3686310                    /home/ubuntu/task2/env/lib/python3.11/site-packages/scipy/optimize/_lsap.cpython-311-x86_64-linux-gnu.so
7ad658c2b000-7ad658c2f000 r--p 00000000 fb:70 3681505                    /home/ubuntu/task2/env/lib/python3.11/site-packages/numpy/random/_pcg64.cpython-311-x86_64-linux-gnu.so
7ad658c2f000-7ad658c41000 r-xp 00004000 fb:70 3681505                    /home/ubuntu/task2/env/lib/python3.11/site-packages/numpy/random/_pcg64.cpython-311-x86_64-linux-gnu.so
7ad658c41000-7ad658c47000 r--p 00016000 fb:70 3681505                    /home/ubuntu/task2/env/lib/python3.11/site-packages/numpy/random/_pcg64.cpython-311-x86_64-linux-gnu.so
7ad658c47000-7ad658c48000 r--p 0001c000 fb:70 3681505                    /home/ubuntu/task2/env/lib/python3.11/site-packages/numpy/random/_pcg64.cpython-311-x86_64-linux-gnu.so
7ad658c48000-7ad658c4a000 rw-p 0001d000 fb:70 3681505                    /home/ubuntu/task2/env/lib/python3.11/site-packages/numpy/random/_pcg64.cpython-311-x86_64-linux-gnu.so
7ad658c4a000-7ad658c52000 r--p 00000000 fb:70 3680106                    /home/ubuntu/task2/env/lib/python3.11/site-packages/pillow.libs/libtiff-5df1d27b.so.6.1.0
7ad658c52000-7ad658cc5000 r-xp 00008000 fb:70 3680106                    /home/ubuntu/task2/env/lib/python3.11/site-packages/pillow.libs/libtiff-5df1d27b.so.6.1.0
7ad658cc5000-7ad658cf7000 r--p 0007b000 fb:70 3680106                    /home/ubuntu/task2/env/lib/python3.11/site-packages/pillow.libs/libtiff-5df1d27b.so.6.1.0
7ad658cf7000-7ad658cfb000 r--p 000ad000 fb:70 3680106                    /home/ubuntu/task2/env/lib/python3.11/site-packages/pillow.libs/libtiff-5df1d27b.so.6.1.0
7ad658cfb000-7ad658cfc000 rw-p 000b1000 fb:70 3680106                    /home/ubuntu/task2/env/lib/python3.11/site-packages/pillow.libs/libtiff-5df1d27b.so.6.1.0
7ad658cfc000-7ad658d00000 rw-p 000b3000 fb:70 3680106                    /home/ubuntu/task2/env/lib/python3.11/site-packages/pillow.libs/libtiff-5df1d27b.so.6.1.0
7ad658d00000-7ad658e00000 rw-p 00000000 00:00 0 
7ad658e00000-7ad659bbf000 r--p 00000000 fb:70 3802404                    /home/ubuntu/task2/env/lib/python3.11/site-packages/torch/lib/libtorch_cuda.so
7ad659bbf000-7ad65cb7b000 r-xp 00dbf000 fb:70 3802404                    /home/ubuntu/task2/env/lib/python3.11/site-packages/torch/lib/libtorch_cuda.so
7ad65cb7b000-7ad691477000 r--p 03d7b000 fb:70 3802404                    /home/ubuntu/task2/env/lib/python3.11/site-packages/torch/lib/libtorch_cuda.so
7ad691477000-7ad6914ee000 r--p 38676000 fb:70 3802404                    /home/ubuntu/task2/env/lib/python3.11/site-packages/torch/lib/libtorch_cuda.so
7ad6914ee000-7ad691510000 rw-p 386ed000 fb:70 3802404                    /home/ubuntu/task2/env/lib/python3.11/site-packages/torch/lib/libtorch_cuda.so
7ad691510000-7ad69225b000 rw-p 00000000 00:00 0 
7ad69225b000-7ad692d3c000 rw-p 3a024000 fb:70 3802404                    /home/ubuntu/task2/env/lib/python3.11/site-packages/torch/lib/libtorch_cuda.so
7ad692d3e000-7ad692d40000 r--p 00000000 fb:70 3690022                    /home/ubuntu/task2/env/lib/python3.11/site-packages/sklearn/__check_build/_check_build.cpython-311-x86_64-linux-gnu.so
7ad692d40000-7ad692d43000 r-xp 00002000 fb:70 3690022                    /home/ubuntu/task2/env/lib/python3.11/site-packages/sklearn/__check_build/_check_build.cpython-311-x86_64-linux-gnu.so
7ad692d43000-7ad692d44000 r--p 00005000 fb:70 3690022                    /home/ubuntu/task2/env/lib/python3.11/site-packages/sklearn/__check_build/_check_build.cpython-311-x86_64-linux-gnu.so
7ad692d44000-7ad692d45000 ---p 00006000 fb:70 3690022                    /home/ubuntu/task2/env/lib/python3.11/site-packages/sklearn/__check_build/_check_build.cpython-311-x86_64-linux-gnu.so
7ad692d45000-7ad692d46000 r--p 00006000 fb:70 3690022                    /home/ubuntu/task2/env/lib/python3.11/site-packages/sklearn/__check_build/_check_build.cpython-311-x86_64-linux-gnu.so
7ad692d46000-7ad692d47000 rw-p 00007000 fb:70 3690022                    /home/ubuntu/task2/env/lib/python3.11/site-packages/sklearn/__check_build/_check_build.cpython-311-x86_64-linux-gnu.so
7ad692d47000-7ad692d5b000 r--p 00000000 fb:70 3680073                    /home/ubuntu/task2/env/lib/python3.11/site-packages/PIL/_imaging.cpython-311-x86_64-linux-gnu.so
7ad692d5b000-7ad692de0000 r-xp 00014000 fb:70 3680073                    /home/ubuntu/task2/env/lib/python3.11/site-packages/PIL/_imaging.cpython-311-x86_64-linux-gnu.so
7ad692de0000-7ad692df1000 r--p 00099000 fb:70 3680073                    /home/ubuntu/task2/env/lib/python3.11/site-packages/PIL/_imaging.cpython-311-x86_64-linux-gnu.so
7ad692df1000-7ad692df5000 r--p 000aa000 fb:70 3680073                    /home/ubuntu/task2/env/lib/python3.11/site-packages/PIL/_imaging.cpython-311-x86_64-linux-gnu.so
7ad692df5000-7ad692df9000 rw-p 000ae000 fb:70 3680073                    /home/ubuntu/task2/env/lib/python3.11/site-packages/PIL/_imaging.cpython-311-x86_64-linux-gnu.so
7ad692df9000-7ad692e00000 rw-p 0032b000 fb:70 3680073                    /home/ubuntu/task2/env/lib/python3.11/site-packages/PIL/_imaging.cpython-311-x86_64-linux-gnu.so
7ad692e00000-7ad693c29000 r--p 00000000 fb:70 3802403                    /home/ubuntu/task2/env/lib/python3.11/site-packages/torch/lib/libtorch_cpu.so
7ad693c29000-7ad6a39d8000 r-xp 00e29000 fb:70 3802403                    /home/ubuntu/task2/env/lib/python3.11/site-packages/torch/lib/libtorch_cpu.so
7ad6a39d8000-7ad6a6340000 r--p 10bd8000 fb:70 3802403                    /home/ubuntu/task2/env/lib/python3.11/site-packages/torch/lib/libtorch_cpu.so
7ad6a6340000-7ad6a659c000 r--p 1353f000 fb:70 3802403                    /home/ubuntu/task2/env/lib/python3.11/site-packages/torch/lib/libtorch_cpu.so
7ad6a659c000-7ad6a6606000 rw-p 1379b000 fb:70 3802403                    /home/ubuntu/task2/env/lib/python3.11/site-packages/torch/lib/libtorch_cpu.so
7ad6a6606000-7ad6a6710000 rw-p 00000000 00:00 0 
7ad6a6710000-7ad6a6c29000 rw-p 18d85000 fb:70 3802403                    /home/ubuntu/task2/env/lib/python3.11/site-packages/torch/lib/libtorch_cpu.so
7ad6a6c29000-7ad6a6c2a000 r--p 00000000 fb:70 3686336                    /home/ubuntu/task2/env/lib/python3.11/site-packages/scipy/optimize/_zeros.cpython-311-x86_64-linux-gnu.so
7ad6a6c2a000-7ad6a6c2c000 r-xp 00001000 fb:70 3686336                    /home/ubuntu/task2/env/lib/python3.11/site-packages/scipy/optimize/_zeros.cpython-311-x86_64-linux-gnu.so
7ad6a6c2c000-7ad6a6c2d000 r--p 00003000 fb:70 3686336                    /home/ubuntu/task2/env/lib/python3.11/site-packages/scipy/optimize/_zeros.cpython-311-x86_64-linux-gnu.so
7ad6a6c2d000-7ad6a6c2e000 r--p 00003000 fb:70 3686336                    /home/ubuntu/task2/env/lib/python3.11/site-packages/scipy/optimize/_zeros.cpython-311-x86_64-linux-gnu.so
7ad6a6c2e000-7ad6a6c2f000 rw-p 00004000 fb:70 3686336                    /home/ubuntu/task2/env/lib/python3.11/site-packages/scipy/optimize/_zeros.cpython-311-x86_64-linux-gnu.so
7ad6a6c2f000-7ad6a6c3f000 r--p 00000000 fb:70 3573395                    /home/ubuntu/task2/env/lib/python3.11/site-packages/regex/_regex.cpython-311-x86_64-linux-gnu.so
7ad6a6c3f000-7ad6a6c76000 r-xp 00010000 fb:70 3573395                    /home/ubuntu/task2/env/lib/python3.11/site-packages/regex/_regex.cpython-311-x86_64-linux-gnu.so
7ad6a6c76000-7ad6a6cf6000 r--p 00047000 fb:70 3573395                    /home/ubuntu/task2/env/lib/python3.11/site-packages/regex/_regex.cpython-311-x86_64-linux-gnu.so
7ad6a6cf6000-7ad6a6cf7000 r--p 000c6000 fb:70 3573395                    /home/ubuntu/task2/env/lib/python3.11/site-packages/regex/_regex.cpython-311-x86_64-linux-gnu.so
7ad6a6cf7000-7ad6a6d00000 rw-p 000c7000 fb:70 3573395                    /home/ubuntu/task2/env/lib/python3.11/site-packages/regex/_regex.cpython-311-x86_64-linux-gnu.so
7ad6a6d00000-7ad6a6e00000 rw-p 00000000 00:00 0 
7ad6a6e00000-7ad6a6f7b000 r--p 00000000 fb:70 3802407                    /home/ubuntu/task2/env/lib/python3.11/site-packages/torch/lib/libtorch_python.so
7ad6a6f7b000-7ad6a7b3e000 r-xp 0017b000 fb:70 3802407                    /home/ubuntu/task2/env/lib/python3.11/site-packages/torch/lib/libtorch_python.so
7ad6a7b3e000-7ad6a7f2f000 r--p 00d3e000 fb:70 3802407                    /home/ubuntu/task2/env/lib/python3.11/site-packages/torch/lib/libtorch_python.so
7ad6a7f2f000-7ad6a7f50000 r--p 0112e000 fb:70 3802407                    /home/ubuntu/task2/env/lib/python3.11/site-packages/torch/lib/libtorch_python.so
7ad6a7f50000-7ad6a7fae000 rw-p 0114f000 fb:70 3802407                    /home/ubuntu/task2/env/lib/python3.11/site-packages/torch/lib/libtorch_python.so
7ad6a7fae000-7ad6a8024000 rw-p 00000000 00:00 0 
7ad6a8024000-7ad6a80b2000 rw-p 0192e000 fb:70 3802407                    /home/ubuntu/task2/env/lib/python3.11/site-packages/torch/lib/libtorch_python.so
7ad6a80b5000-7ad6a80b6000 r--p 00000000 08:02 58488147                   /opt/conda/lib/python3.11/lib-dynload/_posixshmem.cpython-311-x86_64-linux-gnu.so
7ad6a80b6000-7ad6a80b7000 r-xp 00001000 08:02 58488147                   /opt/conda/lib/python3.11/lib-dynload/_posixshmem.cpython-311-x86_64-linux-gnu.so
7ad6a80b7000-7ad6a80b8000 r--p 00002000 08:02 58488147                   /opt/conda/lib/python3.11/lib-dynload/_posixshmem.cpython-311-x86_64-linux-gnu.so
7ad6a80b8000-7ad6a80b9000 r--p 00002000 08:02 58488147                   /opt/conda/lib/python3.11/lib-dynload/_posixshmem.cpython-311-x86_64-linux-gnu.so
7ad6a80b9000-7ad6a80ba000 rw-p 00003000 08:02 58488147                   /opt/conda/lib/python3.11/lib-dynload/_posixshmem.cpython-311-x86_64-linux-gnu.so
7ad6a80ba000-7ad6a80bb000 r--p 00000000 08:02 58488158                   /opt/conda/lib/python3.11/lib-dynload/_statistics.cpython-311-x86_64-linux-gnu.so
7ad6a80bb000-7ad6a80bc000 r-xp 00001000 08:02 58488158                   /opt/conda/lib/python3.11/lib-dynload/_statistics.cpython-311-x86_64-linux-gnu.so
7ad6a80bc000-7ad6a80bd000 r--p 00002000 08:02 58488158                   /opt/conda/lib/python3.11/lib-dynload/_statistics.cpython-311-x86_64-linux-gnu.so
7ad6a80bd000-7ad6a80be000 r--p 00002000 08:02 58488158                   /opt/conda/lib/python3.11/lib-dynload/_statistics.cpython-311-x86_64-linux-gnu.so
7ad6a80be000-7ad6a80bf000 rw-p 00003000 08:02 58488158                   /opt/conda/lib/python3.11/lib-dynload/_statistics.cpython-311-x86_64-linux-gnu.so
7ad6a80bf000-7ad6a80c4000 r--p 00000000 fb:70 3678161                    /home/ubuntu/task2/env/lib/python3.11/site-packages/yaml/_yaml.cpython-311-x86_64-linux-gnu.so
7ad6a80c4000-7ad6a810e000 r-xp 00005000 fb:70 3678161                    /home/ubuntu/task2/env/lib/python3.11/site-packages/yaml/_yaml.cpython-311-x86_64-linux-gnu.so
7ad6a810e000-7ad6a8117000 r--p 0004f000 fb:70 3678161                    /home/ubuntu/task2/env/lib/python3.11/site-packages/yaml/_yaml.cpython-311-x86_64-linux-gnu.so
7ad6a8117000-7ad6a8118000 r--p 00057000 fb:70 3678161                    /home/ubuntu/task2/env/lib/python3.11/site-packages/yaml/_yaml.cpython-311-x86_64-linux-gnu.so
7ad6a8118000-7ad6a811a000 rw-p 00058000 fb:70 3678161                    /home/ubuntu/task2/env/lib/python3.11/site-packages/yaml/_yaml.cpython-311-x86_64-linux-gnu.so
7ad6a811a000-7ad6a811b000 rw-p 00000000 00:00 0 
7ad6a811b000-7ad6a812e000 r--p 00000000 08:02 58488157                   /opt/conda/lib/python3.11/lib-dynload/_ssl.cpython-311-x86_64-linux-gnu.so
7ad6a812e000-7ad6a8138000 r-xp 00013000 08:02 58488157                   /opt/conda/lib/python3.11/lib-dynload/_ssl.cpython-311-x86_64-linux-gnu.so
7ad6a8138000-7ad6a8146000 r--p 0001d000 08:02 58488157                   /opt/conda/lib/python3.11/lib-dynload/_ssl.cpython-311-x86_64-linux-gnu.so
7ad6a8146000-7ad6a8147000 r--p 0002b000 08:02 58488157                   /opt/conda/lib/python3.11/lib-dynload/_ssl.cpython-311-x86_64-linux-gnu.so
7ad6a8147000-7ad6a814f000 rw-p 0002c000 08:02 58488157                   /opt/conda/lib/python3.11/lib-dynload/_ssl.cpython-311-x86_64-linux-gnu.so
7ad6a814f000-7ad6a8200000 rw-p 00000000 00:00 0 
7ad6a8200000-7ad6aac77000 r-xp 00000000 fb:70 3680317                    /home/ubuntu/task2/env/lib/python3.11/site-packages/nvidia/nvjitlink/lib/libnvJitLink.so.12
7ad6aac77000-7ad6aae77000 ---p 02a77000 fb:70 3680317                    /home/ubuntu/task2/env/lib/python3.11/site-packages/nvidia/nvjitlink/lib/libnvJitLink.so.12
7ad6aae77000-7ad6ab3a2000 r--p 02a77000 fb:70 3680317                    /home/ubuntu/task2/env/lib/python3.11/site-packages/nvidia/nvjitlink/lib/libnvJitLink.so.12
7ad6ab3a2000-7ad6ab415000 rw-p 02fa2000 fb:70 3680317                    /home/ubuntu/task2/env/lib/python3.11/site-packages/nvidia/nvjitlink/lib/libnvJitLink.so.12
7ad6ab415000-7ad6ab489000 rw-p 00000000 00:00 0 
7ad6ab489000-7ad6ab48d000 r--p 00000000 fb:70 3681511                    /home/ubuntu/task2/env/lib/python3.11/site-packages/numpy/random/_sfc64.cpython-311-x86_64-linux-gnu.so
7ad6ab48d000-7ad6ab496000 r-xp 00004000 fb:70 3681511                    /home/ubuntu/task2/env/lib/python3.11/site-packages/numpy/random/_sfc64.cpython-311-x86_64-linux-gnu.so
7ad6ab496000-7ad6ab49a000 r--p 0000d000 fb:70 3681511                    /home/ubuntu/task2/env/lib/python3.11/site-packages/numpy/random/_sfc64.cpython-311-x86_64-linux-gnu.so
7ad6ab49a000-7ad6ab49b000 r--p 00010000 fb:70 3681511                    /home/ubuntu/task2/env/lib/python3.11/site-packages/numpy/random/_sfc64.cpython-311-x86_64-linux-gnu.so
7ad6ab49b000-7ad6ab49c000 rw-p 00011000 fb:70 3681511                    /home/ubuntu/task2/env/lib/python3.11/site-packages/numpy/random/_sfc64.cpython-311-x86_64-linux-gnu.so
7ad6ab49c000-7ad6ab54e000 rw-p 00000000 00:00 0 
7ad6ab551000-7ad6ab554000 r--p 00000000 08:02 58488188                   /opt/conda/lib/python3.11/lib-dynload/termios.cpython-311-x86_64-linux-gnu.so
7ad6ab554000-7ad6ab556000 r-xp 00003000 08:02 58488188                   /opt/conda/lib/python3.11/lib-dynload/termios.cpython-311-x86_64-linux-gnu.so
7ad6ab556000-7ad6ab558000 r--p 00005000 08:02 58488188                   /opt/conda/lib/python3.11/lib-dynload/termios.cpython-311-x86_64-linux-gnu.so
7ad6ab558000-7ad6ab559000 r--p 00006000 08:02 58488188                   /opt/conda/lib/python3.11/lib-dynload/termios.cpython-311-x86_64-linux-gnu.so
7ad6ab559000-7ad6ab55b000 rw-p 00007000 08:02 58488188                   /opt/conda/lib/python3.11/lib-dynload/termios.cpython-311-x86_64-linux-gnu.so
7ad6ab55b000-7ad6ab55e000 r--p 00000000 08:02 58488143                   /opt/conda/lib/python3.11/lib-dynload/_multibytecodec.cpython-311-x86_64-linux-gnu.so
7ad6ab55e000-7ad6ab564000 r-xp 00003000 08:02 58488143                   /opt/conda/lib/python3.11/lib-dynload/_multibytecodec.cpython-311-x86_64-linux-gnu.so
7ad6ab564000-7ad6ab566000 r--p 00009000 08:02 58488143                   /opt/conda/lib/python3.11/lib-dynload/_multibytecodec.cpython-311-x86_64-linux-gnu.so
7ad6ab566000-7ad6ab567000 r--p 0000b000 08:02 58488143                   /opt/conda/lib/python3.11/lib-dynload/_multibytecodec.cpython-311-x86_64-linux-gnu.so
7ad6ab567000-7ad6ab568000 rw-p 0000c000 08:02 58488143                   /opt/conda/lib/python3.11/lib-dynload/_multibytecodec.cpython-311-x86_64-linux-gnu.so
7ad6ab568000-7ad6ab56c000 r--p 00000000 fb:70 3681410                    /home/ubuntu/task2/env/lib/python3.11/site-packages/numpy/linalg/_umath_linalg.cpython-311-x86_64-linux-gnu.so
7ad6ab56c000-7ad6ab590000 r-xp 00004000 fb:70 3681410                    /home/ubuntu/task2/env/lib/python3.11/site-packages/numpy/linalg/_umath_linalg.cpython-311-x86_64-linux-gnu.so
7ad6ab590000-7ad6ab595000 r--p 00028000 fb:70 3681410                    /home/ubuntu/task2/env/lib/python3.11/site-packages/numpy/linalg/_umath_linalg.cpython-311-x86_64-linux-gnu.so
7ad6ab595000-7ad6ab596000 r--p 0002d000 fb:70 3681410                    /home/ubuntu/task2/env/lib/python3.11/site-packages/numpy/linalg/_umath_linalg.cpython-311-x86_64-linux-gnu.so
7ad6ab596000-7ad6ab597000 rw-p 0002e000 fb:70 3681410                    /home/ubuntu/task2/env/lib/python3.11/site-packages/numpy/linalg/_umath_linalg.cpython-311-x86_64-linux-gnu.so
7ad6ab597000-7ad6ab59a000 rw-p 00036000 fb:70 3681410                    /home/ubuntu/task2/env/lib/python3.11/site-packages/numpy/linalg/_umath_linalg.cpython-311-x86_64-linux-gnu.so
7ad6ab59a000-7ad6ab59c000 r--p 00000000 08:02 58488140                   /opt/conda/lib/python3.11/lib-dynload/_lsprof.cpython-311-x86_64-linux-gnu.so
7ad6ab59c000-7ad6ab59e000 r-xp 00002000 08:02 58488140                   /opt/conda/lib/python3.11/lib-dynload/_lsprof.cpython-311-x86_64-linux-gnu.so
7ad6ab59e000-7ad6ab59f000 r--p 00004000 08:02 58488140                   /opt/conda/lib/python3.11/lib-dynload/_lsprof.cpython-311-x86_64-linux-gnu.so
7ad6ab59f000-7ad6ab5a0000 r--p 00005000 08:02 58488140                   /opt/conda/lib/python3.11/lib-dynload/_lsprof.cpython-311-x86_64-linux-gnu.so
7ad6ab5a0000-7ad6ab5a1000 rw-p 00006000 08:02 58488140                   /opt/conda/lib/python3.11/lib-dynload/_lsprof.cpython-311-x86_64-linux-gnu.so
7ad6ab5a1000-7ad6ab5a2000 r--p 00000000 fb:70 3683650                    /home/ubuntu/task2/env/lib/python3.11/site-packages/markupsafe/_speedups.cpython-311-x86_64-linux-gnu.so
7ad6ab5a2000-7ad6ab5a3000 r-xp 00001000 fb:70 3683650                    /home/ubuntu/task2/env/lib/python3.11/site-packages/markupsafe/_speedups.cpython-311-x86_64-linux-gnu.so
7ad6ab5a3000-7ad6ab5a4000 r--p 00002000 fb:70 3683650                    /home/ubuntu/task2/env/lib/python3.11/site-packages/markupsafe/_speedups.cpython-311-x86_64-linux-gnu.so
7ad6ab5a4000-7ad6ab5a5000 r--p 00002000 fb:70 3683650                    /home/ubuntu/task2/env/lib/python3.11/site-packages/markupsafe/_speedups.cpython-311-x86_64-linux-gnu.so
7ad6ab5a5000-7ad6ab5a6000 rw-p 00003000 fb:70 3683650                    /home/ubuntu/task2/env/lib/python3.11/site-packages/markupsafe/_speedups.cpython-311-x86_64-linux-gnu.so
7ad6ab5a6000-7ad6ab5b3000 r--p 00000000 fb:70 3684801                    /home/ubuntu/task2/env/lib/python3.11/site-packages/charset_normalizer/md__mypyc.cpython-311-x86_64-linux-gnu.so
7ad6ab5b3000-7ad6ab5d0000 r-xp 0000d000 fb:70 3684801                    /home/ubuntu/task2/env/lib/python3.11/site-packages/charset_normalizer/md__mypyc.cpython-311-x86_64-linux-gnu.so
7ad6ab5d0000-7ad6ab5d9000 r--p 0002a000 fb:70 3684801                    /home/ubuntu/task2/env/lib/python3.11/site-packages/charset_normalizer/md__mypyc.cpython-311-x86_64-linux-gnu.so
7ad6ab5d9000-7ad6ab5da000 ---p 00033000 fb:70 3684801                    /home/ubuntu/task2/env/lib/python3.11/site-packages/charset_normalizer/md__mypyc.cpython-311-x86_64-linux-gnu.so
7ad6ab5da000-7ad6ab5db000 r--p 00033000 fb:70 3684801                    /home/ubuntu/task2/env/lib/python3.11/site-packages/charset_normalizer/md__mypyc.cpython-311-x86_64-linux-gnu.so
7ad6ab5db000-7ad6ab5df000 rw-p 00034000 fb:70 3684801                    /home/ubuntu/task2/env/lib/python3.11/site-packages/charset_normalizer/md__mypyc.cpython-311-x86_64-linux-gnu.so
7ad6ab5df000-7ad6ab5e0000 rw-p 00000000 00:00 0 
7ad6ab5e0000-7ad6ab5e2000 r--p 00000000 08:02 58488144                   /opt/conda/lib/python3.11/lib-dynload/_multiprocessing.cpython-311-x86_64-linux-gnu.so
7ad6ab5e2000-7ad6ab5e3000 r-xp 00002000 08:02 58488144                   /opt/conda/lib/python3.11/lib-dynload/_multiprocessing.cpython-311-x86_64-linux-gnu.so
7ad6ab5e3000-7ad6ab5e4000 r--p 00003000 08:02 58488144                   /opt/conda/lib/python3.11/lib-dynload/_multiprocessing.cpython-311-x86_64-linux-gnu.so
7ad6ab5e4000-7ad6ab5e5000 r--p 00003000 08:02 58488144                   /opt/conda/lib/python3.11/lib-dynload/_multiprocessing.cpython-311-x86_64-linux-gnu.so
7ad6ab5e5000-7ad6ab5e6000 rw-p 00004000 08:02 58488144                   /opt/conda/lib/python3.11/lib-dynload/_multiprocessing.cpython-311-x86_64-linux-gnu.so
7ad6ab5e6000-7ad6ab5e8000 r--p 00000000 08:02 58486738                   /opt/conda/lib/libuuid.so.1.3.0
7ad6ab5e8000-7ad6ab5ec000 r-xp 00002000 08:02 58486738                   /opt/conda/lib/libuuid.so.1.3.0
7ad6ab5ec000-7ad6ab5ed000 r--p 00006000 08:02 58486738                   /opt/conda/lib/libuuid.so.1.3.0
7ad6ab5ed000-7ad6ab5ee000 r--p 00006000 08:02 58486738                   /opt/conda/lib/libuuid.so.1.3.0
7ad6ab5ee000-7ad6ab5ef000 rw-p 00007000 08:02 58486738                   /opt/conda/lib/libuuid.so.1.3.0
7ad6ab5ef000-7ad6ab5f1000 r--p 00000000 08:02 58488175                   /opt/conda/lib/python3.11/lib-dynload/cmath.cpython-311-x86_64-linux-gnu.so
7ad6ab5f1000-7ad6ab5fa000 r-xp 00002000 08:02 58488175                   /opt/conda/lib/python3.11/lib-dynload/cmath.cpython-311-x86_64-linux-gnu.so
7ad6ab5fa000-7ad6ab5fc000 r--p 0000b000 08:02 58488175                   /opt/conda/lib/python3.11/lib-dynload/cmath.cpython-311-x86_64-linux-gnu.so
7ad6ab5fc000-7ad6ab5fd000 r--p 0000c000 08:02 58488175                   /opt/conda/lib/python3.11/lib-dynload/cmath.cpython-311-x86_64-linux-gnu.so
7ad6ab5fd000-7ad6ab5fe000 rw-p 0000d000 08:02 58488175                   /opt/conda/lib/python3.11/lib-dynload/cmath.cpython-311-x86_64-linux-gnu.so
7ad6ab5fe000-7ad6ab600000 rw-p 00000000 00:00 0 
7ad6ab600000-7ad6ae6ef000 r-xp 00000000 fb:70 3680532                    /home/ubuntu/task2/env/lib/python3.11/site-packages/nvidia/cuda_nvrtc/lib/libnvrtc.so.12
7ad6ae6ef000-7ad6ae8ee000 ---p 030ef000 fb:70 3680532                    /home/ubuntu/task2/env/lib/python3.11/site-packages/nvidia/cuda_nvrtc/lib/libnvrtc.so.12
7ad6ae8ee000-7ad6aee77000 r--p 030ee000 fb:70 3680532                    /home/ubuntu/task2/env/lib/python3.11/site-packages/nvidia/cuda_nvrtc/lib/libnvrtc.so.12
7ad6aee77000-7ad6aef5e000 rw-p 03677000 fb:70 3680532                    /home/ubuntu/task2/env/lib/python3.11/site-packages/nvidia/cuda_nvrtc/lib/libnvrtc.so.12
7ad6aef5e000-7ad6af23a000 rw-p 00000000 00:00 0 
7ad6af23a000-7ad6af400000 ---p 03c3a000 fb:70 3680532                    /home/ubuntu/task2/env/lib/python3.11/site-packages/nvidia/cuda_nvrtc/lib/libnvrtc.so.12
7ad6af400000-7ad6af402000 rw-p 03800000 fb:70 3680532                    /home/ubuntu/task2/env/lib/python3.11/site-packages/nvidia/cuda_nvrtc/lib/libnvrtc.so.12
7ad6af402000-7ad6af403000 r--p 00000000 fb:70 3684799                    /home/ubuntu/task2/env/lib/python3.11/site-packages/charset_normalizer/md.cpython-311-x86_64-linux-gnu.so
7ad6af403000-7ad6af404000 r-xp 00001000 fb:70 3684799                    /home/ubuntu/task2/env/lib/python3.11/site-packages/charset_normalizer/md.cpython-311-x86_64-linux-gnu.so
7ad6af404000-7ad6af405000 r--p 00002000 fb:70 3684799                    /home/ubuntu/task2/env/lib/python3.11/site-packages/charset_normalizer/md.cpython-311-x86_64-linux-gnu.so
7ad6af405000-7ad6af406000 r--p 00002000 fb:70 3684799                    /home/ubuntu/task2/env/lib/python3.11/site-packages/charset_normalizer/md.cpython-311-x86_64-linux-gnu.so
7ad6af406000-7ad6af407000 rw-p 00003000 fb:70 3684799                    /home/ubuntu/task2/env/lib/python3.11/site-packages/charset_normalizer/md.cpython-311-x86_64-linux-gnu.so
7ad6af407000-7ad6af40a000 r--p 00000000 08:02 58488129                   /opt/conda/lib/python3.11/lib-dynload/_csv.cpython-311-x86_64-linux-gnu.so
7ad6af40a000-7ad6af40e000 r-xp 00003000 08:02 58488129                   /opt/conda/lib/python3.11/lib-dynload/_csv.cpython-311-x86_64-linux-gnu.so
7ad6af40e000-7ad6af411000 r--p 00007000 08:02 58488129                   /opt/conda/lib/python3.11/lib-dynload/_csv.cpython-311-x86_64-linux-gnu.so
7ad6af411000-7ad6af412000 r--p 00009000 08:02 58488129                   /opt/conda/lib/python3.11/lib-dynload/_csv.cpython-311-x86_64-linux-gnu.so
7ad6af412000-7ad6af413000 rw-p 0000a000 08:02 58488129                   /opt/conda/lib/python3.11/lib-dynload/_csv.cpython-311-x86_64-linux-gnu.so
7ad6af413000-7ad6af4c1000 r--p 00000000 08:02 58486724                   /opt/conda/lib/libstdc++.so.6.0.34
7ad6af4c1000-7ad6af562000 r-xp 000ae000 08:02 58486724                   /opt/conda/lib/libstdc++.so.6.0.34
7ad6af562000-7ad6af5ea000 r--p 0014f000 08:02 58486724                   /opt/conda/lib/libstdc++.so.6.0.34
7ad6af5ea000-7ad6af5f8000 r--p 001d7000 08:02 58486724                   /opt/conda/lib/libstdc++.so.6.0.34
7ad6af5f8000-7ad6af5fc000 rw-p 001e5000 08:02 58486724                   /opt/conda/lib/libstdc++.so.6.0.34
7ad6af5fc000-7ad6af600000 rw-p 00000000 00:00 0 
7ad6af600000-7ad6af637000 r-xp 00000000 fb:70 3802400                    /home/ubuntu/task2/env/lib/python3.11/site-packages/torch/lib/libgomp.so.1
7ad6af637000-7ad6af836000 ---p 00037000 fb:70 3802400                    /home/ubuntu/task2/env/lib/python3.11/site-packages/torch/lib/libgomp.so.1
7ad6af836000-7ad6af837000 r--p 00036000 fb:70 3802400                    /home/ubuntu/task2/env/lib/python3.11/site-packages/torch/lib/libgomp.so.1
7ad6af837000-7ad6af838000 rw-p 00037000 fb:70 3802400                    /home/ubuntu/task2/env/lib/python3.11/site-packages/torch/lib/libgomp.so.1
7ad6af838000-7ad6af83d000 rw-p 0003a000 fb:70 3802400                    /home/ubuntu/task2/env/lib/python3.11/site-packages/torch/lib/libgomp.so.1
7ad6af840000-7ad6af841000 r--p 00000000 08:02 58488168                   /opt/conda/lib/python3.11/lib-dynload/_uuid.cpython-311-x86_64-linux-gnu.so
7ad6af841000-7ad6af842000 r-xp 00001000 08:02 58488168                   /opt/conda/lib/python3.11/lib-dynload/_uuid.cpython-311-x86_64-linux-gnu.so
7ad6af842000-7ad6af843000 r--p 00002000 08:02 58488168                   /opt/conda/lib/python3.11/lib-dynload/_uuid.cpython-311-x86_64-linux-gnu.so
7ad6af843000-7ad6af844000 r--p 00002000 08:02 58488168                   /opt/conda/lib/python3.11/lib-dynload/_uuid.cpython-311-x86_64-linux-gnu.so
7ad6af844000-7ad6af845000 rw-p 00003000 08:02 58488168                   /opt/conda/lib/python3.11/lib-dynload/_uuid.cpython-311-x86_64-linux-gnu.so
7ad6af845000-7ad6af849000 r--p 00000000 08:02 58488137                   /opt/conda/lib/python3.11/lib-dynload/_hashlib.cpython-311-x86_64-linux-gnu.so
7ad6af849000-7ad6af84e000 r-xp 00004000 08:02 58488137                   /opt/conda/lib/python3.11/lib-dynload/_hashlib.cpython-311-x86_64-linux-gnu.so
7ad6af84e000-7ad6af852000 r--p 00009000 08:02 58488137                   /opt/conda/lib/python3.11/lib-dynload/_hashlib.cpython-311-x86_64-linux-gnu.so
7ad6af852000-7ad6af853000 r--p 0000d000 08:02 58488137                   /opt/conda/lib/python3.11/lib-dynload/_hashlib.cpython-311-x86_64-linux-gnu.so
7ad6af853000-7ad6af854000 rw-p 0000e000 08:02 58488137                   /opt/conda/lib/python3.11/lib-dynload/_hashlib.cpython-311-x86_64-linux-gnu.so
7ad6af854000-7ad6af8b0000 rw-p 00000000 00:00 0 
7ad6af8b1000-7ad6af8b3000 r--p 00000000 08:02 58488119                   /opt/conda/lib/python3.11/lib-dynload/_blake2.cpython-311-x86_64-linux-gnu.so
7ad6af8b3000-7ad6af8ba000 r-xp 00002000 08:02 58488119                   /opt/conda/lib/python3.11/lib-dynload/_blake2.cpython-311-x86_64-linux-gnu.so
7ad6af8ba000-7ad6af8bc000 r--p 00009000 08:02 58488119                   /opt/conda/lib/python3.11/lib-dynload/_blake2.cpython-311-x86_64-linux-gnu.so
7ad6af8bc000-7ad6af8bd000 r--p 0000a000 08:02 58488119                   /opt/conda/lib/python3.11/lib-dynload/_blake2.cpython-311-x86_64-linux-gnu.so
7ad6af8bd000-7ad6af8be000 rw-p 0000b000 08:02 58488119                   /opt/conda/lib/python3.11/lib-dynload/_blake2.cpython-311-x86_64-linux-gnu.so
7ad6af8be000-7ad6af8c0000 r--p 00000000 08:02 58488149                   /opt/conda/lib/python3.11/lib-dynload/_queue.cpython-311-x86_64-linux-gnu.so
7ad6af8c0000-7ad6af8c1000 r-xp 00002000 08:02 58488149                   /opt/conda/lib/python3.11/lib-dynload/_queue.cpython-311-x86_64-linux-gnu.so
7ad6af8c1000-7ad6af8c2000 r--p 00003000 08:02 58488149                   /opt/conda/lib/python3.11/lib-dynload/_queue.cpython-311-x86_64-linux-gnu.so
7ad6af8c2000-7ad6af8c3000 r--p 00003000 08:02 58488149                   /opt/conda/lib/python3.11/lib-dynload/_queue.cpython-311-x86_64-linux-gnu.so
7ad6af8c3000-7ad6af8c4000 rw-p 00004000 08:02 58488149                   /opt/conda/lib/python3.11/lib-dynload/_queue.cpython-311-x86_64-linux-gnu.so
7ad6af8c4000-7ad6af8c9000 r--p 00000000 08:02 58488117                   /opt/conda/lib/python3.11/lib-dynload/_asyncio.cpython-311-x86_64-linux-gnu.so
7ad6af8c9000-7ad6af8ce000 r-xp 00005000 08:02 58488117                   /opt/conda/lib/python3.11/lib-dynload/_asyncio.cpython-311-x86_64-linux-gnu.so
7ad6af8ce000-7ad6af8d2000 r--p 0000a000 08:02 58488117                   /opt/conda/lib/python3.11/lib-dynload/_asyncio.cpython-311-x86_64-linux-gnu.so
7ad6af8d2000-7ad6af8d3000 r--p 0000d000 08:02 58488117                   /opt/conda/lib/python3.11/lib-dynload/_asyncio.cpython-311-x86_64-linux-gnu.so
7ad6af8d3000-7ad6af8d5000 rw-p 0000e000 08:02 58488117                   /opt/conda/lib/python3.11/lib-dynload/_asyncio.cpython-311-x86_64-linux-gnu.so
7ad6af8d5000-7ad6af8d7000 r--p 00000000 08:02 58488174                   /opt/conda/lib/python3.11/lib-dynload/binascii.cpython-311-x86_64-linux-gnu.so
7ad6af8d7000-7ad6af8da000 r-xp 00002000 08:02 58488174                   /opt/conda/lib/python3.11/lib-dynload/binascii.cpython-311-x86_64-linux-gnu.so
7ad6af8da000-7ad6af8dc000 r--p 00005000 08:02 58488174                   /opt/conda/lib/python3.11/lib-dynload/binascii.cpython-311-x86_64-linux-gnu.so
7ad6af8dc000-7ad6af8dd000 r--p 00006000 08:02 58488174                   /opt/conda/lib/python3.11/lib-dynload/binascii.cpython-311-x86_64-linux-gnu.so
7ad6af8dd000-7ad6af8de000 rw-p 00007000 08:02 58488174                   /opt/conda/lib/python3.11/lib-dynload/binascii.cpython-311-x86_64-linux-gnu.so
7ad6af8de000-7ad6af905000 r--p 00000000 fb:70 3802397                    /home/ubuntu/task2/env/lib/python3.11/site-packages/torch/lib/libc10.so
7ad6af905000-7ad6af9ad000 r-xp 00027000 fb:70 3802397                    /home/ubuntu/task2/env/lib/python3.11/site-packages/torch/lib/libc10.so
7ad6af9ad000-7ad6af9e0000 r--p 000cf000 fb:70 3802397                    /home/ubuntu/task2/env/lib/python3.11/site-packages/torch/lib/libc10.so
7ad6af9e0000-7ad6af9e3000 r--p 00101000 fb:70 3802397                    /home/ubuntu/task2/env/lib/python3.11/site-packages/torch/lib/libc10.so
7ad6af9e3000-7ad6af9ea000 rw-p 00104000 fb:70 3802397                    /home/ubuntu/task2/env/lib/python3.11/site-packages/torch/lib/libc10.so
7ad6af9ea000-7ad6af9ec000 rw-p 00000000 00:00 0 
7ad6af9ec000-7ad6afa00000 rw-p 0014c000 fb:70 3802397                    /home/ubuntu/task2/env/lib/python3.11/site-packages/torch/lib/libc10.so
7ad6afa00000-7ad6afaa9000 r-xp 00000000 fb:70 3680510                    /home/ubuntu/task2/env/lib/python3.11/site-packages/nvidia/cuda_runtime/lib/libcudart.so.12
7ad6afaa9000-7ad6afca9000 ---p 000a9000 fb:70 3680510                    /home/ubuntu/task2/env/lib/python3.11/site-packages/nvidia/cuda_runtime/lib/libcudart.so.12
7ad6afca9000-7ad6afcae000 r--p 000a9000 fb:70 3680510                    /home/ubuntu/task2/env/lib/python3.11/site-packages/nvidia/cuda_runtime/lib/libcudart.so.12
7ad6afcae000-7ad6afcaf000 rw-p 000ae000 fb:70 3680510                    /home/ubuntu/task2/env/lib/python3.11/site-packages/nvidia/cuda_runtime/lib/libcudart.so.12
7ad6afcaf000-7ad6afcb5000 rw-p 00000000 00:00 0 
7ad6afcb5000-7ad6afcb8000 r--p 00000000 08:02 58488179                   /opt/conda/lib/python3.11/lib-dynload/mmap.cpython-311-x86_64-linux-gnu.so
7ad6afcb8000-7ad6afcbb000 r-xp 00003000 08:02 58488179                   /opt/conda/lib/python3.11/lib-dynload/mmap.cpython-311-x86_64-linux-gnu.so
7ad6afcbb000-7ad6afcbd000 r--p 00006000 08:02 58488179                   /opt/conda/lib/python3.11/lib-dynload/mmap.cpython-311-x86_64-linux-gnu.so
7ad6afcbd000-7ad6afcbe000 r--p 00007000 08:02 58488179                   /opt/conda/lib/python3.11/lib-dynload/mmap.cpython-311-x86_64-linux-gnu.so
7ad6afcbe000-7ad6afcbf000 rw-p 00008000 08:02 58488179                   /opt/conda/lib/python3.11/lib-dynload/mmap.cpython-311-x86_64-linux-gnu.so
7ad6afcbf000-7ad6afcff000 rw-p 00000000 00:00 0 
7ad6afcff000-7ad6afd03000 r--p 00000000 08:02 58486566                   /opt/conda/lib/libgcc_s.so.1
7ad6afd03000-7ad6afd18000 r-xp 00004000 08:02 58486566                   /opt/conda/lib/libgcc_s.so.1
7ad6afd18000-7ad6afd1c000 r--p 00019000 08:02 58486566                   /opt/conda/lib/libgcc_s.so.1
7ad6afd1c000-7ad6afd1d000 r--p 0001c000 08:02 58486566                   /opt/conda/lib/libgcc_s.so.1
7ad6afd1d000-7ad6afd1e000 rw-p 0001d000 08:02 58486566                   /opt/conda/lib/libgcc_s.so.1
7ad6afd1e000-7ad6afd2d000 r--p 00000000 fb:70 3802398                    /home/ubuntu/task2/env/lib/python3.11/site-packages/torch/lib/libc10_cuda.so
7ad6afd2d000-7ad6afd88000 r-xp 0000f000 fb:70 3802398                    /home/ubuntu/task2/env/lib/python3.11/site-packages/torch/lib/libc10_cuda.so
7ad6afd88000-7ad6afd9e000 r--p 0006a000 fb:70 3802398                    /home/ubuntu/task2/env/lib/python3.11/site-packages/torch/lib/libc10_cuda.so
7ad6afd9e000-7ad6afd9f000 ---p 00080000 fb:70 3802398                    /home/ubuntu/task2/env/lib/python3.11/site-packages/torch/lib/libc10_cuda.so
7ad6afd9f000-7ad6afda0000 r--p 00080000 fb:70 3802398                    /home/ubuntu/task2/env/lib/python3.11/site-packages/torch/lib/libc10_cuda.so
7ad6afda0000-7ad6afda1000 rw-p 00081000 fb:70 3802398                    /home/ubuntu/task2/env/lib/python3.11/site-packages/torch/lib/libc10_cuda.so
7ad6afda1000-7ad6afdc7000 rw-p 00000000 00:00 0 
7ad6afdc7000-7ad6afdcf000 rw-p 000a3000 fb:70 3802398                    /home/ubuntu/task2/env/lib/python3.11/site-packages/torch/lib/libc10_cuda.so
7ad6afdcf000-7ad6afdd2000 r--p 00000000 fb:70 3802401                    /home/ubuntu/task2/env/lib/python3.11/site-packages/torch/lib/libshm.so
7ad6afdd2000-7ad6afdd5000 r-xp 00003000 fb:70 3802401                    /home/ubuntu/task2/env/lib/python3.11/site-packages/torch/lib/libshm.so
7ad6afdd5000-7ad6afdd6000 r--p 00006000 fb:70 3802401                    /home/ubuntu/task2/env/lib/python3.11/site-packages/torch/lib/libshm.so
7ad6afdd6000-7ad6afdd7000 ---p 00007000 fb:70 3802401                    /home/ubuntu/task2/env/lib/python3.11/site-packages/torch/lib/libshm.so
7ad6afdd7000-7ad6afdd8000 r--p 00007000 fb:70 3802401                    /home/ubuntu/task2/env/lib/python3.11/site-packages/torch/lib/libshm.so
7ad6afdd8000-7ad6afdd9000 rw-p 00008000 fb:70 3802401                    /home/ubuntu/task2/env/lib/python3.11/site-packages/torch/lib/libshm.so
7ad6afdd9000-7ad6afddb000 rw-p 0000c000 fb:70 3802401                    /home/ubuntu/task2/env/lib/python3.11/site-packages/torch/lib/libshm.so
7ad6afddb000-7ad6afde3000 r--p 00000000 fb:70 3802402                    /home/ubuntu/task2/env/lib/python3.11/site-packages/torch/lib/libtorch.so
7ad6afde3000-7ad6afdff000 r-xp 00008000 fb:70 3802402                    /home/ubuntu/task2/env/lib/python3.11/site-packages/torch/lib/libtorch.so
7ad6afdff000-7ad6afe07000 r--p 00024000 fb:70 3802402                    /home/ubuntu/task2/env/lib/python3.11/site-packages/torch/lib/libtorch.so
7ad6afe07000-7ad6afe08000 ---p 0002c000 fb:70 3802402                    /home/ubuntu/task2/env/lib/python3.11/site-packages/torch/lib/libtorch.so
7ad6afe08000-7ad6afe09000 r--p 0002c000 fb:70 3802402                    /home/ubuntu/task2/env/lib/python3.11/site-packages/torch/lib/libtorch.so
7ad6afe09000-7ad6afe0a000 rw-p 0002d000 fb:70 3802402                    /home/ubuntu/task2/env/lib/python3.11/site-packages/torch/lib/libtorch.so
7ad6afe0a000-7ad6afe0f000 rw-p 0003b000 fb:70 3802402                    /home/ubuntu/task2/env/lib/python3.11/site-packages/torch/lib/libtorch.so
7ad6afe0f000-7ad6afe10000 r--p 00000000 08:02 61099064                   /usr/lib/x86_64-linux-gnu/librt.so.1
7ad6afe10000-7ad6afe11000 r-xp 00001000 08:02 61099064                   /usr/lib/x86_64-linux-gnu/librt.so.1
7ad6afe11000-7ad6afe12000 r--p 00002000 08:02 61099064                   /usr/lib/x86_64-linux-gnu/librt.so.1
7ad6afe12000-7ad6afe13000 r--p 00002000 08:02 61099064                   /usr/lib/x86_64-linux-gnu/librt.so.1
7ad6afe13000-7ad6afe14000 rw-p 00003000 08:02 61099064                   /usr/lib/x86_64-linux-gnu/librt.so.1
7ad6afe15000-7ad6afe16000 rw-s 00000000 00:429 6                         /dev/shm/sem.7k4fh5 (deleted)
7ad6afe16000-7ad6afe17000 r--p 00000000 fb:70 3696805                    /home/ubuntu/task2/env/lib/python3.11/site-packages/torch/_C.cpython-311-x86_64-linux-gnu.so
7ad6afe17000-7ad6afe18000 r-xp 00001000 fb:70 3696805                    /home/ubuntu/task2/env/lib/python3.11/site-packages/torch/_C.cpython-311-x86_64-linux-gnu.so
7ad6afe18000-7ad6afe19000 r--p 00002000 fb:70 3696805                    /home/ubuntu/task2/env/lib/python3.11/site-packages/torch/_C.cpython-311-x86_64-linux-gnu.so
7ad6afe19000-7ad6afe1a000 r--p 00002000 fb:70 3696805                    /home/ubuntu/task2/env/lib/python3.11/site-packages/torch/_C.cpython-311-x86_64-linux-gnu.so
7ad6afe1a000-7ad6afe1b000 rw-p 00003000 fb:70 3696805                    /home/ubuntu/task2/env/lib/python3.11/site-packages/torch/_C.cpython-311-x86_64-linux-gnu.so
7ad6afe1b000-7ad6afe1c000 rw-p 00006000 fb:70 3696805                    /home/ubuntu/task2/env/lib/python3.11/site-packages/torch/_C.cpython-311-x86_64-linux-gnu.so
7ad6afe1c000-7ad6afe1d000 r--p 00000000 fb:70 3802406                    /home/ubuntu/task2/env/lib/python3.11/site-packages/torch/lib/libtorch_global_deps.so
7ad6afe1d000-7ad6afe1e000 r-xp 00001000 fb:70 3802406                    /home/ubuntu/task2/env/lib/python3.11/site-packages/torch/lib/libtorch_global_deps.so
7ad6afe1e000-7ad6afe1f000 r--p 00002000 fb:70 3802406                    /home/ubuntu/task2/env/lib/python3.11/site-packages/torch/lib/libtorch_global_deps.so
7ad6afe1f000-7ad6afe20000 r--p 00002000 fb:70 3802406                    /home/ubuntu/task2/env/lib/python3.11/site-packages/torch/lib/libtorch_global_deps.so
7ad6afe20000-7ad6afe22000 rw-p 00003000 fb:70 3802406                    /home/ubuntu/task2/env/lib/python3.11/site-packages/torch/lib/libtorch_global_deps.so
7ad6afe22000-7ad6afe26000 r--p 00000000 08:02 58488172                   /opt/conda/lib/python3.11/lib-dynload/array.cpython-311-x86_64-linux-gnu.so
7ad6afe26000-7ad6afe2c000 r-xp 00004000 08:02 58488172                   /opt/conda/lib/python3.11/lib-dynload/array.cpython-311-x86_64-linux-gnu.so
7ad6afe2c000-7ad6afe30000 r--p 0000a000 08:02 58488172                   /opt/conda/lib/python3.11/lib-dynload/array.cpython-311-x86_64-linux-gnu.so
7ad6afe30000-7ad6afe31000 r--p 0000e000 08:02 58488172                   /opt/conda/lib/python3.11/lib-dynload/array.cpython-311-x86_64-linux-gnu.so
7ad6afe31000-7ad6afe32000 rw-p 0000f000 08:02 58488172                   /opt/conda/lib/python3.11/lib-dynload/array.cpython-311-x86_64-linux-gnu.so
7ad6afe32000-7ad6afe37000 r--p 00000000 08:02 58488134                   /opt/conda/lib/python3.11/lib-dynload/_datetime.cpython-311-x86_64-linux-gnu.so
7ad6afe37000-7ad6afe48000 r-xp 00005000 08:02 58488134                   /opt/conda/lib/python3.11/lib-dynload/_datetime.cpython-311-x86_64-linux-gnu.so
7ad6afe48000-7ad6afe4e000 r--p 00016000 08:02 58488134                   /opt/conda/lib/python3.11/lib-dynload/_datetime.cpython-311-x86_64-linux-gnu.so
7ad6afe4e000-7ad6afe4f000 r--p 0001b000 08:02 58488134                   /opt/conda/lib/python3.11/lib-dynload/_datetime.cpython-311-x86_64-linux-gnu.so
7ad6afe4f000-7ad6afe51000 rw-p 0001c000 08:02 58488134                   /opt/conda/lib/python3.11/lib-dynload/_datetime.cpython-311-x86_64-linux-gnu.so
7ad6afe51000-7ad6aff51000 rw-p 00000000 00:00 0 
7ad6aff51000-7ad6aff54000 r--p 00000000 08:02 58488185                   /opt/conda/lib/python3.11/lib-dynload/select.cpython-311-x86_64-linux-gnu.so
7ad6aff54000-7ad6aff57000 r-xp 00003000 08:02 58488185                   /opt/conda/lib/python3.11/lib-dynload/select.cpython-311-x86_64-linux-gnu.so
7ad6aff57000-7ad6aff59000 r--p 00006000 08:02 58488185                   /opt/conda/lib/python3.11/lib-dynload/select.cpython-311-x86_64-linux-gnu.so
7ad6aff59000-7ad6aff5a000 r--p 00008000 08:02 58488185                   /opt/conda/lib/python3.11/lib-dynload/select.cpython-311-x86_64-linux-gnu.so
7ad6aff5a000-7ad6aff5b000 rw-p 00009000 08:02 58488185                   /opt/conda/lib/python3.11/lib-dynload/select.cpython-311-x86_64-linux-gnu.so
7ad6aff5b000-7ad6aff5d000 r--p 00000000 08:02 58488148                   /opt/conda/lib/python3.11/lib-dynload/_posixsubprocess.cpython-311-x86_64-linux-gnu.so
7ad6aff5d000-7ad6aff5f000 r-xp 00002000 08:02 58488148                   /opt/conda/lib/python3.11/lib-dynload/_posixsubprocess.cpython-311-x86_64-linux-gnu.so
7ad6aff5f000-7ad6aff60000 r--p 00004000 08:02 58488148                   /opt/conda/lib/python3.11/lib-dynload/_posixsubprocess.cpython-311-x86_64-linux-gnu.so
7ad6aff60000-7ad6aff61000 r--p 00004000 08:02 58488148                   /opt/conda/lib/python3.11/lib-dynload/_posixsubprocess.cpython-311-x86_64-linux-gnu.so
7ad6aff61000-7ad6aff62000 rw-p 00005000 08:02 58488148                   /opt/conda/lib/python3.11/lib-dynload/_posixsubprocess.cpython-311-x86_64-linux-gnu.so
7ad6aff62000-7ad6aff64000 r--p 00000000 08:02 58488176                   /opt/conda/lib/python3.11/lib-dynload/fcntl.cpython-311-x86_64-linux-gnu.so
7ad6aff64000-7ad6aff65000 r-xp 00002000 08:02 58488176                   /opt/conda/lib/python3.11/lib-dynload/fcntl.cpython-311-x86_64-linux-gnu.so
7ad6aff65000-7ad6aff67000 r--p 00003000 08:02 58488176                   /opt/conda/lib/python3.11/lib-dynload/fcntl.cpython-311-x86_64-linux-gnu.so
7ad6aff67000-7ad6aff68000 r--p 00004000 08:02 58488176                   /opt/conda/lib/python3.11/lib-dynload/fcntl.cpython-311-x86_64-linux-gnu.so
7ad6aff68000-7ad6aff69000 rw-p 00005000 08:02 58488176                   /opt/conda/lib/python3.11/lib-dynload/fcntl.cpython-311-x86_64-linux-gnu.so
7ad6aff69000-7ad6aff6c000 r--p 00000000 08:02 58488139                   /opt/conda/lib/python3.11/lib-dynload/_json.cpython-311-x86_64-linux-gnu.so
7ad6aff6c000-7ad6aff72000 r-xp 00003000 08:02 58488139                   /opt/conda/lib/python3.11/lib-dynload/_json.cpython-311-x86_64-linux-gnu.so
7ad6aff72000-7ad6aff74000 r--p 00009000 08:02 58488139                   /opt/conda/lib/python3.11/lib-dynload/_json.cpython-311-x86_64-linux-gnu.so
7ad6aff74000-7ad6aff75000 r--p 0000a000 08:02 58488139                   /opt/conda/lib/python3.11/lib-dynload/_json.cpython-311-x86_64-linux-gnu.so
7ad6aff75000-7ad6aff76000 rw-p 0000b000 08:02 58488139                   /opt/conda/lib/python3.11/lib-dynload/_json.cpython-311-x86_64-linux-gnu.so
7ad6aff76000-7ad6aff78000 r--p 00000000 08:02 58488154                   /opt/conda/lib/python3.11/lib-dynload/_sha512.cpython-311-x86_64-linux-gnu.so
7ad6aff78000-7ad6aff7c000 r-xp 00002000 08:02 58488154                   /opt/conda/lib/python3.11/lib-dynload/_sha512.cpython-311-x86_64-linux-gnu.so
7ad6aff7c000-7ad6aff7d000 r--p 00006000 08:02 58488154                   /opt/conda/lib/python3.11/lib-dynload/_sha512.cpython-311-x86_64-linux-gnu.so
7ad6aff7d000-7ad6aff7e000 r--p 00006000 08:02 58488154                   /opt/conda/lib/python3.11/lib-dynload/_sha512.cpython-311-x86_64-linux-gnu.so
7ad6aff7e000-7ad6aff7f000 rw-p 00007000 08:02 58488154                   /opt/conda/lib/python3.11/lib-dynload/_sha512.cpython-311-x86_64-linux-gnu.so
7ad6aff7f000-7ad6aff81000 r--p 00000000 08:02 58488150                   /opt/conda/lib/python3.11/lib-dynload/_random.cpython-311-x86_64-linux-gnu.so
7ad6aff81000-7ad6aff83000 r-xp 00002000 08:02 58488150                   /opt/conda/lib/python3.11/lib-dynload/_random.cpython-311-x86_64-linux-gnu.so
7ad6aff83000-7ad6aff84000 r--p 00004000 08:02 58488150                   /opt/conda/lib/python3.11/lib-dynload/_random.cpython-311-x86_64-linux-gnu.so
7ad6aff84000-7ad6aff85000 r--p 00004000 08:02 58488150                   /opt/conda/lib/python3.11/lib-dynload/_random.cpython-311-x86_64-linux-gnu.so
7ad6aff85000-7ad6aff86000 rw-p 00005000 08:02 58488150                   /opt/conda/lib/python3.11/lib-dynload/_random.cpython-311-x86_64-linux-gnu.so
7ad6aff86000-7ad6aff8b000 r--p 00000000 08:02 58486639                   /opt/conda/lib/liblzma.so.5
7ad6aff8b000-7ad6affa9000 r-xp 00005000 08:02 58486639                   /opt/conda/lib/liblzma.so.5
7ad6affa9000-7ad6affb5000 r--p 00023000 08:02 58486639                   /opt/conda/lib/liblzma.so.5
7ad6affb5000-7ad6affb6000 r--p 0002f000 08:02 58486639                   /opt/conda/lib/liblzma.so.5
7ad6affb6000-7ad6affb7000 rw-p 00030000 08:02 58486639                   /opt/conda/lib/liblzma.so.5
7ad6affb7000-7ad6affba000 r--p 00000000 08:02 58488141                   /opt/conda/lib/python3.11/lib-dynload/_lzma.cpython-311-x86_64-linux-gnu.so
7ad6affba000-7ad6affbe000 r-xp 00003000 08:02 58488141                   /opt/conda/lib/python3.11/lib-dynload/_lzma.cpython-311-x86_64-linux-gnu.so
7ad6affbe000-7ad6affc1000 r--p 00007000 08:02 58488141                   /opt/conda/lib/python3.11/lib-dynload/_lzma.cpython-311-x86_64-linux-gnu.so
7ad6affc1000-7ad6affc2000 r--p 00009000 08:02 58488141                   /opt/conda/lib/python3.11/lib-dynload/_lzma.cpython-311-x86_64-linux-gnu.so
7ad6affc2000-7ad6affc3000 rw-p 0000a000 08:02 58488141                   /opt/conda/lib/python3.11/lib-dynload/_lzma.cpython-311-x86_64-linux-gnu.so
7ad6affc3000-7ad6affc5000 r--p 00000000 08:02 58486522                   /opt/conda/lib/libbz2.so.1.0.8
7ad6affc5000-7ad6affd3000 r-xp 00002000 08:02 58486522                   /opt/conda/lib/libbz2.so.1.0.8
7ad6affd3000-7ad6affd5000 r--p 00010000 08:02 58486522                   /opt/conda/lib/libbz2.so.1.0.8
7ad6affd5000-7ad6affd6000 r--p 00011000 08:02 58486522                   /opt/conda/lib/libbz2.so.1.0.8
7ad6affd6000-7ad6affd7000 rw-p 00012000 08:02 58486522                   /opt/conda/lib/libbz2.so.1.0.8
7ad6affd7000-7ad6affd9000 r--p 00000000 08:02 58488120                   /opt/conda/lib/python3.11/lib-dynload/_bz2.cpython-311-x86_64-linux-gnu.so
7ad6affd9000-7ad6affdb000 r-xp 00002000 08:02 58488120                   /opt/conda/lib/python3.11/lib-dynload/_bz2.cpython-311-x86_64-linux-gnu.so
7ad6affdb000-7ad6affdd000 r--p 00004000 08:02 58488120                   /opt/conda/lib/python3.11/lib-dynload/_bz2.cpython-311-x86_64-linux-gnu.so
7ad6affdd000-7ad6affde000 r--p 00005000 08:02 58488120                   /opt/conda/lib/python3.11/lib-dynload/_bz2.cpython-311-x86_64-linux-gnu.so
7ad6affde000-7ad6affdf000 rw-p 00006000 08:02 58488120                   /opt/conda/lib/python3.11/lib-dynload/_bz2.cpython-311-x86_64-linux-gnu.so
7ad6affdf000-7ad6affe2000 r--p 00000000 08:02 58486757                   /opt/conda/lib/libz.so.1.3.1
7ad6affe2000-7ad6afff1000 r-xp 00003000 08:02 58486757                   /opt/conda/lib/libz.so.1.3.1
7ad6afff1000-7ad6afff8000 r--p 00012000 08:02 58486757                   /opt/conda/lib/libz.so.1.3.1
7ad6afff8000-7ad6afff9000 r--p 00018000 08:02 58486757                   /opt/conda/lib/libz.so.1.3.1
7ad6afff9000-7ad6afffa000 rw-p 00019000 08:02 58486757                   /opt/conda/lib/libz.so.1.3.1
7ad6afffa000-7ad6afffd000 r--p 00000000 08:02 58488192                   /opt/conda/lib/python3.11/lib-dynload/zlib.cpython-311-x86_64-linux-gnu.so
7ad6afffd000-7ad6b0001000 r-xp 00003000 08:02 58488192                   /opt/conda/lib/python3.11/lib-dynload/zlib.cpython-311-x86_64-linux-gnu.so
7ad6b0001000-7ad6b0004000 r--p 00007000 08:02 58488192                   /opt/conda/lib/python3.11/lib-dynload/zlib.cpython-311-x86_64-linux-gnu.so
7ad6b0004000-7ad6b0005000 r--p 00009000 08:02 58488192                   /opt/conda/lib/python3.11/lib-dynload/zlib.cpython-311-x86_64-linux-gnu.so
7ad6b0005000-7ad6b0006000 rw-p 0000a000 08:02 58488192                   /opt/conda/lib/python3.11/lib-dynload/zlib.cpython-311-x86_64-linux-gnu.so
7ad6b0006000-7ad6b0106000 rw-p 00000000 00:00 0 
7ad6b0106000-7ad6b010b000 r--p 00000000 08:02 58488155                   /opt/conda/lib/python3.11/lib-dynload/_socket.cpython-311-x86_64-linux-gnu.so
7ad6b010b000-7ad6b0113000 r-xp 00005000 08:02 58488155                   /opt/conda/lib/python3.11/lib-dynload/_socket.cpython-311-x86_64-linux-gnu.so
7ad6b0113000-7ad6b011b000 r--p 0000d000 08:02 58488155                   /opt/conda/lib/python3.11/lib-dynload/_socket.cpython-311-x86_64-linux-gnu.so
7ad6b011b000-7ad6b011c000 r--p 00015000 08:02 58488155                   /opt/conda/lib/python3.11/lib-dynload/_socket.cpython-311-x86_64-linux-gnu.so
7ad6b011c000-7ad6b011d000 rw-p 00016000 08:02 58488155                   /opt/conda/lib/python3.11/lib-dynload/_socket.cpython-311-x86_64-linux-gnu.so
7ad6b011d000-7ad6b021d000 rw-p 00000000 00:00 0 
7ad6b021d000-7ad6b021e000 ---p 00000000 00:00 0 
7ad6b021e000-7ad6b021f000 r--p 00000000 00:00 0 
7ad6b021f000-7ad6b0221000 r--p 00000000 08:02 58488177                   /opt/conda/lib/python3.11/lib-dynload/grp.cpython-311-x86_64-linux-gnu.so
7ad6b0221000-7ad6b0222000 r-xp 00002000 08:02 58488177                   /opt/conda/lib/python3.11/lib-dynload/grp.cpython-311-x86_64-linux-gnu.so
7ad6b0222000-7ad6b0223000 r--p 00003000 08:02 58488177                   /opt/conda/lib/python3.11/lib-dynload/grp.cpython-311-x86_64-linux-gnu.so
7ad6b0223000-7ad6b0224000 r--p 00003000 08:02 58488177                   /opt/conda/lib/python3.11/lib-dynload/grp.cpython-311-x86_64-linux-gnu.so
7ad6b0224000-7ad6b0225000 rw-p 00004000 08:02 58488177                   /opt/conda/lib/python3.11/lib-dynload/grp.cpython-311-x86_64-linux-gnu.so
7ad6b0225000-7ad6b0226000 r--p 00000000 08:02 58488138                   /opt/conda/lib/python3.11/lib-dynload/_heapq.cpython-311-x86_64-linux-gnu.so
7ad6b0226000-7ad6b0229000 r-xp 00001000 08:02 58488138                   /opt/conda/lib/python3.11/lib-dynload/_heapq.cpython-311-x86_64-linux-gnu.so
7ad6b0229000-7ad6b022c000 r--p 00004000 08:02 58488138                   /opt/conda/lib/python3.11/lib-dynload/_heapq.cpython-311-x86_64-linux-gnu.so
7ad6b022c000-7ad6b022d000 r--p 00006000 08:02 58488138                   /opt/conda/lib/python3.11/lib-dynload/_heapq.cpython-311-x86_64-linux-gnu.so
7ad6b022d000-7ad6b022e000 rw-p 00007000 08:02 58488138                   /opt/conda/lib/python3.11/lib-dynload/_heapq.cpython-311-x86_64-linux-gnu.so
7ad6b022e000-7ad6b0233000 r--p 00000000 08:02 58488146                   /opt/conda/lib/python3.11/lib-dynload/_pickle.cpython-311-x86_64-linux-gnu.so
7ad6b0233000-7ad6b0244000 r-xp 00005000 08:02 58488146                   /opt/conda/lib/python3.11/lib-dynload/_pickle.cpython-311-x86_64-linux-gnu.so
7ad6b0244000-7ad6b024a000 r--p 00016000 08:02 58488146                   /opt/conda/lib/python3.11/lib-dynload/_pickle.cpython-311-x86_64-linux-gnu.so
7ad6b024a000-7ad6b024b000 r--p 0001c000 08:02 58488146                   /opt/conda/lib/python3.11/lib-dynload/_pickle.cpython-311-x86_64-linux-gnu.so
7ad6b024b000-7ad6b024c000 rw-p 0001d000 08:02 58488146                   /opt/conda/lib/python3.11/lib-dynload/_pickle.cpython-311-x86_64-linux-gnu.so
7ad6b024c000-7ad6b024d000 r--p 00000000 08:02 58488127                   /opt/conda/lib/python3.11/lib-dynload/_contextvars.cpython-311-x86_64-linux-gnu.so
7ad6b024d000-7ad6b024e000 r-xp 00001000 08:02 58488127                   /opt/conda/lib/python3.11/lib-dynload/_contextvars.cpython-311-x86_64-linux-gnu.so
7ad6b024e000-7ad6b024f000 r--p 00002000 08:02 58488127                   /opt/conda/lib/python3.11/lib-dynload/_contextvars.cpython-311-x86_64-linux-gnu.so
7ad6b024f000-7ad6b0250000 r--p 00002000 08:02 58488127                   /opt/conda/lib/python3.11/lib-dynload/_contextvars.cpython-311-x86_64-linux-gnu.so
7ad6b0250000-7ad6b0251000 rw-p 00003000 08:02 58488127                   /opt/conda/lib/python3.11/lib-dynload/_contextvars.cpython-311-x86_64-linux-gnu.so
7ad6b0251000-7ad6b0253000 r--p 00000000 08:02 58488118                   /opt/conda/lib/python3.11/lib-dynload/_bisect.cpython-311-x86_64-linux-gnu.so
7ad6b0253000-7ad6b0254000 r-xp 00002000 08:02 58488118                   /opt/conda/lib/python3.11/lib-dynload/_bisect.cpython-311-x86_64-linux-gnu.so
7ad6b0254000-7ad6b0255000 r--p 00003000 08:02 58488118                   /opt/conda/lib/python3.11/lib-dynload/_bisect.cpython-311-x86_64-linux-gnu.so
7ad6b0255000-7ad6b0256000 r--p 00003000 08:02 58488118                   /opt/conda/lib/python3.11/lib-dynload/_bisect.cpython-311-x86_64-linux-gnu.so
7ad6b0256000-7ad6b0257000 rw-p 00004000 08:02 58488118                   /opt/conda/lib/python3.11/lib-dynload/_bisect.cpython-311-x86_64-linux-gnu.so
7ad6b0257000-7ad6b0258000 r--p 00000000 08:02 58488167                   /opt/conda/lib/python3.11/lib-dynload/_typing.cpython-311-x86_64-linux-gnu.so
7ad6b0258000-7ad6b0259000 r-xp 00001000 08:02 58488167                   /opt/conda/lib/python3.11/lib-dynload/_typing.cpython-311-x86_64-linux-gnu.so
7ad6b0259000-7ad6b025a000 r--p 00002000 08:02 58488167                   /opt/conda/lib/python3.11/lib-dynload/_typing.cpython-311-x86_64-linux-gnu.so
7ad6b025a000-7ad6b025b000 r--p 00002000 08:02 58488167                   /opt/conda/lib/python3.11/lib-dynload/_typing.cpython-311-x86_64-linux-gnu.so
7ad6b025b000-7ad6b025c000 rw-p 00003000 08:02 58488167                   /opt/conda/lib/python3.11/lib-dynload/_typing.cpython-311-x86_64-linux-gnu.so
7ad6b025c000-7ad6b0260000 r--p 00000000 08:02 58488178                   /opt/conda/lib/python3.11/lib-dynload/math.cpython-311-x86_64-linux-gnu.so
7ad6b0260000-7ad6b0267000 r-xp 00004000 08:02 58488178                   /opt/conda/lib/python3.11/lib-dynload/math.cpython-311-x86_64-linux-gnu.so
7ad6b0267000-7ad6b026c000 r--p 0000b000 08:02 58488178                   /opt/conda/lib/python3.11/lib-dynload/math.cpython-311-x86_64-linux-gnu.so
7ad6b026c000-7ad6b026d000 r--p 0000f000 08:02 58488178                   /opt/conda/lib/python3.11/lib-dynload/math.cpython-311-x86_64-linux-gnu.so
7ad6b026d000-7ad6b026e000 rw-p 00010000 08:02 58488178                   /opt/conda/lib/python3.11/lib-dynload/math.cpython-311-x86_64-linux-gnu.so
7ad6b026e000-7ad6b026f000 r--p 00000000 08:02 58488145                   /opt/conda/lib/python3.11/lib-dynload/_opcode.cpython-311-x86_64-linux-gnu.so
7ad6b026f000-7ad6b0270000 r-xp 00001000 08:02 58488145                   /opt/conda/lib/python3.11/lib-dynload/_opcode.cpython-311-x86_64-linux-gnu.so
7ad6b0270000-7ad6b0271000 r--p 00002000 08:02 58488145                   /opt/conda/lib/python3.11/lib-dynload/_opcode.cpython-311-x86_64-linux-gnu.so
7ad6b0271000-7ad6b0272000 r--p 00002000 08:02 58488145                   /opt/conda/lib/python3.11/lib-dynload/_opcode.cpython-311-x86_64-linux-gnu.so
7ad6b0272000-7ad6b0273000 rw-p 00003000 08:02 58488145                   /opt/conda/lib/python3.11/lib-dynload/_opcode.cpython-311-x86_64-linux-gnu.so
7ad6b0273000-7ad6b0373000 rw-p 00000000 00:00 0 
7ad6b0373000-7ad6b0377000 r--p 00000000 08:02 58488159                   /opt/conda/lib/python3.11/lib-dynload/_struct.cpython-311-x86_64-linux-gnu.so
7ad6b0377000-7ad6b037c000 r-xp 00004000 08:02 58488159                   /opt/conda/lib/python3.11/lib-dynload/_struct.cpython-311-x86_64-linux-gnu.so
7ad6b037c000-7ad6b0380000 r--p 00009000 08:02 58488159                   /opt/conda/lib/python3.11/lib-dynload/_struct.cpython-311-x86_64-linux-gnu.so
7ad6b0380000-7ad6b0381000 r--p 0000c000 08:02 58488159                   /opt/conda/lib/python3.11/lib-dynload/_struct.cpython-311-x86_64-linux-gnu.so
7ad6b0381000-7ad6b0382000 rw-p 0000d000 08:02 58488159                   /opt/conda/lib/python3.11/lib-dynload/_struct.cpython-311-x86_64-linux-gnu.so
7ad6b0382000-7ad6b0384000 r--p 00000000 08:02 58486555                   /opt/conda/lib/libffi.so.8.1.4
7ad6b0384000-7ad6b038a000 r-xp 00002000 08:02 58486555                   /opt/conda/lib/libffi.so.8.1.4
7ad6b038a000-7ad6b038c000 r--p 00008000 08:02 58486555                   /opt/conda/lib/libffi.so.8.1.4
7ad6b038c000-7ad6b038d000 r--p 00009000 08:02 58486555                   /opt/conda/lib/libffi.so.8.1.4
7ad6b038d000-7ad6b038e000 rw-p 0000a000 08:02 58486555                   /opt/conda/lib/libffi.so.8.1.4
7ad6b038e000-7ad6b0395000 r--p 00000000 08:02 58488130                   /opt/conda/lib/python3.11/lib-dynload/_ctypes.cpython-311-x86_64-linux-gnu.so
7ad6b0395000-7ad6b03a3000 r-xp 00007000 08:02 58488130                   /opt/conda/lib/python3.11/lib-dynload/_ctypes.cpython-311-x86_64-linux-gnu.so
7ad6b03a3000-7ad6b03a9000 r--p 00015000 08:02 58488130                   /opt/conda/lib/python3.11/lib-dynload/_ctypes.cpython-311-x86_64-linux-gnu.so
7ad6b03a9000-7ad6b03aa000 r--p 0001a000 08:02 58488130                   /opt/conda/lib/python3.11/lib-dynload/_ctypes.cpython-311-x86_64-linux-gnu.so
7ad6b03aa000-7ad6b03ae000 rw-p 0001b000 08:02 58488130                   /opt/conda/lib/python3.11/lib-dynload/_ctypes.cpython-311-x86_64-linux-gnu.so
7ad6b03ae000-7ad6b0614000 rw-p 00000000 00:00 0 
7ad6b0614000-7ad6b066b000 r--p 00000000 08:02 58470175                   /usr/lib/locale/C.utf8/LC_CTYPE
7ad6b066b000-7ad6b066f000 rw-p 00000000 00:00 0 
7ad6b066f000-7ad6b0697000 r--p 00000000 08:02 61098828                   /usr/lib/x86_64-linux-gnu/libc.so.6
7ad6b0697000-7ad6b082c000 r-xp 00028000 08:02 61098828                   /usr/lib/x86_64-linux-gnu/libc.so.6
7ad6b082c000-7ad6b0884000 r--p 001bd000 08:02 61098828                   /usr/lib/x86_64-linux-gnu/libc.so.6
7ad6b0884000-7ad6b0885000 ---p 00215000 08:02 61098828                   /usr/lib/x86_64-linux-gnu/libc.so.6
7ad6b0885000-7ad6b0889000 r--p 00215000 08:02 61098828                   /usr/lib/x86_64-linux-gnu/libc.so.6
7ad6b0889000-7ad6b088b000 rw-p 00219000 08:02 61098828                   /usr/lib/x86_64-linux-gnu/libc.so.6
7ad6b088b000-7ad6b0898000 rw-p 00000000 00:00 0 
7ad6b0898000-7ad6b08a6000 r--p 00000000 08:02 61098981                   /usr/lib/x86_64-linux-gnu/libm.so.6
7ad6b08a6000-7ad6b0922000 r-xp 0000e000 08:02 61098981                   /usr/lib/x86_64-linux-gnu/libm.so.6
7ad6b0922000-7ad6b097d000 r--p 0008a000 08:02 61098981                   /usr/lib/x86_64-linux-gnu/libm.so.6
7ad6b097d000-7ad6b097e000 r--p 000e4000 08:02 61098981                   /usr/lib/x86_64-linux-gnu/libm.so.6
7ad6b097e000-7ad6b097f000 rw-p 000e5000 08:02 61098981                   /usr/lib/x86_64-linux-gnu/libm.so.6
7ad6b097f000-7ad6b0980000 r--p 00000000 08:02 61099091                   /usr/lib/x86_64-linux-gnu/libutil.so.1
7ad6b0980000-7ad6b0981000 r-xp 00001000 08:02 61099091                   /usr/lib/x86_64-linux-gnu/libutil.so.1
7ad6b0981000-7ad6b0982000 r--p 00002000 08:02 61099091                   /usr/lib/x86_64-linux-gnu/libutil.so.1
7ad6b0982000-7ad6b0983000 r--p 00002000 08:02 61099091                   /usr/lib/x86_64-linux-gnu/libutil.so.1
7ad6b0983000-7ad6b0984000 rw-p 00003000 08:02 61099091                   /usr/lib/x86_64-linux-gnu/libutil.so.1
7ad6b0984000-7ad6b0985000 r--p 00000000 08:02 61098867                   /usr/lib/x86_64-linux-gnu/libdl.so.2
7ad6b0985000-7ad6b0986000 r-xp 00001000 08:02 61098867                   /usr/lib/x86_64-linux-gnu/libdl.so.2
7ad6b0986000-7ad6b0987000 r--p 00002000 08:02 61098867                   /usr/lib/x86_64-linux-gnu/libdl.so.2
7ad6b0987000-7ad6b0988000 r--p 00002000 08:02 61098867                   /usr/lib/x86_64-linux-gnu/libdl.so.2
7ad6b0988000-7ad6b0989000 rw-p 00003000 08:02 61098867                   /usr/lib/x86_64-linux-gnu/libdl.so.2
7ad6b0989000-7ad6b098a000 r--p 00000000 08:02 61099055                   /usr/lib/x86_64-linux-gnu/libpthread.so.0
7ad6b098a000-7ad6b098b000 r-xp 00001000 08:02 61099055                   /usr/lib/x86_64-linux-gnu/libpthread.so.0
7ad6b098b000-7ad6b098c000 r--p 00002000 08:02 61099055                   /usr/lib/x86_64-linux-gnu/libpthread.so.0
7ad6b098c000-7ad6b098d000 r--p 00002000 08:02 61099055                   /usr/lib/x86_64-linux-gnu/libpthread.so.0
7ad6b098d000-7ad6b098e000 rw-p 00003000 08:02 61099055                   /usr/lib/x86_64-linux-gnu/libpthread.so.0
7ad6b098e000-7ad6b098f000 ---p 00000000 00:00 0 
7ad6b098f000-7ad6b0996000 r--s 00000000 08:02 61098703                   /usr/lib/x86_64-linux-gnu/gconv/gconv-modules.cache
7ad6b0996000-7ad6b0998000 rw-p 00000000 00:00 0 
7ad6b0998000-7ad6b099a000 r--p 00000000 08:02 61098761                   /usr/lib/x86_64-linux-gnu/ld-linux-x86-64.so.2
7ad6b099a000-7ad6b09c4000 r-xp 00002000 08:02 61098761                   /usr/lib/x86_64-linux-gnu/ld-linux-x86-64.so.2
7ad6b09c4000-7ad6b09cf000 r--p 0002c000 08:02 61098761                   /usr/lib/x86_64-linux-gnu/ld-linux-x86-64.so.2
7ad6b09cf000-7ad6b09d0000 r--s 00000000 00:05 1166                       /dev/nvidiactl
7ad6b09d0000-7ad6b09d2000 r--p 00037000 08:02 61098761                   /usr/lib/x86_64-linux-gnu/ld-linux-x86-64.so.2
7ad6b09d2000-7ad6b09d4000 rw-p 00039000 08:02 61098761                   /usr/lib/x86_64-linux-gnu/ld-linux-x86-64.so.2
7fff45381000-7fff45385000 ---p 00000000 00:00 0 
7fff45385000-7fff45481000 rw-p 00000000 00:00 0                          [stack]
7fff45535000-7fff45539000 r--p 00000000 00:00 0                          [vvar]
7fff45539000-7fff4553b000 r-xp 00000000 00:00 0                          [vdso]
ffffffffff600000-ffffffffff601000 --xp 00000000 00:00 0                  [vsyscall]
Total number of mappings: 2652


VM Arguments:
jvm_args: --add-modules=jdk.incubator.vector 
java_command: <unknown>
java_class_path (initial): /home/ubuntu/task2/env/lib/python3.11/site-packages/pyserini/resources/jars/anserini-0.39.0-fatjar.jar:/home/ubuntu/task2/env/lib/python3.11/site-packages/jnius/src
Launcher Type: generic

[Global flags]
     intx CICompilerCount                          = 4                                         {product} {ergonomic}
     uint ConcGCThreads                            = 2                                         {product} {ergonomic}
     uint G1ConcRefinementThreads                  = 8                                         {product} {ergonomic}
   size_t G1HeapRegionSize                         = 4194304                                   {product} {ergonomic}
    uintx GCDrainStackTargetSize                   = 64                                        {product} {ergonomic}
   size_t InitialHeapSize                          = 469762048                                 {product} {ergonomic}
   size_t MarkStackSize                            = 4194304                                   {product} {ergonomic}
   size_t MaxHeapSize                              = 7503609856                                {product} {ergonomic}
   size_t MaxNewSize                               = 4500488192                                {product} {ergonomic}
   size_t MinHeapDeltaBytes                        = 4194304                                   {product} {ergonomic}
   size_t MinHeapSize                              = 8388608                                   {product} {ergonomic}
    uintx NonNMethodCodeHeapSize                   = 5839372                                {pd product} {ergonomic}
    uintx NonProfiledCodeHeapSize                  = 122909434                              {pd product} {ergonomic}
    uintx ProfiledCodeHeapSize                     = 122909434                              {pd product} {ergonomic}
    uintx ReservedCodeCacheSize                    = 251658240                              {pd product} {ergonomic}
     bool SegmentedCodeCache                       = true                                      {product} {ergonomic}
   size_t SoftMaxHeapSize                          = 7503609856                             {manageable} {ergonomic}
     bool UseCompressedOops                        = true                           {product lp64_product} {ergonomic}
     bool UseG1GC                                  = true                                      {product} {ergonomic}

Logging:
Log output configuration:
 #0: 
[error occurred during error reporting (printing log configuration), id 0xb, SIGSEGV (0xb) at pc=0x00007ad46eb77c16]
Environment Variables:
JAVA_HOME=/usr/lib/jvm/java-21-openjdk-amd64
PATH=/home/ubuntu/task2/env/bin:/usr/local/cuda/bin:/home/ubuntu/.cursor-server/bin/5b19bac7a947f54e4caa3eb7e4c5fbf832389850/bin/remote-cli:/home/ubuntu/.local/bin:/home/ubuntu/.local/bin:/usr/local/cuda/bin:/home/ubuntu/.local/bin:/home/ubuntu/.local/bin:/usr/local/sbin:/usr/local/bin:/usr/sbin:/usr/bin:/sbin:/bin:/usr/games:/usr/local/games:/snap/bin
LD_LIBRARY_PATH=/usr/local/cuda/lib64:/usr/local/cuda/lib64:
SHELL=/bin/bash
LANG=en_US.UTF-8
LC_CTYPE=C.UTF-8
TERM=xterm-256color

Active Locale:
LC_ALL=LC_CTYPE=C.UTF-8;LC_NUMERIC=C;LC_TIME=C;LC_COLLATE=C;LC_MONETARY=C;LC_MESSAGES=C;LC_PAPER=C;LC_NAME=C;LC_ADDRESS=C;LC_TELEPHONE=C;LC_MEASUREMENT=C;LC_IDENTIFICATION=C
LC_COLLATE=C
LC_CTYPE=C.UTF-8
LC_MESSAGES=C
LC_MONETARY=C
LC_NUMERIC=C
LC_TIME=C

Signal Handlers:
   SIGSEGV: crash_handler in libjvm.so, mask=11100100010111111101111111111110, flags=SA_RESTART|SA_SIGINFO, unblocked
    SIGBUS: crash_handler in libjvm.so, mask=11100100010111111101111111111110, flags=SA_RESTART|SA_SIGINFO, unblocked
    SIGFPE: crash_handler in libjvm.so, mask=11100100010111111101111111111110, flags=SA_RESTART|SA_SIGINFO, unblocked
   SIGPIPE: javaSignalHandler in libjvm.so, mask=11100100010111111101111111111110, flags=SA_RESTART|SA_SIGINFO, blocked
  *** Handler was modified!
  *** Expected: 0x0000571b12f98830, mask=00000010000100100110001011001000, flags=SA_RESTART|SA_SIGINFO
   SIGXFSZ: javaSignalHandler in libjvm.so, mask=11100100010111111101111111111110, flags=SA_RESTART|SA_SIGINFO, blocked
  *** Handler was modified!
  *** Expected: 0x0000571b135dc9c0, mask=00001111101001111110100001001000, flags=SA_RESTART|SA_SIGINFO
    SIGILL: crash_handler in libjvm.so, mask=11100100010111111101111111111110, flags=SA_RESTART|SA_SIGINFO, unblocked
   SIGUSR2: SR_handler in libjvm.so, mask=00000000000000000000000000000000, flags=SA_RESTART|SA_SIGINFO, blocked
  *** Handler was modified!
  *** Expected: 0x0000571b12f55b50, mask=00000011100100111011101011001000, flags=SA_RESTART|SA_SIGINFO
    SIGHUP: UserHandler in libjvm.so, mask=11100100010111111101111111111110, flags=SA_RESTART|SA_SIGINFO, blocked
    SIGINT: UserHandler in libjvm.so, mask=11100100010111111101111111111110, flags=SA_RESTART|SA_SIGINFO, blocked
   SIGTERM: UserHandler in libjvm.so, mask=11100100010111111101111111111110, flags=SA_RESTART|SA_SIGINFO, blocked
   SIGQUIT: UserHandler in libjvm.so, mask=11100100010111111101111111111110, flags=SA_RESTART|SA_SIGINFO, blocked
   SIGTRAP: crash_handler in libjvm.so, mask=11100100010111111101111111111110, flags=SA_RESTART|SA_SIGINFO, unblocked


Periodic native trim disabled

---------------  S Y S T E M  ---------------

OS:
DISTRIB_ID=Ubuntu
DISTRIB_RELEASE=22.04
DISTRIB_CODENAME=jammy
DISTRIB_DESCRIPTION="Ubuntu 22.04.5 LTS"
uname: Linux 6.5.0-35-generic #35~22.04.1-Ubuntu SMP PREEMPT_DYNAMIC Tue May  7 09:00:52 UTC 2 x86_64
OS uptime: 3 days 21:47 hours
libc: glibc 2.35 NPTL 2.35 
rlimit (soft/hard): STACK 8192k/infinity , CORE 0k/infinity , NPROC 1030777/1030777 , NOFILE 65536/65536 , AS infinity/infinity , CPU infinity/infinity , DATA infinity/infinity , FSIZE infinity/infinity , MEMLOCK 16384k/16384k
load average: 7.17 6.92 6.89

/proc/meminfo:
MemTotal:       263957940 kB
MemFree:        17464304 kB
MemAvailable:   194230588 kB
Buffers:         3779280 kB
Cached:         166254948 kB
SwapCached:          136 kB
Active:         104344156 kB
Inactive:       125489108 kB
Active(anon):   60012900 kB
Inactive(anon):     6684 kB
Active(file):   44331256 kB
Inactive(file): 125482424 kB
Unevictable:        3716 kB
Mlocked:               0 kB
SwapTotal:       2097148 kB
SwapFree:        2096624 kB
Zswap:                 0 kB
Zswapped:              0 kB
Dirty:             24080 kB
Writeback:             0 kB
AnonPages:      59719508 kB
Mapped:          8811264 kB
Shmem:            220492 kB
KReclaimable:    8798476 kB
Slab:           10415512 kB
SReclaimable:    8798476 kB
SUnreclaim:      1617036 kB
KernelStack:      106816 kB
PageTables:       264740 kB
SecPageTables:         0 kB
NFS_Unstable:          0 kB
Bounce:                0 kB
WritebackTmp:          0 kB
CommitLimit:    134076116 kB
Committed_AS:   132782404 kB
VmallocTotal:   34359738367 kB
VmallocUsed:      734428 kB
VmallocChunk:          0 kB
Percpu:           237824 kB
HardwareCorrupted:     0 kB
AnonHugePages:    335872 kB
ShmemHugePages:        0 kB
ShmemPmdMapped:        0 kB
FileHugePages:         0 kB
FilePmdMapped:         0 kB
Unaccepted:            0 kB
HugePages_Total:       0
HugePages_Free:        0
HugePages_Rsvd:        0
HugePages_Surp:        0
Hugepagesize:       2048 kB
Hugetlb:               0 kB
DirectMap4k:    22206828 kB
DirectMap2M:    202049536 kB
DirectMap1G:    45088768 kB

/sys/kernel/mm/transparent_hugepage/enabled: always [madvise] never
/sys/kernel/mm/transparent_hugepage/hpage_pmd_size: 2097152
/sys/kernel/mm/transparent_hugepage/defrag (defrag/compaction efforts parameter): always defer defer+madvise [madvise] never

Process Memory:
Virtual Size: 92841076K (peak: 92841076K)
Resident Set Size: 1884124K (peak: 1884124K) (anon: 1340960K, file: 524732K, shmem: 18432K)
Swapped out: 0K
C-Heap outstanding allocations: 1200108K, retained: 33183K
glibc malloc tunables: (default)

/proc/sys/kernel/threads-max (system-wide limit on the number of threads): 2061555
/proc/sys/vm/max_map_count (maximum number of memory map areas a process may have): 65530
/proc/sys/vm/swappiness (control to define how aggressively the kernel swaps out anonymous memory): 60
/proc/sys/kernel/pid_max (system-wide limit on number of process identifiers): 4194304

container (cgroup) information:
container_type: cgroupv2
cpu_cpuset_cpus: not supported
cpu_memory_nodes: not supported
active_processor_count: 8
cpu_quota: 720000
cpu_period: 100000
cpu_shares: 28
memory_limit_in_bytes: 29296872 k
memory_and_swap_limit_in_bytes: 29296872 k
memory_soft_limit_in_bytes: unlimited
memory_usage_in_bytes: 14183368 k
memory_max_usage_in_bytes: not supported
memory_swap_current_in_bytes: unlimited
memory_swap_max_limit_in_bytes: unlimited
maximum number of tasks: unlimited
current number of tasks: 306

Steal ticks since vm start: 0
Steal ticks percentage since vm start:  0.000

CPU: total 64 (initial active 8) (32 cores per cpu, 2 threads per core) family 23 model 49 stepping 0 microcode 0x830107c, cx8, cmov, fxsr, ht, mmx, 3dnowpref, sse, sse2, sse3, ssse3, sse4a, sse4.1, sse4.2, popcnt, lzcnt, tsc, tscinvbit, avx, avx2, aes, clmul, bmi1, bmi2, adx, sha, fma, vzeroupper, clflush, clflushopt, rdtscp, rdpid, f16c
CPU Model and flags from /proc/cpuinfo:
model name	: AMD EPYC 7282 16-Core Processor
flags		: fpu vme de pse tsc msr pae mce cx8 apic sep mtrr pge mca cmov pat pse36 clflush mmx fxsr sse sse2 ht syscall nx mmxext fxsr_opt pdpe1gb rdtscp lm constant_tsc rep_good nopl nonstop_tsc cpuid extd_apicid aperfmperf rapl pni pclmulqdq monitor ssse3 fma cx16 sse4_1 sse4_2 movbe popcnt aes xsave avx f16c rdrand lahf_lm cmp_legacy svm extapic cr8_legacy abm sse4a misalignsse 3dnowprefetch osvw ibs skinit wdt tce topoext perfctr_core perfctr_nb bpext perfctr_llc mwaitx cpb cat_l3 cdp_l3 hw_pstate ssbd mba ibrs ibpb stibp vmmcall fsgsbase bmi1 avx2 smep bmi2 cqm rdt_a rdseed adx smap clflushopt clwb sha_ni xsaveopt xsavec xgetbv1 cqm_llc cqm_occup_llc cqm_mbm_total cqm_mbm_local clzero irperf xsaveerptr rdpru wbnoinvd amd_ppin arat npt lbrv svm_lock nrip_save tsc_scale vmcb_clean flushbyasid decodeassists pausefilter pfthreshold avic v_vmsave_vmload vgif v_spec_ctrl umip rdpid overflow_recov succor smca sev sev_es

Online cpus: 0-63
Offline cpus: 
BIOS frequency limitation: 2800000
Frequency switch latency (ns): 0
Available cpu frequencies: 2800000 2000000 1500000 
Current governor: schedutil
Core performance/turbo boost: 1

Memory: 4k page, physical 29296872k(15113504k free), swap 2097148k(2096624k free)
Page Sizes: 4k

vm_info: OpenJDK 64-Bit Server VM (21.0.7+6-Ubuntu-0ubuntu122.04) for linux-amd64 JRE (21.0.7+6-Ubuntu-0ubuntu122.04), built on 2025-04-17T05:57:30Z by "buildd" with gcc 12.3.0

END.
